mtllib miku2.mtl

v 0.506168 1.103866 0.031769
v 0.511166 1.102421 -0.010380
v 0.483929 1.119265 0.008767
v 0.557440 1.069370 0.053125
v 0.554895 1.095137 0.042783
v 0.540596 1.083291 0.049748
v 0.540596 1.083291 0.049748
v 0.534782 1.101967 0.029022
v 0.558885 1.110318 0.044766
v 0.522205 1.133884 0.028232
v 0.580989 1.108041 0.039078
v 0.551787 1.099473 0.053638
v 0.539697 1.088198 0.057065
v 0.507881 1.114073 0.046126
v 0.554895 1.095137 0.042783
v 0.551787 1.099473 0.053638
v 0.523231 1.131145 -0.005810
v 0.586761 1.105353 0.006389
v 0.567169 1.088727 -0.001071
v 0.554895 1.095137 0.042783
v 0.576948 1.097187 0.040406
v 0.570378 1.096254 -0.021579
v 0.581711 1.101220 -0.010002
v 0.520988 1.125138 -0.016530
v 0.585946 1.107352 0.023914
v 0.567295 1.089180 0.025174
v 0.631774 1.059726 0.004843
v 0.640932 1.066363 -0.003189
v 0.630817 1.057449 -0.002676
v 0.618560 1.064145 0.004809
v 0.581384 1.090315 0.008346
v 0.586761 1.105353 0.006389
v 0.603690 1.089239 0.003575
v 0.602757 1.086694 -0.005801
v 0.581711 1.101220 -0.010002
v 0.575612 1.088307 -0.007280
v 0.597783 1.075025 -0.004432
v 0.618198 1.063238 -0.003314
v 0.597783 1.075025 -0.004432
v 0.598111 1.076184 0.004994
v 0.618198 1.063238 -0.003314
v 0.581384 1.090315 0.008346
v 0.608554 1.091423 0.011152
v 0.586761 1.105353 0.006389
v 0.581384 1.090315 0.008346
v 0.608487 1.091079 0.020562
v 0.580997 1.094683 0.024812
v 0.585946 1.107352 0.023914
v 0.639260 1.064985 0.032828
v 0.639352 1.066086 0.040825
v 0.649123 1.072117 0.032366
v 0.580997 1.094683 0.024812
v 0.604252 1.083224 0.030038
v 0.609251 1.092986 0.028257
v 0.580997 1.094683 0.024812
v 0.604269 1.084459 0.040094
v 0.604252 1.083224 0.030038
v 0.585946 1.107352 0.023914
v 0.608596 1.092986 0.039011
v 0.580989 1.108041 0.039078
v 0.625222 1.072689 0.040599
v 0.625482 1.071395 0.032122
v 0.604269 1.084459 0.040094
v 0.625222 1.072689 0.040599
v 0.604143 1.079242 0.022317
v 0.627843 1.066808 0.022696
v 0.603698 1.078167 0.012858
v 0.604143 1.079242 0.022317
v 0.627843 1.066808 0.022696
v 0.613905 1.057105 -0.009498
v 0.623416 1.061381 -0.017622
v 0.613124 1.056105 -0.016698
v 0.581711 1.101220 -0.010002
v 0.594011 1.086080 -0.011338
v 0.575612 1.088307 -0.007280
v 0.591440 1.083619 -0.021486
v 0.607529 1.071631 -0.018857
v 0.618341 1.063624 -0.017950
v 0.608924 1.073949 -0.011078
v 0.565892 1.089021 -0.021042
v 0.575612 1.088307 -0.007280
v 0.586290 1.075991 -0.018588
v 0.603698 1.078167 0.012858
v 0.581384 1.090315 0.008346
v 0.587298 1.077318 -0.009355
v 0.603908 1.065598 -0.009590
v 0.587298 1.077318 -0.009355
v 0.603908 1.065598 -0.009590
v 0.644553 1.060028 0.022603
v 0.654223 1.068001 0.014395
v 0.644310 1.059037 0.014748
v 0.654382 1.068589 0.020906
v 0.507881 1.114073 0.046126
v 0.539697 1.088198 0.057065
v 0.484753 1.122954 -0.003584
v 0.565892 1.089021 -0.021042
v 0.565892 1.089021 -0.021042
v 0.586290 1.075991 -0.018588
v 0.622970 1.073193 -0.004525
v 0.636538 1.069497 0.003465
v 0.623357 1.074193 0.003700
v 0.630817 1.057449 -0.002676
v 0.635572 1.067203 -0.003659
v 0.489004 1.130162 0.030760
v 0.485366 1.121408 0.022502
v 0.489004 1.130162 0.030760
v 0.493271 1.142075 0.027073
v 0.648485 1.069035 0.013487
v 0.644310 1.059037 0.014748
v 0.654223 1.068001 0.014395
v 0.648712 1.070001 0.021192
v 0.648485 1.069035 0.013487
v 0.570513 1.061642 0.064677
v 0.555357 1.071437 0.060821
v 0.579720 1.064212 0.065382
v 0.577603 1.066254 0.055226
v 0.573504 1.059087 0.055343
v 0.551787 1.099473 0.053638
v 0.565942 1.080864 0.060980
v 0.539697 1.088198 0.057065
v 0.566321 1.077335 0.052814
v 0.613124 1.056105 -0.016698
v 0.619114 1.064615 -0.011346
v 0.624306 1.062775 -0.012144
v 0.613905 1.057105 -0.009498
v 0.619114 1.064615 -0.011346
v 0.618341 1.063624 -0.017950
v 0.624306 1.062775 -0.012144
v 0.643671 1.073462 0.031626
v 0.639260 1.064985 0.032828
v 0.649123 1.072117 0.032366
v 0.643764 1.074554 0.039608
v 0.643671 1.073462 0.031626
v 0.649216 1.072933 0.039062
v 0.644553 1.060028 0.022603
v 0.648712 1.070001 0.021192
v 0.627431 1.065716 0.013858
v 0.627431 1.065716 0.013858
v 0.639352 1.066086 0.040825
v 0.643764 1.074554 0.039608
v 0.625482 1.071395 0.032122
v 0.602858 1.064077 -0.017715
v 0.602858 1.064077 -0.017715
v 0.576948 1.097187 0.040406
v 0.576948 1.097187 0.040406
v 0.580997 1.094683 0.024812
v 0.575612 1.088307 -0.007280
v 0.581384 1.090315 0.008346
v 0.554895 1.095137 0.042783
v 0.566321 1.077335 0.052814
v 0.576007 1.068824 0.063433
v 0.577603 1.066254 0.055226
v 0.555357 1.071437 0.060821
v 0.579720 1.064212 0.065382
v 0.570513 1.061642 0.064677
v 0.576007 1.068824 0.063433
v 0.575360 1.057835 0.065912
v 0.641545 1.067564 0.003053
v 0.631774 1.059726 0.004843
v 0.641545 1.067564 0.003053
v 0.635572 1.067203 -0.003659
v 0.640932 1.066363 -0.003189
v 0.636538 1.069497 0.003465
v 0.539697 1.088198 0.057065
v 0.623416 1.061381 -0.017622
v 0.629893 1.079923 0.030752
v 0.598111 1.076184 0.004994
v 0.618560 1.064145 0.004809
v 0.649216 1.072933 0.039062
v 0.654382 1.068589 0.020906
v 0.575360 1.057835 0.065912
v 0.580997 1.094683 0.024812
v 0.576948 1.097187 0.040406
v 0.570378 1.096254 -0.021579
v 0.490197 1.138009 -0.007213
v 0.492600 1.143621 -0.000433
v 0.632237 1.077301 0.021275
v 0.632102 1.076889 0.012673
v 0.494448 1.146637 0.015555
v 0.629347 1.080594 0.038961
v 0.484753 1.122954 -0.003584
v 0.575612 1.088307 -0.007280
v -0.501950 1.117703 0.002524
v -0.506335 1.128801 0.000903
v -0.520727 1.116745 0.011496
v 0.501950 1.117703 0.002524
v 0.520727 1.116745 0.011496
v 0.506335 1.128801 0.000903
v 0.317963 1.207462 -0.004667
v 0.322911 1.219131 -0.011648
v 0.294044 1.203900 -0.022822
v 0.275032 1.206202 0.008019
v 0.318358 1.208411 0.024812
v 0.316492 1.204017 0.009237
v 0.322911 1.219131 -0.011648
v 0.328817 1.233036 -0.006524
v 0.350745 1.238043 -0.023620
v 0.304227 1.229423 -0.034517
v 0.432296 1.175033 0.039817
v 0.345392 1.237791 0.046429
v 0.321365 1.224886 0.051898
v -0.322911 1.219131 -0.011648
v -0.317963 1.207462 -0.004668
v -0.294044 1.203900 -0.022822
v -0.275032 1.206202 0.008019
v -0.324558 1.223013 0.029719
v -0.329497 1.234657 0.023695
v -0.321365 1.224886 0.051898
v -0.350745 1.238043 -0.023620
v -0.347274 1.248292 0.010169
v -0.328817 1.233036 -0.006524
v -0.304227 1.229423 -0.034517
v -0.322911 1.219131 -0.011648
v -0.345392 1.237791 0.046429
v -0.432296 1.175033 0.039817
v -0.089969 1.296297 0.006237
v -0.083425 1.259189 -0.005255
v -0.090062 1.309671 -0.007490
v -0.084727 1.294205 -0.021361
v -0.000000 1.341966 0.095794
v -0.000000 1.388459 0.058459
v 0.042376 1.342025 0.090822
v -0.484753 1.122954 -0.003584
v -0.483929 1.119265 0.008767
v -0.317963 1.207462 -0.004668
v -0.329497 1.234657 0.023695
v -0.324558 1.223013 0.029719
v -0.493271 1.142075 0.027072
v -0.494448 1.146637 0.015555
v -0.492600 1.143621 -0.000433
v -0.331573 1.239538 0.009321
v -0.328817 1.233036 -0.006524
v -0.490197 1.138009 -0.007213
v -0.484753 1.122954 -0.003584
v -0.322911 1.219131 -0.011648
v -0.317963 1.207462 -0.004668
v -0.501950 1.117703 0.002524
v -0.520727 1.116745 0.011496
v -0.500774 1.114325 0.010556
v -0.501547 1.115686 0.019931
v -0.504311 1.122307 0.025401
v -0.520727 1.116745 0.011496
v -0.507932 1.131548 0.022712
v -0.483929 1.119265 0.008767
v -0.484753 1.122954 -0.003584
v -0.500774 1.114325 0.010556
v -0.501950 1.117703 0.002524
v -0.490197 1.138009 -0.007213
v -0.506335 1.128801 0.000903
v -0.492600 1.143621 -0.000433
v -0.494448 1.146637 0.015555
v -0.509335 1.135413 0.016470
v -0.504311 1.122307 0.025401
v -0.507932 1.131548 0.022712
v -0.493271 1.142075 0.027072
v -0.500774 1.114325 0.010556
v -0.501547 1.115686 0.019931
v -0.485366 1.121408 0.022502
v 0.485366 1.121408 0.022502
v 0.483929 1.119265 0.008767
v 0.316492 1.204017 0.009237
v 0.318358 1.208411 0.024812
v 0.493271 1.142075 0.027073
v 0.489004 1.130162 0.030760
v 0.324558 1.223013 0.029719
v 0.492600 1.143621 -0.000433
v 0.494448 1.146637 0.015555
v 0.331573 1.239538 0.009321
v 0.328817 1.233036 -0.006524
v 0.322911 1.219131 -0.011648
v 0.490197 1.138009 -0.007213
v 0.317963 1.207462 -0.004667
v 0.484753 1.122954 -0.003584
v 0.501950 1.117703 0.002524
v 0.500774 1.114325 0.010556
v 0.520727 1.116745 0.011496
v 0.501547 1.115686 0.019931
v 0.509335 1.135413 0.016470
v 0.508175 1.133153 0.005187
v 0.520727 1.116745 0.011496
v 0.483929 1.119265 0.008767
v 0.500774 1.114325 0.010556
v 0.484753 1.122954 -0.003584
v 0.501950 1.117703 0.002524
v 0.490197 1.138009 -0.007213
v 0.506335 1.128801 0.000903
v 0.508175 1.133153 0.005187
v 0.509335 1.135413 0.016470
v 0.492600 1.143621 -0.000433
v 0.494448 1.146637 0.015555
v 0.501547 1.115686 0.019931
v 0.500774 1.114325 0.010556
v 0.485366 1.121408 0.022502
v -0.203722 1.311738 -0.012666
v -0.194119 1.291962 -0.022629
v -0.196674 1.318770 -0.001475
v -0.184559 1.296389 -0.019017
v -0.195069 1.315839 0.021578
v -0.205109 1.327205 0.019008
v -0.196674 1.318770 -0.001475
v -0.205285 1.327474 0.001407
v -0.184148 1.295768 0.035751
v -0.173822 1.276335 0.027577
v -0.192129 1.288736 0.040791
v -0.174259 1.261289 0.007850
v -0.180258 1.269883 0.031727
v -0.498791 1.067362 -0.039424
v -0.487063 1.066884 -0.045019
v -0.521861 1.113351 -0.063813
v -0.512477 1.118283 -0.070735
v -0.523709 1.166144 0.058552
v -0.510586 1.120576 0.094064
v -0.531120 1.158037 0.064811
v -0.520357 1.114981 0.087629
v -0.495305 1.069430 0.063341
v -0.484652 1.068421 0.069054
v -0.474529 1.045091 0.012161
v -0.047963 1.373144 0.079698
v -0.017819 1.398549 0.070155
v -0.052625 1.363129 0.090326
v -0.014282 1.396062 0.074145
v -0.000000 1.341966 0.095794
v -0.042376 1.342025 0.090822
v -0.000000 1.388459 0.058459
v -0.026187 1.396616 0.046706
v 0.089969 1.296297 0.006237
v 0.090062 1.309671 -0.007490
v 0.083425 1.259189 -0.005255
v 0.084727 1.294205 -0.021361
v -0.008973 1.382410 0.079169
v 0.008973 1.382410 0.079169
v -0.012325 1.347065 0.102885
v 0.012325 1.347065 0.102885
v -0.000000 1.414141 0.064366
v 0.015366 1.407252 0.061014
v 0.008973 1.382410 0.079169
v 0.047963 1.373144 0.079698
v 0.052625 1.363129 0.090326
v 0.017819 1.398549 0.070155
v 0.014282 1.396062 0.074145
v 0.194119 1.291962 -0.022629
v 0.203722 1.311738 -0.012666
v 0.196674 1.318770 -0.001475
v 0.184559 1.296389 -0.019017
v 0.195069 1.315839 0.021578
v 0.196674 1.318770 -0.001475
v 0.205109 1.327205 0.019008
v 0.205285 1.327474 0.001407
v 0.184148 1.295768 0.035751
v 0.195069 1.315839 0.021578
v 0.192129 1.288736 0.040791
v 0.180258 1.269883 0.031727
v 0.174259 1.261289 0.007850
v 0.173822 1.276335 0.027577
v 0.184559 1.296389 -0.019017
v 0.175814 1.279511 -0.009969
v 0.183374 1.271715 -0.013565
v 0.512477 1.118283 -0.070735
v 0.487063 1.066884 -0.045019
v 0.521861 1.113351 -0.063812
v 0.532464 1.159163 -0.041044
v 0.526331 1.168329 -0.034131
v 0.531120 1.158037 0.064811
v 0.520357 1.114981 0.087629
v 0.510586 1.120576 0.094064
v 0.474529 1.045091 0.012161
v 0.484652 1.068421 0.069054
v 0.495305 1.069430 0.063341
v 0.487559 1.048098 0.012270
v 0.498791 1.067362 -0.039424
v 0.195069 1.315839 0.021578
v 0.184148 1.295768 0.035751
v 0.156633 1.328524 0.029710
v 0.196674 1.318770 -0.001475
v 0.162615 1.341193 0.008817
v 0.159985 1.333934 -0.008768
v 0.184559 1.296389 -0.019017
v 0.203722 1.311738 -0.012666
v 0.194119 1.291962 -0.022629
v 0.285231 1.258516 -0.023335
v 0.289994 1.269261 0.008044
v 0.207453 1.318207 -0.000374
v 0.206990 1.317393 0.020965
v 0.286357 1.259147 0.036356
v 0.257456 1.254979 0.045009
v 0.192129 1.288736 0.040791
v 0.174259 1.261289 0.007850
v 0.180258 1.269883 0.031727
v 0.279401 1.215208 0.035793
v 0.275032 1.206202 0.008019
v 0.263194 1.221862 -0.019698
v 0.183374 1.271715 -0.013565
v 0.304227 1.229423 -0.034517
v 0.512477 1.118283 -0.070735
v 0.350745 1.238043 -0.023620
v 0.321365 1.224886 0.051898
v 0.510586 1.120576 0.094064
v 0.484652 1.068421 0.069054
v 0.474529 1.045091 0.012161
v 0.487063 1.066884 -0.045019
v 0.512477 1.118283 -0.070735
v 0.304227 1.229423 -0.034517
v -0.194119 1.291962 -0.022629
v -0.203722 1.311738 -0.012666
v -0.285231 1.258516 -0.023335
v -0.289994 1.269261 0.008044
v -0.207453 1.318207 -0.000374
v -0.206990 1.317393 0.020965
v -0.257456 1.254979 0.045009
v -0.286357 1.259147 0.036356
v -0.192129 1.288736 0.040791
v -0.180258 1.269883 0.031727
v -0.174259 1.261289 0.007850
v -0.279401 1.215208 0.035793
v -0.263194 1.221862 -0.019698
v -0.275032 1.206202 0.008019
v -0.183374 1.271715 -0.013565
v -0.512477 1.118283 -0.070735
v -0.304227 1.229423 -0.034517
v -0.350745 1.238043 -0.023620
v -0.487063 1.066884 -0.045019
v -0.294044 1.203900 -0.022822
v -0.304227 1.229423 -0.034517
v -0.512477 1.118283 -0.070735
v 0.439470 1.179646 0.013967
v 0.347274 1.248292 0.010169
v 0.523709 1.166144 0.058552
v 0.349955 1.237791 0.046429
v -0.523709 1.166144 0.058552
v -0.349955 1.237791 0.046429
v -0.321365 1.224886 0.051898
v -0.439470 1.179646 0.013967
v -0.484652 1.068421 0.069054
v -0.474529 1.045091 0.012161
v -0.526331 1.168329 -0.034131
v -0.532464 1.159163 -0.041045
v -0.538394 1.178696 0.012270
v 0.523709 1.166144 0.058552
v 0.530102 1.184132 0.012161
v 0.202479 1.307865 0.035810
v 0.352315 1.248292 0.010169
v 0.530102 1.184132 0.012161
v 0.349955 1.237791 0.046429
v -0.352315 1.248292 0.010169
v -0.349955 1.237791 0.046429
v -0.530102 1.184132 0.012161
v -0.202479 1.307865 0.035810
v 0.487063 1.066884 -0.045019
v -0.512477 1.118283 -0.070735
v -0.432959 1.176621 -0.012833
v -0.510586 1.120576 0.094064
v -0.526331 1.168329 -0.034131
v -0.350745 1.238043 -0.023620
v -0.530102 1.184132 0.012161
v -0.526331 1.168329 -0.034131
v -0.487063 1.066884 -0.045019
v -0.498791 1.067362 -0.039424
v 0.432959 1.176621 -0.012833
v 0.512477 1.118283 -0.070735
v 0.523709 1.166144 0.058552
v -0.526331 1.168329 -0.034131
v 0.510586 1.120576 0.094064
v 0.523709 1.166144 0.058552
v 0.530102 1.184132 0.012161
v 0.526331 1.168329 -0.034131
v 0.526331 1.168329 -0.034131
v 0.538394 1.178696 0.012270
v -0.183374 1.271715 -0.013565
v -0.170747 1.271160 0.008287
v -0.202479 1.307865 0.035810
v -0.195069 1.315839 0.021578
v -0.175814 1.279511 -0.009969
v 0.170747 1.271160 0.008287
v 0.202479 1.307865 0.035810
v 0.279401 1.215208 0.035793
v 0.324558 1.223013 0.029719
v -0.523709 1.166144 0.058552
v -0.523709 1.166144 0.058552
v 0.329497 1.234657 0.023695
v 0.329497 1.234657 0.023695
v 0.526331 1.168329 -0.034131
v 0.350745 1.238043 -0.023620
v -0.485366 1.121408 0.022502
v -0.489004 1.130162 0.030760
v -0.318358 1.208411 0.024812
v -0.489004 1.130162 0.030760
v -0.316492 1.204017 0.009237
v -0.316492 1.204017 0.009237
v -0.279401 1.215208 0.035793
v -0.510586 1.120576 0.094064
v 0.050113 1.326407 0.097786
v 0.018676 1.326625 0.101399
v -0.487559 1.048098 0.012270
v -0.288928 1.237782 -0.036206
v -0.278619 1.212881 -0.024797
v -0.273629 1.246150 -0.030821
v -0.304227 1.229423 -0.034517
v 0.498791 1.067362 -0.039424
v -0.530102 1.184132 0.012161
v 0.304227 1.229423 -0.034517
v 0.273629 1.246150 -0.030820
v 0.071133 1.333296 0.058787
v 0.063900 1.323467 0.083621
v -0.318358 1.208411 0.024812
v 0.050113 1.326407 0.097786
v 0.060321 1.303405 0.108178
v 0.020465 1.304169 0.115034
v 0.294044 1.203900 -0.022822
v 0.173822 1.276335 0.027577
v 0.147030 1.313259 0.035843
v 0.000000 1.386795 -0.026242
v 0.000000 1.400985 -0.024822
v -0.037369 1.385955 -0.018202
v 0.037369 1.385955 -0.018202
v 0.489004 1.130162 0.030760
v 0.504311 1.122307 0.025401
v 0.507932 1.131548 0.022712
v 0.504311 1.122307 0.025401
v 0.493271 1.142075 0.027073
v 0.507932 1.131548 0.022712
v -0.508175 1.133153 0.005187
v -0.509335 1.135413 0.016470
v -0.508175 1.133153 0.005187
v 0.018676 1.326625 0.101399
v 0.026187 1.396616 0.046706
v -0.194119 1.291962 -0.022629
v -0.184559 1.296389 -0.019017
v 0.194119 1.291962 -0.022629
v 0.194119 1.291962 -0.022629
v -0.352315 1.248292 0.010169
v -0.206990 1.317393 0.020965
v -0.031815 1.401657 -0.012859
v 0.063900 1.323467 0.083621
v 0.352315 1.248292 0.010169
v -0.008973 1.382410 0.079169
v 0.206990 1.317393 0.020965
v 0.331573 1.239538 0.009321
v -0.331573 1.239538 0.009321
v 0.138612 1.300422 0.027072
v 0.149467 1.318426 -0.019118
v -0.195069 1.315839 0.021578
v -0.124078 1.348629 0.032290
v -0.184148 1.295768 0.035751
v 0.206990 1.317393 0.020965
v -0.206990 1.317393 0.020965
v 0.207453 1.318207 -0.000374
v -0.194119 1.291962 -0.022629
v -0.273629 1.246150 -0.030821
v 0.069293 1.301019 0.093451
v -0.483929 1.119265 0.008767
v -0.207453 1.318207 -0.000374
v 0.207453 1.318207 -0.000374
v 0.504311 1.122307 0.025401
v 0.288928 1.237782 -0.036205
v 0.278619 1.212881 -0.024797
v 0.273629 1.246150 -0.030820
v 0.288928 1.237782 -0.036205
v 0.031815 1.401657 -0.012859
v -0.288928 1.237782 -0.036206
v 0.317963 1.207462 -0.004667
v -0.015366 1.407252 0.061014
v -0.207453 1.318207 -0.000374
v -0.504311 1.122307 0.025401
v 0.506335 1.128801 0.000903
v 0.483929 1.119265 0.008767
v 0.484753 1.122954 -0.003584
v -0.506335 1.128801 0.000903
v -0.005889 1.429432 0.064719
v -0.017819 1.398549 0.070155
v -0.034000 1.435884 0.046908
v 0.101504 1.350762 -0.019622
v 0.079980 1.334549 -0.024503
v 0.092977 1.321652 -0.007885
v -0.083425 1.259189 -0.005255
v -0.089969 1.296297 0.006237
v -0.087759 1.247376 0.032810
v -0.086987 1.295633 0.031887
v -0.086146 1.267909 0.057754
v 0.069798 1.127507 0.083286
v 0.054171 1.221123 0.113958
v 0.086146 1.267909 0.057754
v 0.114787 1.072806 0.042565
v 0.161480 0.995524 0.038465
v 0.116693 1.031254 0.090066
v -0.000000 1.223593 0.129223
v 0.040796 1.124802 0.109237
v -0.040856 1.401245 -0.014715
v -0.045711 1.395222 -0.015900
v 0.000000 1.403009 -0.033224
v 0.000000 1.396297 -0.034820
v 0.045711 1.395222 -0.015900
v -0.017819 1.398549 0.070155
v -0.005889 1.429432 0.064719
v -0.014282 1.396062 0.074145
v -0.000000 1.428877 0.061198
v 0.000000 1.429902 -0.010892
v -0.020449 1.428272 0.003700
v 0.000000 1.399582 -0.015665
v -0.018768 1.400784 0.002029
v -0.025431 1.426415 0.028123
v -0.028405 1.400666 0.028618
v -0.020004 1.399565 0.041632
v -0.019373 1.424635 0.042951
v -0.000000 1.424442 0.049084
v 0.019373 1.424635 0.042951
v -0.000000 1.399565 0.053612
v 0.018768 1.400784 0.002029
v 0.028405 1.400666 0.028618
v 0.020449 1.428272 0.003700
v -0.044107 1.178267 -0.008532
v -0.049315 1.245579 -0.031938
v -0.068874 1.141974 0.026148
v -0.083425 1.259189 -0.005255
v -0.087759 1.247376 0.032810
v -0.054171 1.221123 0.113958
v -0.000000 1.223593 0.129223
v -0.040796 1.124802 0.109237
v -0.069798 1.127507 0.083286
v -0.049928 1.072806 0.118773
v -0.116693 1.031254 0.090066
v -0.087759 1.247376 0.032810
v -0.086146 1.267909 0.057754
v -0.080308 1.303715 0.064164
v -0.064647 1.291516 0.112404
v -0.034000 1.435884 0.046908
v -0.034689 1.401691 0.035188
v -0.028522 1.441555 -0.008582
v -0.000000 1.428877 0.061198
v -0.000000 1.388459 0.058459
v -0.005889 1.429432 0.064719
v -0.026187 1.396616 0.046706
v -0.034689 1.401691 0.035188
v -0.034000 1.435884 0.046908
v -0.028522 1.441555 -0.008582
v -0.040856 1.401245 -0.014715
v 0.000000 1.443655 -0.020353
v 0.000000 1.403009 -0.033224
v 0.040856 1.401245 -0.014715
v 0.051307 1.389971 0.033223
v 0.028522 1.441555 -0.008582
v 0.017819 1.398549 0.070155
v 0.034000 1.435884 0.046908
v 0.047963 1.373144 0.079698
v 0.083425 1.259189 -0.005255
v 0.087759 1.247376 0.032810
v 0.089969 1.296297 0.006237
v 0.086987 1.295633 0.031887
v 0.083635 1.313427 0.051175
v 0.086146 1.267909 0.057754
v 0.084139 1.340194 0.040884
v 0.090062 1.309671 -0.007490
v 0.089969 1.296297 0.006237
v 0.095758 1.315931 0.007531
v -0.018256 1.291315 0.132139
v -0.012325 1.347065 0.102885
v 0.012325 1.347065 0.102885
v 0.051307 1.389971 0.033223
v 0.040856 1.401245 -0.014715
v 0.059195 1.385938 0.033289
v 0.045711 1.395222 -0.015900
v 0.051307 1.389971 0.033223
v 0.059195 1.385938 0.033289
v 0.047963 1.373144 0.079698
v 0.052625 1.363129 0.090326
v 0.017819 1.398549 0.070155
v 0.014282 1.396062 0.074145
v 0.005889 1.429432 0.064719
v 0.049315 1.245579 -0.031938
v 0.068874 1.141974 0.026148
v 0.083425 1.259189 -0.005255
v 0.073158 1.360307 -0.021714
v 0.064530 1.377512 -0.010641
v 0.037369 1.385955 -0.018202
v 0.059195 1.383015 0.008817
v 0.034689 1.401691 0.035188
v 0.031815 1.401657 -0.012859
v 0.054793 1.292709 -0.042633
v 0.050970 1.344134 -0.038104
v 0.000000 1.344150 -0.037802
v 0.000000 1.297624 -0.039432
v 0.000000 1.245579 -0.028745
v 0.000000 1.178267 -0.013186
v 0.044107 1.178267 -0.008532
v 0.005889 1.429432 0.064719
v 0.034000 1.435884 0.046908
v 0.026187 1.396616 0.046706
v 0.059397 1.377898 0.029005
v 0.034689 1.401691 0.035188
v 0.059195 1.383015 0.008817
v 0.084727 1.294205 -0.021361
v 0.090062 1.309671 -0.007490
v 0.086987 1.361071 0.040582
v 0.062170 1.361667 0.045556
v 0.112199 1.371783 0.008817
v 0.106049 1.359063 0.034390
v 0.086146 1.375975 0.027013
v 0.118441 1.340126 -0.019134
v 0.092977 1.321652 -0.007885
v 0.149467 1.318426 -0.019118
v 0.137134 1.299052 -0.010112
v 0.095615 1.319031 0.025955
v 0.110838 1.329961 0.037188
v 0.147030 1.313259 0.035843
v 0.106049 1.359063 0.034390
v 0.112199 1.371783 0.008817
v 0.132563 1.360264 0.008817
v 0.159985 1.333934 -0.008768
v 0.162615 1.341193 0.008817
v 0.128665 1.354702 -0.008423
v 0.138612 1.300422 0.027072
v 0.173822 1.276335 0.027577
v 0.134160 1.294045 0.007909
v 0.175814 1.279511 -0.009969
v 0.086146 1.377420 -0.010901
v 0.073158 1.360307 -0.021714
v 0.073158 1.360307 -0.021714
v 0.086146 1.377420 -0.010901
v 0.064530 1.377512 -0.010641
v 0.059397 1.377898 0.029005
v 0.059195 1.383015 0.008817
v 0.086146 1.381091 0.008817
v -0.075998 1.031859 -0.027124
v 0.000000 0.949929 -0.068719
v 0.000000 1.031859 -0.042691
v 0.087759 1.247376 0.032810
v 0.077334 1.140688 0.045455
v 0.087759 1.247376 0.032810
v -0.031815 1.401657 -0.012859
v 0.000000 1.443655 -0.020353
v 0.000000 1.400985 -0.024822
v 0.161480 0.995524 0.038465
v 0.114787 1.072806 0.042565
v 0.104335 1.072806 0.000004
v 0.000000 1.045192 -0.076398
v 0.041527 1.130901 -0.008910
v 0.000000 1.124810 -0.012539
v -0.114787 1.072806 0.042565
v -0.104335 1.072806 0.000004
v -0.072965 1.058466 -0.053151
v -0.041527 1.130901 -0.008910
v 0.025431 1.426415 0.028123
v 0.028522 1.441555 -0.008582
v 0.095758 1.315931 0.007531
v 0.092977 1.321652 -0.007885
v -0.084727 1.294205 -0.021361
v 0.086146 1.375975 0.027013
v 0.086146 1.381091 0.008817
v 0.072965 1.058466 -0.053151
v 0.071133 1.333296 0.058787
v 0.042376 1.342025 0.090822
v 0.062170 1.361667 0.045556
v 0.020004 1.399565 0.041632
v 0.034000 1.435884 0.046908
v 0.071133 1.333296 0.058787
v 0.040856 1.401245 -0.014715
v 0.124078 1.348629 0.032290
v 0.020986 0.887912 0.025762
v -0.000000 0.897296 0.065416
v 0.048433 0.929851 0.077556
v -0.042376 1.342025 0.090822
v -0.071133 1.333296 0.058787
v -0.000000 1.341966 0.095794
v 0.084139 1.340194 0.040884
v -0.000000 1.292499 0.127409
v 0.020465 1.304169 0.115034
v 0.064647 1.291516 0.112404
v -0.000000 1.292499 0.127409
v 0.080308 1.303715 0.064164
v 0.069293 1.301019 0.093451
v -0.000000 1.052030 0.137196
v -0.000000 1.124810 0.121679
v 0.049928 1.072806 0.118773
v -0.000000 1.052030 0.137196
v -0.000000 1.124810 0.121679
v 0.026330 1.226541 0.149890
v 0.018256 1.291315 0.132139
v 0.040755 1.029112 0.162971
v -0.000663 1.088584 0.165778
v 0.036696 1.088072 0.157696
v -0.000689 0.975655 0.173011
v -0.041393 1.030271 0.162753
v 0.170747 1.271160 0.008287
v -0.000369 1.137312 0.163291
v -0.026330 1.226541 0.149890
v -0.035118 1.137429 0.155175
v 0.101504 1.350762 -0.019622
v 0.109645 1.367557 -0.008725
v 0.086146 1.377420 -0.010901
v 0.118441 1.340126 -0.019134
v 0.149467 1.318426 -0.019118
v 0.184559 1.296389 -0.019017
v -0.000000 1.341966 0.095794
v 0.018676 1.326625 0.101399
v 0.063900 1.323467 0.083621
v 0.005889 1.429432 0.064719
v -0.077334 1.140688 0.045455
v 0.084727 1.294205 -0.021361
v 0.079980 1.334549 -0.024503
v 0.000000 1.386795 -0.026242
v 0.075998 1.031859 -0.027124
v 0.162615 1.341193 0.008817
v 0.156633 1.328524 0.029710
v 0.132563 1.360264 0.008817
v 0.124078 1.348629 0.032290
v 0.156633 1.328524 0.029710
v -0.000000 1.388459 0.058459
v 0.086987 1.361071 0.040582
v -0.114787 1.072806 0.042565
v 0.095615 1.319031 0.025955
v -0.000554 1.107218 0.164819
v -0.000479 1.119106 0.164223
v 0.034580 1.118610 0.156141
v -0.038520 1.088954 0.157662
v -0.038520 1.088954 0.157662
v -0.037209 1.107495 0.156712
v -0.000663 1.088584 0.165778
v -0.037209 1.107495 0.156712
v -0.036394 1.119316 0.156099
v -0.036394 1.119316 0.156099
v -0.035118 1.137429 0.155175
v -0.000479 1.119106 0.164223
v 0.101504 1.350762 -0.019622
v 0.101504 1.350762 -0.019622
v 0.092977 1.321652 -0.007885
v -0.000000 1.428877 0.061198
v 0.060321 1.303405 0.108178
v 0.077334 1.140688 0.045455
v -0.077334 1.140688 0.045455
v -0.000554 1.107218 0.164819
v -0.000369 1.137312 0.163291
v 0.080308 1.303715 0.064164
v 0.109645 1.367557 -0.008725
v 0.000000 1.463566 -0.009103
v 0.000000 1.462003 -0.009103
v -0.021171 1.461559 0.004540
v -0.026103 1.459105 0.028114
v -0.026103 1.457282 0.028114
v -0.021532 1.450738 0.046588
v -0.021532 1.449066 0.046588
v 0.021532 1.449066 0.046588
v 0.021532 1.450738 0.046588
v -0.000000 1.442681 0.053335
v 0.026103 1.457282 0.028114
v 0.026103 1.459105 0.028114
v 0.021171 1.461559 0.004540
v 0.021171 1.460054 0.004540
v -0.022247 1.030800 -0.053790
v -0.060985 1.030800 -0.041439
v -0.032950 0.958818 -0.084311
v 0.071839 0.927591 0.166558
v -0.000000 1.052030 0.137196
v 0.091776 0.946283 0.153335
v 0.139503 0.987341 0.090141
v 0.116693 1.031254 0.090066
v 0.161480 0.995524 0.038465
v -0.022247 1.030800 -0.053790
v -0.032950 0.958818 -0.084311
v 0.025347 1.031884 -0.049799
v 0.032950 0.958818 -0.087185
v 0.054852 1.031851 -0.044019
v 0.025347 1.031884 -0.049799
v 0.078778 0.958793 -0.080262
v 0.123768 0.959835 -0.052756
v 0.157515 0.855861 -0.078321
v 0.188331 0.870638 -0.010237
v 0.189692 0.866623 0.055166
v 0.156036 0.959348 -0.001399
v 0.162590 0.856777 0.102844
v 0.129699 0.958608 0.092073
v 0.152432 0.958499 0.053587
v 0.189692 0.866623 0.055166
v 0.111770 0.845015 0.143203
v 0.083349 0.958776 0.114815
v 0.129699 0.958608 0.092073
v 0.162590 0.856777 0.102844
v 0.025347 1.031884 -0.049799
v 0.036201 0.960373 -0.090142
v 0.054852 1.031851 -0.044019
v 0.115786 0.883778 -0.102114
v 0.064220 0.960801 -0.087932
v 0.100992 0.857264 -0.116261
v 0.187079 0.833748 -0.089444
v 0.069403 0.959087 0.126972
v 0.036991 0.958928 0.134533
v 0.057019 1.031825 0.107968
v 0.225977 0.858448 0.024460
v 0.225548 0.829354 0.023712
v 0.191431 0.864489 0.112782
v 0.115156 0.862590 0.158889
v 0.036991 0.958928 0.134533
v 0.130522 0.888080 0.147244
v 0.225977 0.858448 0.024460
v 0.189743 0.862725 -0.084202
v 0.225548 0.829354 0.023712
v 0.187079 0.833748 -0.089444
v 0.000000 1.429902 -0.010892
v -0.020449 1.428272 0.003700
v -0.021171 1.460054 0.004540
v -0.025431 1.426415 0.028123
v -0.019373 1.424635 0.042951
v 0.019373 1.424635 0.042951
v -0.000000 1.424442 0.049084
v 0.020449 1.428272 0.003700
v -0.000000 1.052030 0.137196
v 0.071839 0.927591 0.166558
v -0.000000 1.023819 0.142229
v 0.069218 0.914115 0.166558
v 0.067193 0.942897 -0.122285
v 0.000000 0.935429 -0.133811
v 0.070125 0.934732 -0.122839
v 0.000000 0.924482 -0.136542
v 0.125296 0.954198 -0.083085
v 0.159531 0.976562 -0.010028
v 0.122129 0.965632 -0.079716
v 0.159027 0.987038 -0.008456
v 0.159027 0.987038 -0.008456
v 0.159531 0.976562 -0.010028
v 0.161480 0.995524 0.038465
v 0.164824 0.985727 0.034054
v 0.140982 0.972882 0.090712
v 0.139503 0.987341 0.090141
v 0.091776 0.946283 0.153335
v 0.139503 0.987341 0.090141
v 0.095304 0.936546 0.156233
v 0.140982 0.972882 0.090712
v 0.091776 0.946283 0.153335
v 0.095304 0.936546 0.156233
v 0.071839 0.927591 0.166558
v 0.069218 0.914115 0.166558
v 0.122129 0.965632 -0.079716
v 0.159027 0.987038 -0.008456
v 0.104335 1.072806 0.000004
v 0.072965 1.058466 -0.053151
v 0.000000 1.045192 -0.076398
v 0.067193 0.942897 -0.122285
v 0.000000 0.935429 -0.133811
v 0.190205 0.834875 0.122427
v 0.096236 0.841999 -0.118379
v 0.161480 0.995524 0.038465
v 0.069403 0.959087 0.126972
v 0.049928 1.072806 0.118773
v 0.036201 0.960373 -0.090142
v -0.000000 1.444966 0.053335
v 0.025431 1.426415 0.028123
v 0.064220 0.960801 -0.087932
v 0.152432 0.958499 0.053587
v 0.067193 0.942897 -0.122285
v 0.189743 0.862725 -0.084202
v 0.070125 0.934732 -0.122839
v 0.037562 0.830330 -0.126578
v 0.032950 0.958818 -0.087185
v 0.028144 1.030783 0.115790
v 0.092691 1.031329 0.084991
v 0.092691 1.031329 0.084991
v 0.116417 1.030800 0.049932
v 0.116417 1.030800 0.049932
v 0.117080 1.030809 0.002406
v 0.093414 1.030817 -0.023167
v 0.065076 1.030977 0.103566
v 0.061052 1.030800 -0.041439
v -0.084727 1.294205 -0.021361
v -0.079980 1.334549 -0.024503
v -0.090062 1.309671 -0.007490
v 0.032950 0.958818 -0.087185
v -0.032950 0.958818 -0.084311
v -0.039351 0.830405 -0.124772
v -0.114787 1.072806 0.042565
v -0.116693 1.031254 0.090066
v -0.161480 0.995524 0.038465
v -0.086146 1.267909 0.057754
v -0.086987 1.295633 0.031887
v -0.083635 1.313427 0.051175
v -0.084139 1.340194 0.040884
v -0.071133 1.333296 0.058787
v -0.062170 1.361667 0.045556
v -0.086987 1.361071 0.040582
v -0.121129 0.960037 -0.045313
v -0.151450 0.959465 -0.004693
v -0.156104 0.856608 -0.070440
v -0.100253 0.841310 -0.111363
v -0.039351 0.830405 -0.124772
v -0.081190 0.958776 -0.075330
v -0.032950 0.958818 -0.084311
v -0.067193 0.942897 -0.122285
v -0.070125 0.934732 -0.122839
v 0.000000 0.935429 -0.133811
v 0.000000 0.924482 -0.136542
v -0.070125 0.934732 -0.122839
v -0.067193 0.942897 -0.122285
v -0.125296 0.954198 -0.083085
v -0.122129 0.965632 -0.079716
v -0.159027 0.987038 -0.008456
v -0.161480 0.995524 0.038465
v -0.159531 0.976562 -0.010028
v -0.164824 0.985727 0.034054
v -0.051307 1.389971 0.033223
v -0.059195 1.385938 0.033289
v -0.040856 1.401245 -0.014715
v -0.045711 1.395222 -0.015900
v -0.051307 1.389971 0.033223
v -0.047963 1.373144 0.079698
v -0.059195 1.385938 0.033289
v -0.052625 1.363129 0.090326
v -0.161480 0.995524 0.038465
v -0.159027 0.987038 -0.008456
v -0.104335 1.072806 0.000004
v -0.072965 1.058466 -0.053151
v -0.122129 0.965632 -0.079716
v -0.067193 0.942897 -0.122285
v 0.000000 0.935429 -0.133811
v 0.000000 1.045192 -0.076398
v -0.040856 1.401245 -0.014715
v -0.028522 1.441555 -0.008582
v -0.051307 1.389971 0.033223
v -0.034000 1.435884 0.046908
v -0.017819 1.398549 0.070155
v -0.047963 1.373144 0.079698
v -0.071133 1.333296 0.058787
v -0.062170 1.361667 0.045556
v -0.042376 1.342025 0.090822
v -0.026187 1.396616 0.046706
v -0.034689 1.401691 0.035188
v -0.059397 1.377898 0.029005
v -0.059195 1.383015 0.008817
v -0.064530 1.377512 -0.010641
v -0.073158 1.360307 -0.021714
v -0.037369 1.385955 -0.018202
v 0.000000 1.297624 -0.039432
v 0.000000 1.344150 -0.037802
v -0.054793 1.292709 -0.042633
v -0.050970 1.344134 -0.038104
v -0.034689 1.401691 0.035188
v -0.059195 1.383015 0.008817
v -0.031815 1.401657 -0.012859
v -0.084727 1.294205 -0.021361
v -0.049315 1.245579 -0.031938
v 0.000000 1.386795 -0.026242
v -0.159531 0.976562 -0.010028
v -0.159027 0.987038 -0.008456
v -0.181350 0.863876 -0.014135
v -0.114787 1.072806 0.042565
v -0.079980 1.334549 -0.024503
v -0.117441 1.030809 0.002406
v -0.093775 1.030817 -0.023167
v -0.060985 1.030800 -0.041439
v -0.080308 1.303715 0.064164
v -0.117441 1.030809 0.002406
v -0.117231 1.030800 0.051336
v -0.150106 0.958667 0.048101
v -0.048433 0.929851 0.077556
v -0.020986 0.887912 0.025762
v -0.032807 0.787273 0.087075
v 0.020340 0.787273 0.022359
v 0.020986 0.887912 0.025762
v 0.032807 0.787273 0.087075
v 0.048433 0.929851 0.077556
v -0.163396 0.861002 0.095022
v -0.127296 0.958600 0.085688
v -0.107587 0.845065 0.139230
v -0.085012 0.958767 0.110581
v 0.111770 0.845015 0.143203
v 0.043855 0.830363 0.163257
v 0.083349 0.958776 0.114815
v 0.034277 0.958810 0.129769
v -0.107587 0.845065 0.139230
v -0.085012 0.958767 0.110581
v -0.043855 0.830363 0.163257
v -0.034277 0.958810 0.129769
v -0.186046 0.872546 0.049487
v -0.150106 0.958667 0.048101
v -0.163396 0.861002 0.095022
v -0.127296 0.958600 0.085688
v -0.117231 1.030800 0.051336
v -0.043855 0.830363 0.163257
v -0.034277 0.958810 0.129769
v 0.043855 0.830363 0.163257
v 0.034277 0.958810 0.129769
v -0.020340 0.787273 0.022359
v -0.020986 0.887912 0.025762
v -0.036839 0.787029 -0.027057
v 0.020340 0.787273 0.022359
v 0.036839 0.787029 -0.027057
v 0.020986 0.887912 0.025762
v 0.028068 0.895557 -0.042952
v -0.084206 0.787273 -0.044733
v -0.081492 0.904647 -0.051160
v -0.128212 0.921836 -0.027275
v -0.129984 0.787273 -0.015135
v -0.140360 0.787273 0.045631
v -0.144040 0.920172 0.042750
v 0.140360 0.787273 0.045631
v 0.144040 0.920172 0.042750
v 0.129984 0.787273 -0.015135
v 0.128212 0.921836 -0.027275
v 0.081492 0.904647 -0.051160
v 0.084206 0.787273 -0.044733
v -0.140360 0.787273 0.045631
v -0.144040 0.920172 0.042750
v -0.078535 0.787273 0.100684
v -0.089188 0.926330 0.093661
v -0.113644 0.986509 -0.017900
v -0.083013 0.949929 -0.062981
v -0.075998 1.031859 -0.027124
v -0.113820 1.031859 0.025687
v -0.124683 0.989592 0.036675
v 0.000000 0.908847 -0.062233
v 0.000000 0.884232 0.001751
v 0.028068 0.895557 -0.042952
v 0.000000 0.949929 -0.068719
v 0.057716 0.927557 -0.069743
v 0.075998 1.031859 -0.027124
v 0.083013 0.949929 -0.062981
v 0.113644 0.986509 -0.017900
v 0.113820 1.031859 0.025687
v 0.124683 0.989592 0.036675
v 0.089541 1.031859 0.079992
v -0.048433 0.929851 0.077556
v -0.000000 1.031859 0.107153
v 0.048433 0.929851 0.077556
v -0.000000 0.897296 0.065416
v -0.020986 0.887912 0.025762
v -0.089851 0.972017 0.086049
v -0.124683 0.989592 0.036675
v -0.089541 1.031859 0.079992
v -0.000000 1.052030 0.137196
v -0.000000 1.023819 0.142229
v -0.071839 0.927591 0.166558
v -0.069218 0.914115 0.166558
v -0.139503 0.987341 0.090141
v -0.140982 0.972882 0.090712
v -0.161480 0.995524 0.038465
v -0.164824 0.985727 0.034054
v -0.091776 0.946283 0.153335
v -0.095304 0.936546 0.156233
v -0.139503 0.987341 0.090141
v -0.140982 0.972882 0.090712
v -0.091776 0.946283 0.153335
v -0.071839 0.927591 0.166558
v -0.095304 0.936546 0.156233
v -0.069218 0.914115 0.166558
v -0.161480 0.995524 0.038465
v -0.116693 1.031254 0.090066
v -0.139503 0.987341 0.090141
v -0.091776 0.946283 0.153335
v -0.049928 1.072806 0.118773
v -0.071839 0.927591 0.166558
v -0.000000 1.052030 0.137196
v 0.113820 1.031859 0.025687
v 0.124683 0.989592 0.036675
v -0.028068 0.895557 -0.042952
v -0.020986 0.887912 0.025762
v -0.028068 0.895557 -0.042952
v 0.140360 0.787273 0.045631
v 0.078535 0.787273 0.100684
v 0.144040 0.920172 0.042750
v -0.020340 0.787273 0.022359
v -0.057716 0.927557 -0.069743
v 0.089851 0.972017 0.086049
v 0.089188 0.926330 0.093661
v -0.048433 0.929851 0.077556
v -0.113820 1.031859 0.025687
v 0.000000 0.884232 0.001751
v -0.124683 0.989592 0.036675
v -0.113644 0.986509 -0.017900
v -0.124683 0.989592 0.036675
v -0.089851 0.972017 0.086049
v 0.124683 0.989592 0.036675
v 0.089851 0.972017 0.086049
v 0.124683 0.989592 0.036675
v 0.113644 0.986509 -0.017900
v 0.020986 0.887912 0.025762
v 0.020986 0.887912 0.025762
v 0.057716 0.927557 -0.069743
v -0.057716 0.927557 -0.069743
v 0.083013 0.949929 -0.062981
v -0.083013 0.949929 -0.062981
v -0.093767 1.031094 0.086402
v -0.093767 1.031094 0.086402
v -0.064799 1.031119 0.102961
v -0.064799 1.031119 0.102961
v 0.028144 1.030783 0.115790
v -0.028733 1.030800 0.115605
v 0.057019 1.031825 0.107968
v 0.065076 1.030977 0.103566
v -0.028733 1.030800 0.115605
v 0.028144 1.030783 0.115790
v 0.037562 0.830330 -0.126578
v 0.032950 0.958818 -0.087185
v -0.039351 0.830405 -0.124772
v -0.118441 1.340126 -0.019134
v -0.184559 1.296389 -0.019017
v -0.092977 1.321652 -0.007885
v -0.095615 1.319031 0.025955
v -0.095758 1.315931 0.007531
v -0.170747 1.271160 0.008287
v -0.173822 1.276335 0.027577
v -0.184148 1.295768 0.035751
v -0.084139 1.340194 0.040884
v -0.124078 1.348629 0.032290
v -0.106049 1.359063 0.034390
v -0.196674 1.318770 -0.001475
v -0.132563 1.360264 0.008817
v -0.195069 1.315839 0.021578
v -0.112199 1.371783 0.008817
v -0.109645 1.367557 -0.008725
v -0.086146 1.377420 -0.010901
v -0.086146 1.381091 0.008817
v -0.181350 0.863876 -0.014135
v -0.151450 0.959465 -0.004693
v -0.186046 0.872546 0.049487
v -0.150106 0.958667 0.048101
v -0.196674 1.318770 -0.001475
v -0.128665 1.354702 -0.008423
v -0.184559 1.296389 -0.019017
v -0.175814 1.279511 -0.009969
v -0.106049 1.359063 0.034390
v -0.086146 1.375975 0.027013
v -0.112199 1.371783 0.008817
v -0.110838 1.329961 0.037188
v -0.118441 1.340126 -0.019134
v -0.101504 1.350762 -0.019622
v -0.101504 1.350762 -0.019622
v -0.092977 1.321652 -0.007885
v -0.101504 1.350762 -0.019622
v -0.117441 1.030809 0.002406
v -0.109645 1.367557 -0.008725
v -0.090062 1.309671 -0.007490
v -0.079980 1.334549 -0.024503
v -0.092977 1.321652 -0.007885
v -0.101504 1.350762 -0.019622
v -0.073158 1.360307 -0.021714
v -0.086146 1.377420 -0.010901
v -0.095758 1.315931 0.007531
v -0.095615 1.319031 0.025955
v -0.086987 1.295633 0.031887
v -0.089969 1.296297 0.006237
v -0.090062 1.309671 -0.007490
v -0.073158 1.360307 -0.021714
v -0.064530 1.377512 -0.010641
v -0.086146 1.377420 -0.010901
v -0.086146 1.381091 0.008817
v -0.059195 1.383015 0.008817
v -0.059397 1.377898 0.029005
v -0.086987 1.361071 0.040582
v -0.086146 1.375975 0.027013
v -0.062170 1.361667 0.045556
v -0.086146 1.375975 0.027013
v -0.086987 1.361071 0.040582
v -0.106049 1.359063 0.034390
v -0.084139 1.340194 0.040884
v -0.092977 1.321652 -0.007885
v -0.106234 0.070352 0.030467
v -0.101664 0.102461 0.022561
v -0.089742 0.113038 0.055015
v -0.100505 0.068528 0.085755
v -0.111913 0.021053 0.062232
v -0.109082 0.025422 0.039910
v -0.047761 0.021809 0.038431
v -0.049063 0.016794 0.061996
v -0.052264 0.070940 0.087864
v -0.045157 0.101226 0.029476
v -0.045871 0.073141 0.030719
v -0.061909 0.113038 0.060106
v -0.039402 0.330051 0.024889
v -0.051256 0.158103 0.025594
v -0.065227 0.155582 0.046404
v -0.118618 0.330059 0.017243
v -0.092691 0.330177 0.053318
v -0.098270 0.158522 0.018629
v -0.096379 0.519105 0.065769
v -0.127851 0.399118 0.018671
v -0.051256 0.158103 0.025594
v -0.039402 0.330051 0.024889
v -0.051710 0.330068 -0.027418
v -0.058599 0.158758 -0.006742
v -0.097177 0.330068 -0.029468
v -0.086172 0.158716 -0.012111
v -0.049828 -0.001295 0.040003
v -0.061783 -0.001287 -0.017026
v -0.110199 -0.001303 0.037440
v -0.094842 0.029185 -0.014984
v -0.092002 0.068453 -0.013102
v -0.106234 0.070352 0.030467
v -0.107612 0.012694 0.062971
v -0.116215 0.015399 0.158804
v -0.112997 -0.001261 0.156511
v -0.111913 0.021053 0.062232
v -0.061783 -0.001287 -0.017026
v -0.049828 -0.001295 0.040003
v -0.062295 0.029008 -0.019009
v -0.051121 0.012072 0.039044
v -0.047761 0.021809 0.038431
v -0.049063 0.016794 0.061996
v -0.051584 0.008081 0.062820
v -0.094842 -0.001303 -0.013505
v -0.094842 0.029185 -0.014984
v -0.110199 -0.001303 0.037440
v -0.107494 0.017306 0.038439
v -0.109082 0.025422 0.039910
v -0.111913 0.021053 0.062232
v -0.107612 0.012694 0.062971
v -0.049828 -0.001295 0.040003
v -0.110199 -0.001303 0.037440
v -0.051121 0.012072 0.039044
v -0.107494 0.017306 0.038439
v -0.107612 0.012694 0.062971
v -0.051584 0.008081 0.062820
v -0.107494 0.017306 0.038439
v -0.051121 0.012072 0.039044
v -0.045157 0.101226 0.029476
v -0.061464 0.097748 -0.011296
v -0.045871 0.073141 0.030719
v -0.061615 0.065109 -0.019831
v -0.078207 0.775259 0.102037
v -0.141671 0.773436 0.045665
v -0.078535 0.787273 0.100684
v -0.140360 0.787273 0.045631
v -0.129984 0.787273 -0.015135
v -0.137318 0.770798 -0.009061
v -0.020340 0.787273 0.022359
v -0.036839 0.787029 -0.027057
v -0.021717 0.772227 0.020646
v -0.036755 0.770530 -0.029745
v -0.036839 0.787029 -0.027057
v -0.084206 0.787273 -0.044733
v -0.036755 0.770530 -0.029745
v -0.084282 0.770403 -0.044817
v 0.101664 0.102461 0.022561
v 0.106234 0.070352 0.030467
v 0.089742 0.113038 0.055015
v 0.100505 0.068528 0.085755
v 0.061908 0.113038 0.060106
v 0.052264 0.070940 0.087864
v 0.045871 0.073141 0.030719
v 0.045157 0.101226 0.029476
v 0.032270 0.473335 0.024645
v 0.026355 0.561397 0.030744
v 0.057826 0.517752 0.072061
v 0.078207 0.775259 0.102037
v 0.141671 0.773436 0.045665
v 0.092280 0.581736 0.075371
v 0.026355 0.561397 0.030744
v 0.032270 0.473335 0.024645
v 0.045359 0.466958 -0.033123
v 0.058599 0.158758 -0.006742
v 0.051710 0.330068 -0.027418
v 0.051256 0.158103 0.025594
v 0.086172 0.158716 -0.012111
v 0.097177 0.330068 -0.029468
v 0.118618 0.330059 0.017243
v 0.098270 0.158522 0.018629
v 0.092691 0.330177 0.053318
v 0.049828 -0.001295 0.040003
v 0.110199 -0.001303 0.037440
v 0.061783 -0.001287 -0.017026
v 0.092002 0.068453 -0.013102
v 0.094842 0.029185 -0.014984
v 0.106234 0.070352 0.030467
v 0.051584 0.008081 0.062820
v 0.049063 0.016794 0.061996
v 0.043300 0.015407 0.164274
v 0.099639 -0.001269 0.176901
v 0.061985 -0.001311 0.180959
v 0.061985 0.015407 0.184420
v 0.061783 -0.001287 -0.017026
v 0.062295 0.029008 -0.019009
v 0.049828 -0.001295 0.040003
v 0.051121 0.012072 0.039044
v 0.047761 0.021809 0.038431
v 0.049063 0.016794 0.061996
v 0.051584 0.008081 0.062820
v 0.094842 -0.001303 -0.013505
v 0.110199 -0.001303 0.037440
v 0.094842 0.029185 -0.014984
v 0.107494 0.017306 0.038439
v 0.109082 0.025422 0.039910
v 0.111913 0.021053 0.062232
v 0.107612 0.012694 0.062971
v 0.049828 -0.001295 0.040003
v 0.051121 0.012072 0.039044
v 0.110199 -0.001303 0.037440
v 0.107494 0.017306 0.038439
v 0.107612 0.012694 0.062971
v 0.107494 0.017306 0.038439
v 0.051584 0.008081 0.062820
v 0.051121 0.012072 0.039044
v 0.045157 0.101226 0.029476
v 0.045871 0.073141 0.030719
v 0.061464 0.097748 -0.011296
v 0.061615 0.065109 -0.019831
v 0.141671 0.773436 0.045665
v 0.078207 0.775259 0.102037
v 0.078535 0.787273 0.100684
v 0.140360 0.787273 0.045631
v 0.129984 0.787273 -0.015135
v 0.137318 0.770798 -0.009061
v 0.032807 0.787273 0.087075
v 0.032681 0.774621 0.088645
v 0.020340 0.787273 0.022359
v 0.036839 0.787029 -0.027057
v 0.021717 0.772227 0.020646
v 0.036755 0.770530 -0.029745
v 0.036839 0.787029 -0.027057
v 0.036755 0.770530 -0.029745
v 0.084206 0.787273 -0.044733
v 0.084282 0.770403 -0.044817
v -0.084282 0.770403 -0.044817
v 0.084282 0.770403 -0.044817
v -0.032681 0.774621 0.088645
v -0.032807 0.787273 0.087075
v -0.043182 0.041972 0.159199
v -0.049063 0.016794 0.061996
v -0.051584 0.008081 0.062820
v -0.043300 0.015407 0.164274
v -0.047610 -0.001319 0.160316
v -0.051584 0.008081 0.062820
v -0.108922 -0.000034 0.070784
v -0.049727 0.000067 0.070784
v -0.107612 0.012694 0.062971
v -0.108922 -0.000034 0.070784
v -0.049727 0.000067 0.070784
v -0.049727 0.000067 0.070784
v -0.108922 -0.000034 0.070784
v -0.047610 -0.001319 0.160316
v -0.062303 0.330160 0.056107
v -0.057826 0.517752 0.072061
v -0.053231 0.066159 0.149823
v -0.099538 0.066235 0.147941
v -0.061985 0.015407 0.184420
v -0.099639 -0.001269 0.176901
v -0.100261 0.015399 0.177892
v 0.111913 0.021053 0.062232
v 0.109082 0.025422 0.039910
v 0.111913 0.021053 0.062232
v 0.107612 0.012694 0.062971
v 0.116215 0.015399 0.158804
v 0.028320 0.630673 0.038919
v 0.032681 0.774621 0.088645
v 0.060901 0.580156 0.080303
v 0.112997 -0.001261 0.156511
v 0.107612 0.012694 0.062971
v 0.051584 0.008081 0.062820
v 0.108922 -0.000034 0.070784
v 0.049727 0.000067 0.070784
v 0.047610 -0.001319 0.160316
v 0.049727 0.000067 0.070784
v 0.047610 -0.001319 0.160316
v 0.108922 -0.000034 0.070784
v 0.049727 0.000067 0.070784
v 0.108922 -0.000034 0.070784
v 0.112997 -0.001261 0.156511
v 0.099538 0.066235 0.147941
v 0.053231 0.066159 0.149823
v 0.100261 0.015399 0.177892
v -0.112997 -0.001261 0.156511
v -0.101664 0.102461 0.022561
v 0.101664 0.102461 0.022561
v 0.084206 0.787273 -0.044733
v -0.084206 0.787273 -0.044733
v 0.062295 0.029008 -0.019009
v 0.049063 0.016794 0.061996
v 0.043182 0.041972 0.159199
v 0.047761 0.021809 0.038431
v -0.062295 0.029008 -0.019009
v 0.089726 0.095664 -0.013682
v -0.089726 0.095664 -0.013682
v 0.116215 0.015399 0.158804
v 0.116568 0.046391 0.138188
v 0.098715 0.048315 0.174910
v -0.098715 0.048315 0.174910
v -0.116215 0.015399 0.158804
v -0.116568 0.046391 0.138188
v 0.118298 0.565774 0.032072
v 0.137318 0.770798 -0.009061
v 0.089087 0.599857 -0.020428
v -0.118298 0.565774 0.032072
v -0.089087 0.599857 -0.020428
v -0.137318 0.770798 -0.009061
v -0.094842 -0.001303 -0.013505
v -0.061783 -0.001287 -0.017026
v -0.141671 0.773436 0.045665
v -0.092280 0.581736 0.075371
v 0.061985 -0.001311 0.180959
v -0.061985 -0.001311 0.180959
v -0.061985 -0.001311 0.180959
v -0.099639 -0.001269 0.176901
v 0.061783 -0.001287 -0.017026
v 0.094842 -0.001303 -0.013505
v -0.061985 0.015407 0.184420
v -0.056877 0.050936 0.181529
v -0.043300 0.015407 0.164274
v -0.100261 0.015399 0.177892
v 0.061985 0.015407 0.184420
v 0.056877 0.050936 0.181529
v 0.100261 0.015399 0.177892
v 0.043300 0.015407 0.164274
v 0.096379 0.519105 0.065769
v 0.127851 0.399118 0.018671
v -0.021717 0.772227 0.020646
v -0.028320 0.630673 0.038919
v -0.032681 0.774621 0.088645
v -0.021717 0.772227 0.020646
v -0.050584 0.600681 -0.018185
v -0.028320 0.630673 0.038919
v -0.060901 0.580156 0.080303
v -0.078207 0.775259 0.102037
v 0.084282 0.770403 -0.044817
v 0.050584 0.600681 -0.018185
v 0.021717 0.772227 0.020646
v 0.028320 0.630673 0.038919
v 0.021717 0.772227 0.020646
v 0.036755 0.770530 -0.029745
v 0.048257 0.551349 -0.020143
v 0.093640 0.548719 -0.021050
v -0.084282 0.770403 -0.044817
v -0.036755 0.770530 -0.029745
v -0.048257 0.551349 -0.020143
v -0.045359 0.466958 -0.033123
v -0.026355 0.561397 0.030744
v -0.093640 0.548719 -0.021050
v 0.099639 -0.001269 0.176901
v -0.130312 0.461077 0.019856
v 0.130312 0.461077 0.019856
v 0.065227 0.155582 0.046404
v 0.062303 0.330160 0.056107
v 0.085096 0.155641 0.045673
v 0.039402 0.330051 0.024889
v 0.045157 0.101226 0.029476
v 0.052172 0.138217 0.025619
v 0.065395 0.134025 0.053982
v 0.045157 0.101226 0.029476
v 0.059968 0.138586 -0.007137
v 0.052172 0.138217 0.025619
v -0.026355 0.561397 0.030744
v 0.102235 0.464496 -0.031400
v -0.102235 0.464496 -0.031400
v -0.045157 0.101226 0.029476
v -0.052172 0.138217 0.025619
v -0.059968 0.138586 -0.007137
v -0.045157 0.101226 0.029476
v -0.065395 0.134025 0.053982
v -0.052172 0.138217 0.025619
v -0.085096 0.155641 0.045673
v 0.047761 0.021809 0.038431
v 0.062295 0.029008 -0.019009
v -0.032270 0.473335 0.024645
v -0.032270 0.473335 0.024645
v -0.047761 0.021809 0.038431
v -0.062295 0.029008 -0.019009
v 0.051256 0.158103 0.025594
v 0.039402 0.330051 0.024889
v 0.089726 0.095664 -0.013682
v 0.085483 0.137502 -0.012287
v 0.061464 0.097748 -0.011296
v 0.101664 0.102461 0.022561
v 0.098479 0.141434 0.018679
v 0.084786 0.134066 0.048874
v -0.089726 0.095664 -0.013682
v -0.085483 0.137502 -0.012287
v -0.101664 0.102461 0.022561
v -0.061464 0.097748 -0.011296
v -0.098479 0.141434 0.018679
v -0.084786 0.134066 0.048874
v -0.109082 0.025422 0.039910
v 0.109082 0.025422 0.039910
v 0.065395 0.134025 0.053982
v -0.065395 0.134025 0.053982
v 0.084786 0.134066 0.048874
v -0.084786 0.134066 0.048874
v -0.091481 0.572890 -0.018529
v -0.049349 0.574469 -0.017017
v 0.091481 0.572890 -0.018529
v 0.049349 0.574469 -0.017017
v 0.058120 0.546787 0.079799
v -0.058120 0.546787 0.079799
v -0.094926 0.547912 0.073934
v 0.094926 0.547912 0.073935
v 0.029908 1.531784 0.099869
v 0.038461 1.539900 0.097106
v 0.043964 1.531104 0.101466
v 0.048878 1.496482 0.095736
v 0.038402 1.507907 0.101693
v 0.049543 1.508000 0.098013
v 0.034957 1.522190 0.102784
v 0.044056 1.518258 0.102314
v 0.026623 1.518300 0.100768
v 0.057331 1.531784 0.095677
v 0.048937 1.539900 0.095627
v 0.067807 1.518872 0.089427
v 0.061598 1.500162 0.089343
v 0.060523 1.518300 0.094081
v 0.021473 1.525046 0.098239
v 0.031774 1.540715 0.098870
v 0.052978 1.522316 0.099408
v 0.048971 1.543907 0.096165
v 0.064320 1.531633 0.091241
v 0.038402 1.496482 0.099273
v 0.029850 1.504816 0.100138
v 0.057280 1.504816 0.094341
v 0.021944 1.515402 0.099794
v 0.024994 1.503859 0.100180
v 0.051625 1.493844 0.093593
v 0.038948 1.492382 0.098038
v -0.049543 1.508000 0.098013
v -0.048878 1.496482 0.095736
v -0.057280 1.504816 0.094341
v -0.038461 1.539900 0.097106
v -0.029908 1.531784 0.099869
v -0.043964 1.531104 0.101466
v -0.038402 1.507907 0.101693
v -0.057331 1.531784 0.095677
v -0.060523 1.518300 0.094081
v -0.067807 1.518872 0.089427
v -0.048938 1.539900 0.095627
v -0.029850 1.504816 0.100138
v -0.038402 1.496482 0.099273
v -0.052978 1.522316 0.099408
v -0.034957 1.522190 0.102784
v -0.044056 1.518258 0.102314
v -0.061598 1.500162 0.089343
v -0.021473 1.525046 0.098239
v -0.031774 1.540715 0.098870
v -0.026623 1.518300 0.100768
v -0.048971 1.543907 0.096165
v -0.064320 1.531633 0.091241
v -0.021944 1.515402 0.099794
v -0.024994 1.503859 0.100180
v -0.051625 1.493844 0.093593
v -0.038948 1.492382 0.098038
v 0.042426 1.565331 0.115219
v 0.051189 1.565919 0.111698
v 0.043006 1.560483 0.114925
v -0.055019 1.562281 0.111632
v -0.066689 1.563213 0.104600
v -0.054263 1.567078 0.111765
v 0.062976 1.559559 0.105902
v 0.052139 1.561155 0.111581
v 0.063799 1.562096 0.104977
v 0.026061 1.557795 0.120099
v 0.033260 1.562735 0.118293
v 0.033462 1.557795 0.117815
v -0.045552 1.561306 0.115034
v -0.036310 1.563382 0.118269
v -0.045173 1.566170 0.115345
v -0.028909 1.555174 0.119831
v -0.036344 1.558450 0.117773
v -0.028900 1.558324 0.120075
v -0.065689 1.560710 0.105918
v -0.071310 1.558299 0.102238
v 0.068731 1.556812 0.102028
v 0.018861 1.551183 0.121502
v 0.026161 1.554644 0.119856
v -0.021491 1.551578 0.121486
v 0.053533 1.434103 -0.026116
v 0.039713 1.468053 0.023410
v 0.029001 1.460340 0.017226
v -0.028119 1.460340 0.017562
v -0.039763 1.468053 0.020419
v -0.056045 1.438379 -0.016832
v 0.040957 0.657204 -0.107658
v 0.030421 0.914342 -0.099308
v 0.064631 0.654079 -0.106726
v 0.153861 1.175562 0.028173
v 0.186222 0.921189 0.055712
v 0.106259 1.170580 -0.020252
v 0.080938 1.489837 -0.055831
v 0.085314 1.625601 -0.051337
v 0.101269 1.625601 -0.014900
v 0.065816 1.656392 -0.044968
v 0.107351 1.664339 -0.056848
v 0.107805 1.665087 -0.021403
v 0.107351 1.664339 -0.056848
v 0.065816 1.656392 -0.044968
v 0.069235 1.640866 -0.051059
v 0.085314 1.625601 -0.051337
v 0.080938 1.489837 -0.055831
v 0.123549 1.625735 -0.068366
v 0.140855 1.494634 -0.084538
v 0.072100 1.326600 -0.066450
v 0.122919 1.326944 -0.095880
v 0.064631 0.654079 -0.106726
v 0.043468 0.918669 -0.096795
v 0.119180 0.649173 0.004742
v 0.106259 1.170580 -0.020252
v 0.121583 0.914955 -0.009431
v 0.064631 0.654079 -0.106726
v 0.082148 0.437579 -0.092292
v 0.120558 0.525272 -0.134206
v 0.250853 0.911359 -0.090839
v 0.213997 1.177747 -0.057519
v 0.192078 1.181880 -0.131022
v 0.123549 1.625735 -0.068366
v 0.140855 1.494634 -0.084538
v 0.137764 1.625610 -0.033257
v -0.120558 0.525272 -0.134206
v -0.064631 0.654079 -0.106726
v -0.040957 0.657204 -0.107658
v -0.043468 0.918669 -0.096795
v -0.030421 0.914342 -0.099308
v -0.186222 0.921189 0.055712
v -0.153861 1.175562 0.028173
v -0.106259 1.170580 -0.020252
v -0.085314 1.625601 -0.051337
v -0.080938 1.489837 -0.055831
v -0.101269 1.625601 -0.014901
v -0.107351 1.664339 -0.056848
v -0.065816 1.656392 -0.044968
v -0.107805 1.665087 -0.021403
v -0.065816 1.656392 -0.044968
v -0.107351 1.664339 -0.056848
v -0.069235 1.640866 -0.051059
v -0.080938 1.489837 -0.055831
v -0.085314 1.625601 -0.051337
v -0.123549 1.625735 -0.068366
v -0.030421 0.914342 -0.099308
v -0.055633 1.166817 -0.081043
v -0.114131 0.916266 -0.168820
v -0.124179 1.172857 -0.123453
v -0.072100 1.326600 -0.066450
v -0.122919 1.326944 -0.095880
v -0.043468 0.918669 -0.096795
v -0.064631 0.654079 -0.106726
v -0.119180 0.649173 0.004742
v -0.121583 0.914955 -0.009431
v -0.106259 1.170580 -0.020252
v -0.082148 0.437579 -0.092292
v -0.064631 0.654079 -0.106726
v -0.120558 0.525272 -0.134206
v -0.213997 1.177747 -0.057520
v -0.250853 0.911359 -0.090839
v -0.192078 1.181880 -0.131022
v -0.170495 1.328742 -0.107844
v -0.140855 1.494634 -0.084538
v -0.185021 1.329726 -0.052832
v 0.085004 1.487770 0.083058
v 0.103143 1.529004 0.070054
v 0.081719 1.529508 0.024678
v 0.087440 1.570531 0.020243
v 0.084945 1.601758 0.020495
v 0.101664 1.582679 0.058165
v 0.075545 1.626215 0.023662
v 0.082526 1.639396 0.053646
v 0.037671 1.664717 0.055914
v 0.055037 1.658215 0.030038
v -0.001814 1.673681 0.036238
v 0.030572 1.670262 0.033130
v -0.024615 1.669615 0.082420
v -0.030026 1.666280 0.038582
v -0.007578 1.667943 0.057661
v -0.020844 1.652746 0.111715
v -0.002084 1.648159 0.097416
v -0.043099 1.642891 0.097290
v -0.033874 1.667053 0.075724
v 0.084097 1.470749 0.086066
v 0.085466 1.529087 0.110262
v 0.099572 1.529037 0.091703
v 0.033227 1.581284 0.121326
v 0.009040 1.609185 0.115479
v 0.071755 1.582545 0.117680
v -0.076754 1.570917 0.112168
v -0.058960 1.634507 0.102894
v -0.053474 1.589300 0.108304
v -0.076031 1.491643 0.086873
v -0.079913 1.526702 0.107422
v -0.070898 1.526281 0.102339
v -0.033874 1.667053 0.075724
v -0.073847 1.623232 0.095854
v -0.081535 1.656358 0.062257
v -0.104831 1.570892 0.100138
v -0.110199 1.570825 0.071381
v -0.107158 1.619611 0.058183
v -0.089726 1.621056 0.074640
v -0.073847 1.623232 0.095854
v -0.058960 1.634507 0.102894
v -0.076754 1.570917 0.112168
v -0.033874 1.667053 0.075724
v -0.081535 1.656358 0.062257
v -0.030026 1.666280 0.038582
v -0.087936 1.626012 0.030198
v -0.063690 1.658526 0.035079
v -0.097312 1.571968 0.038826
v -0.090658 1.521661 0.054545
v -0.087600 1.548444 0.035742
v -0.063992 1.480914 0.038919
v -0.119600 1.591879 0.065399
v -0.107158 1.619611 0.058183
v -0.118828 1.600431 0.094702
v -0.088684 1.620174 0.027778
v -0.091633 1.618905 0.027215
v -0.087827 1.618536 0.027114
v -0.088684 1.620174 0.027778
v -0.088835 1.619451 0.033718
v -0.071251 1.536179 0.052999
v -0.063698 1.497852 0.039364
v -0.095279 1.524366 0.055855
v -0.086768 1.570749 -0.004029
v -0.112249 1.557845 -0.000349
v -0.074317 1.507378 -0.029064
v -0.071251 1.536179 0.052999
v -0.078409 1.556358 0.039960
v -0.064807 1.494642 0.018613
v -0.074317 1.507378 -0.029064
v -0.086819 1.485435 0.024048
v 0.076535 1.604909 -0.071886
v 0.095850 1.618343 -0.079338
v 0.048249 1.665440 -0.051227
v 0.073939 1.655350 0.012841
v 0.093817 1.668843 0.005397
v 0.068118 1.678933 -0.058671
v 0.121549 1.608253 -0.015270
v 0.095850 1.618343 -0.079338
v 0.101664 1.594760 -0.007809
v -0.068118 1.678933 -0.058671
v -0.095850 1.618343 -0.079338
v -0.048249 1.665440 -0.051227
v -0.076535 1.604909 -0.071886
v -0.073939 1.655350 0.012841
v -0.093817 1.668843 0.005397
v -0.121549 1.608253 -0.015270
v -0.101664 1.594760 -0.007810
v -0.079384 1.490651 0.026459
v -0.074662 1.463809 0.053124
v -0.076124 1.459971 0.050671
v 0.091633 1.618905 0.027215
v 0.088684 1.620174 0.027779
v 0.087827 1.618536 0.027114
v 0.088835 1.619451 0.033718
v 0.088684 1.620174 0.027779
v 0.071251 1.536179 0.052999
v 0.095279 1.524366 0.055855
v 0.063698 1.497852 0.039364
v 0.086768 1.570749 -0.004029
v 0.074317 1.507378 -0.029064
v 0.112249 1.557845 -0.000349
v 0.078409 1.556358 0.039960
v 0.086768 1.570749 -0.004029
v 0.102125 1.543731 0.044354
v 0.063698 1.497852 0.039364
v 0.084768 1.491391 0.042631
v 0.064807 1.494642 0.018613
v -0.079846 1.428104 0.068482
v -0.099983 1.477226 0.073507
v -0.094329 1.477386 0.085621
v 0.087440 1.570531 0.020243
v 0.083920 1.560911 -0.058788
v 0.079467 1.520720 -0.031123
v 0.081719 1.529508 0.024678
v 0.020390 1.459685 -0.009162
v 0.029001 1.460340 0.017226
v 0.055448 1.503421 -0.056058
v 0.000000 1.494734 -0.071188
v 0.006796 1.465961 -0.013817
v -0.039763 1.468053 0.020419
v -0.028119 1.460340 0.017562
v -0.054692 1.503421 -0.055369
v 0.028775 1.557853 -0.104945
v 0.029110 1.628836 -0.096636
v 0.000000 1.631020 -0.092040
v 0.000000 1.557534 -0.102811
v -0.096304 1.571934 0.023553
v -0.096724 1.601195 0.019150
v -0.097900 1.597827 0.028787
v -0.088533 1.600868 0.019058
v 0.095027 1.575354 0.010597
v 0.096724 1.601195 0.019150
v 0.088533 1.600868 0.019058
v 0.097900 1.597827 0.028787
v 0.092741 1.618225 0.033281
v 0.114131 0.916266 -0.168819
v 0.124179 1.172857 -0.123453
v 0.055633 1.166817 -0.081043
v 0.169529 0.659423 -0.165652
v 0.259851 0.658171 -0.089831
v 0.198353 0.915686 -0.171072
v 0.155431 0.433454 -0.014203
v 0.195145 0.437948 -0.090343
v 0.119180 0.649173 0.004742
v 0.232665 0.660397 -0.000652
v 0.155431 0.433454 -0.014203
v 0.121583 0.914955 -0.009431
v -0.259851 0.658171 -0.089831
v -0.195145 0.437948 -0.090343
v -0.169529 0.659423 -0.165652
v -0.155431 0.433454 -0.014203
v -0.198353 0.915686 -0.171072
v -0.192078 1.181880 -0.131022
v -0.244073 0.921231 -0.008725
v -0.191809 1.175092 -0.001391
v -0.119180 0.649173 0.004742
v -0.155431 0.433454 -0.014203
v -0.232665 0.660397 -0.000652
v -0.086945 1.627710 0.004792
v -0.088154 1.597658 -0.049051
v -0.056271 1.659844 -0.051454
v -0.057885 1.488610 0.020729
v -0.078526 1.520720 -0.030426
v 0.094657 1.613436 0.054460
v 0.090851 1.614335 0.089754
v 0.058204 1.613453 0.113833
v 0.069898 1.644496 0.084260
v 0.244073 0.921231 -0.008725
v 0.191809 1.175092 -0.001391
v 0.232665 0.660397 -0.000652
v 0.160019 0.448627 0.022662
v 0.182543 0.658188 0.057855
v 0.119180 0.649173 0.004742
v 0.160019 0.448627 0.022662
v 0.232665 0.660397 -0.000652
v 0.119180 0.649173 0.004742
v -0.002084 1.648159 0.097416
v 0.035664 1.646638 0.102927
v 0.037671 1.664717 0.055914
v 0.035664 1.646638 0.102927
v -0.244073 0.921231 -0.008725
v 0.244073 0.921231 -0.008725
v -0.232665 0.660397 -0.000652
v -0.182543 0.658188 0.057855
v 0.082148 0.437579 -0.092292
v 0.086819 1.485435 0.024048
v 0.096203 1.500136 -0.023755
v 0.074317 1.507378 -0.029064
v -0.102125 1.543731 0.044354
v -0.086768 1.570749 -0.004029
v -0.096203 1.500136 -0.023755
v -0.082148 0.437579 -0.092292
v 0.072696 1.644613 -0.020579
v 0.069378 1.657711 -0.016648
v -0.095850 1.618343 -0.079338
v -0.121583 0.914955 -0.009431
v -0.119180 0.649173 0.004742
v -0.232665 0.660397 -0.000652
v -0.160019 0.448627 0.022662
v 0.083802 1.627029 0.004103
v 0.089112 1.597658 -0.049749
v 0.058481 1.667599 -0.005112
v 0.028421 1.676563 -0.006700
v 0.029614 1.667145 -0.060191
v 0.039713 1.468053 0.023410
v 0.058053 1.489526 0.020729
v 0.000000 1.674934 -0.006869
v 0.000000 1.663222 -0.062670
v -0.054045 1.667599 -0.004424
v 0.120558 0.525272 -0.134206
v 0.169529 0.659423 -0.165652
v 0.198353 0.915686 -0.171072
v 0.085105 0.659767 -0.171012
v -0.169529 0.659423 -0.165652
v -0.085105 0.659767 -0.171012
v -0.198353 0.915686 -0.171072
v -0.073805 0.418247 -0.127544
v -0.073805 0.418247 -0.127544
v -0.040957 0.657204 -0.107658
v -0.072696 1.644613 -0.020579
v -0.069378 1.657711 -0.016648
v -0.072696 1.644613 -0.020579
v 0.040957 0.657204 -0.107658
v 0.030421 0.914342 -0.099308
v 0.073805 0.418247 -0.127544
v 0.043468 0.918669 -0.096795
v -0.085071 1.570531 0.020243
v -0.085071 1.570531 0.020243
v 0.120558 0.525272 -0.134206
v 0.192078 1.181880 -0.131022
v 0.060539 1.529113 0.111043
v 0.085466 1.529087 0.110262
v 0.058204 1.613453 0.113833
v -0.120558 0.525272 -0.134206
v -0.160019 0.448627 0.022662
v -0.119180 0.649173 0.004742
v -0.112014 0.299278 -0.054983
v -0.112014 0.299278 -0.054983
v 0.112014 0.299278 -0.054983
v 0.112014 0.299278 -0.054983
v 0.057154 1.659844 -0.052143
v -0.095027 1.575354 0.010597
v -0.084869 1.575101 0.010539
v -0.084768 1.491391 0.042631
v 0.191809 1.175092 -0.001391
v 0.101269 1.625601 -0.014900
v 0.072696 1.644613 -0.020579
v -0.101269 1.625601 -0.014901
v -0.191809 1.175092 -0.001391
v 0.073805 0.418247 -0.127544
v -0.033874 1.667053 0.075724
v -0.043099 1.642891 0.097290
v 0.118290 1.486888 -0.001013
v 0.159851 1.493920 -0.042809
v 0.150072 1.329045 0.003347
v 0.077149 1.556862 0.006977
v 0.089809 1.557088 0.007036
v 0.084869 1.575101 0.010539
v 0.069235 1.640866 -0.051059
v -0.061447 1.643085 -0.048110
v -0.069235 1.640866 -0.051059
v -0.064807 1.644714 -0.020210
v -0.061447 1.643085 -0.048110
v 0.056591 1.558567 -0.090537
v -0.090792 1.593727 0.106229
v -0.099042 1.633238 0.085251
v -0.107158 1.619611 0.058183
v 0.057700 1.622207 -0.084748
v 0.096304 1.571934 0.023553
v 0.006150 1.670279 0.074724
v 0.055633 1.166817 -0.081043
v 0.055633 1.166817 -0.081043
v -0.082970 1.560911 -0.058099
v -0.055827 1.558567 -0.092729
v -0.056944 1.622207 -0.085403
v -0.080888 1.487610 0.023485
v -0.076124 1.459971 0.050671
v -0.074712 1.489577 0.024435
v -0.080888 1.487610 0.023485
v -0.069151 1.463079 0.052579
v -0.052709 1.445537 0.075657
v -0.054499 1.439143 0.073834
v -0.054499 1.439143 0.073834
v -0.050702 1.443873 0.070986
v -0.118290 1.486888 -0.001013
v -0.159851 1.493920 -0.042809
v -0.118290 1.486888 -0.001013
v 0.170495 1.328742 -0.107844
v -0.055633 1.166817 -0.081043
v -0.055633 1.166817 -0.081043
v -0.137764 1.625610 -0.033257
v -0.123549 1.625735 -0.068366
v 0.009040 1.609185 0.115479
v -0.016273 1.629912 0.131416
v -0.032462 1.597970 0.113303
v -0.040427 1.617789 0.102558
v 0.101664 1.582679 0.058165
v 0.104621 1.582738 0.092980
v 0.094657 1.613436 0.054460
v -0.060624 1.570892 0.109623
v -0.097312 1.571968 0.038826
v -0.090658 1.521661 0.054545
v -0.111073 1.526357 0.078522
v 0.017424 1.578512 0.120974
v 0.030815 1.507555 0.120570
v -0.000000 1.578327 0.144598
v -0.029774 1.434086 0.079916
v -0.029497 1.432322 0.085739
v -0.030984 1.438933 0.086688
v -0.047803 1.431960 0.077631
v -0.034445 1.427222 0.083277
v -0.047803 1.431960 0.077631
v -0.044157 1.444697 0.081194
v -0.034445 1.427222 0.083277
v -0.042645 1.438496 0.075270
v -0.021070 1.461122 -0.007053
v -0.005343 1.466447 -0.013119
v -0.027976 1.557853 -0.104256
v 0.071755 1.582545 0.117680
v -0.027582 1.676563 -0.006012
v -0.028749 1.667145 -0.059502
v 0.006150 1.670279 0.074724
v 0.082526 1.639396 0.053646
v 0.037671 1.664717 0.055914
v 0.118290 1.486888 -0.001013
v -0.006721 1.555955 0.123654
v -0.027582 1.421274 -0.040893
v -0.005343 1.466447 -0.013119
v -0.021070 1.461122 -0.007053
v -0.028119 1.460340 0.017562
v -0.064807 1.644714 -0.020210
v 0.061447 1.643085 -0.048110
v 0.061447 1.643085 -0.048110
v 0.064807 1.644714 -0.020210
v -0.087726 1.615906 0.037524
v -0.092741 1.618225 0.033281
v 0.087726 1.615906 0.037524
v -0.103605 1.565440 0.109279
v -0.130060 1.492559 0.093081
v -0.129262 1.563322 0.100248
v -0.140855 1.494634 -0.084538
v -0.057708 1.654837 -0.043582
v -0.057708 1.654837 -0.043582
v -0.040427 1.617789 0.102558
v -0.098177 1.328541 -0.034542
v -0.080938 1.489837 -0.055831
v -0.072100 1.326600 -0.066450
v -0.098177 1.328541 -0.034542
v 0.080938 1.489837 -0.055831
v 0.098177 1.328541 -0.034542
v 0.072100 1.326600 -0.066450
v 0.098177 1.328541 -0.034542
v 0.103143 1.529004 0.070054
v -0.021658 1.578151 0.120722
v -0.127851 1.562860 0.072650
v -0.007578 1.667943 0.057661
v -0.007578 1.667943 0.057661
v -0.079913 1.526702 0.107422
v -0.104033 1.526668 0.102743
v -0.081467 1.477403 0.087956
v 0.064807 1.644714 -0.020210
v 0.057708 1.654837 -0.043582
v 0.057708 1.654837 -0.043582
v 0.090095 1.549578 0.030214
v 0.095254 1.567994 0.033979
v 0.091120 1.553778 0.018756
v -0.030026 1.666280 0.038582
v -0.029497 1.432322 0.085739
v -0.080249 1.526710 0.020495
v 0.000722 1.471371 -0.017530
v 0.025716 1.423609 -0.040347
v 0.029001 1.460340 0.017226
v 0.020390 1.459685 -0.009162
v 0.006796 1.465961 -0.013817
v 0.092985 1.593677 0.038179
v 0.091548 1.567717 0.033970
v 0.091532 1.616293 0.037574
v 0.096758 1.594021 0.038213
v 0.088566 1.617645 0.037893
v -0.001814 1.673681 0.036238
v 0.030572 1.670262 0.033130
v -0.150072 1.329045 0.003347
v -0.091532 1.616293 0.037574
v -0.088566 1.617645 0.037893
v -0.092985 1.593677 0.038179
v 0.185021 1.329726 -0.052832
v -0.150072 1.329045 0.003347
v -0.127758 1.330591 0.011236
v 0.127758 1.330591 0.011236
v 0.150072 1.329045 0.003347
v -0.028312 1.628836 -0.095947
v -0.096758 1.594021 0.038213
v -0.095254 1.567994 0.033979
v 0.071251 1.536179 0.052999
v -0.091548 1.567717 0.033970
v -0.090095 1.549578 0.030214
v -0.091120 1.553778 0.018756
v 0.084097 1.470749 0.086066
v -0.076796 1.477311 0.057032
v 0.055037 1.658215 0.030038
v 0.170495 1.328742 -0.107844
v -0.170495 1.328742 -0.107844
v -0.063690 1.658526 0.035079
v 0.086634 1.549326 0.030206
v 0.075545 1.626215 0.023662
v -0.063698 1.497852 0.039364
v 0.050307 1.431994 0.100651
v 0.074821 1.466104 0.089889
v 0.063329 1.459483 0.076539
v 0.073956 1.487803 0.052427
v -0.086634 1.549326 0.030206
v -0.077149 1.556862 0.006977
v -0.089809 1.557088 0.007036
v -0.087936 1.626012 0.030198
v -0.052020 1.443142 0.049226
v 0.061976 1.655964 -0.015522
v -0.061976 1.655964 -0.015522
v 0.010577 1.467497 0.092468
v 0.010325 1.464482 0.091939
v 0.007586 1.468498 0.097475
v 0.010073 1.464322 0.091426
v 0.006763 1.462701 0.096627
v 0.007234 1.462885 0.097610
v 0.002630 1.462457 0.098542
v 0.002630 1.462592 0.100340
v 0.002630 1.468884 0.101129
v -0.002630 1.462457 0.098542
v -0.006805 1.462970 0.097634
v -0.002630 1.462592 0.100340
v -0.002630 1.468884 0.101129
v -0.007048 1.468607 0.098172
v -0.010392 1.467422 0.092527
v -0.006385 1.462734 0.096635
v -0.010199 1.464389 0.092107
v -0.009981 1.464204 0.091578
v 0.017651 1.492996 0.109657
v 0.037755 1.489661 0.104986
v 0.021087 1.474933 0.109985
v 0.047896 1.464213 0.088864
v 0.055751 1.467162 0.076522
v 0.034260 1.451174 0.085562
v 0.035823 1.527710 0.092930
v 0.032731 1.525979 0.103810
v 0.035823 1.528525 0.103751
v 0.054835 1.497280 0.085739
v 0.048492 1.493878 0.096761
v 0.044317 1.494944 0.087822
v 0.032462 1.499196 0.090552
v 0.032303 1.499196 0.100559
v 0.026649 1.504211 0.101474
v 0.064589 1.510092 0.090721
v 0.065647 1.521635 0.081118
v 0.066034 1.520409 0.092980
v -0.032303 1.499196 0.100559
v -0.040360 1.494172 0.099349
v -0.032462 1.499196 0.090552
v -0.066034 1.520409 0.092980
v -0.065647 1.521635 0.081118
v -0.064589 1.510092 0.090721
v -0.024633 1.517896 0.093476
v -0.023969 1.509958 0.102617
v -0.025615 1.507085 0.092519
v -0.054835 1.497280 0.085739
v -0.059876 1.501297 0.092384
v -0.062027 1.505245 0.082571
v 0.058397 1.532684 0.084066
v 0.063245 1.529028 0.095240
v 0.062732 1.527180 0.081865
v -0.054776 1.534540 0.098483
v -0.047173 1.532499 0.087712
v -0.053314 1.533188 0.085974
v -0.045476 1.533238 0.102440
v -0.040654 1.531179 0.103096
v -0.039604 1.529684 0.091183
v 0.024633 1.517896 0.093476
v 0.024305 1.517896 0.103986
v 0.030572 1.523115 0.093174
v -0.042132 1.459751 0.053898
v -0.021532 1.449066 0.046588
v -0.026103 1.457282 0.028114
v 0.021171 1.460054 0.004540
v 0.017601 1.478235 -0.018462
v 0.000000 1.462003 -0.009103
v -0.059363 1.476033 0.052545
v -0.048753 1.488182 0.004474
v -0.072721 1.516016 0.007321
v 0.074376 1.504681 0.046345
v 0.072721 1.516016 0.007321
v 0.059363 1.476033 0.052545
v 0.084240 1.561953 0.070709
v 0.087440 1.570531 0.020243
v 0.081475 1.527693 0.049075
v -0.000000 1.592920 0.117764
v -0.000000 1.566675 0.121788
v -0.024851 1.572799 0.117008
v 0.000000 1.475244 -0.019638
v -0.074376 1.504681 0.046345
v -0.086348 1.618990 0.042069
v -0.084240 1.561953 0.070709
v -0.087440 1.570531 0.020243
v -0.081475 1.527693 0.049075
v 0.012240 1.436774 0.076716
v 0.011476 1.434985 0.083201
v 0.041007 1.452594 0.073792
v -0.023624 1.593727 0.113186
v -0.050593 1.591988 0.106473
v -0.023027 1.621073 0.104465
v 0.086348 1.618990 0.042069
v 0.079106 1.591710 0.072255
v 0.060221 1.649511 0.054116
v 0.050593 1.591988 0.106473
v 0.023624 1.593727 0.113186
v 0.023027 1.621073 0.104465
v 0.083466 1.539883 0.011808
v -0.034352 1.486493 -0.017026
v -0.060221 1.649511 0.054116
v -0.052709 1.613814 0.094972
v -0.079106 1.591710 0.072255
v -0.026649 1.504211 0.101474
v -0.017651 1.492996 0.109657
v -0.037755 1.489661 0.104986
v -0.000000 1.518065 0.112522
v 0.023969 1.509958 0.102617
v -0.000000 1.508429 0.112563
v 0.000000 1.462003 -0.009103
v -0.017601 1.478235 -0.018462
v -0.021171 1.460054 0.004540
v 0.042754 1.550276 0.108094
v 0.024851 1.572799 0.117008
v 0.048517 1.575967 0.112136
v 0.018609 1.540765 0.113774
v -0.000000 1.544471 0.120889
v -0.055171 1.496953 0.094560
v -0.050710 1.488871 0.099803
v -0.036596 1.472463 0.103415
v -0.051853 1.472874 0.092989
v -0.033361 1.464154 0.099046
v -0.034260 1.451174 0.085562
v -0.047896 1.464213 0.088864
v 0.019726 1.462003 0.100785
v 0.024288 1.455568 0.095568
v 0.008620 1.445839 0.096056
v -0.000000 1.665062 0.061224
v -0.030169 1.659526 0.060257
v -0.000000 1.622854 0.106591
v -0.062732 1.527180 0.081865
v 0.048753 1.488182 0.004474
v 0.026103 1.457282 0.028114
v 0.042132 1.459751 0.053898
v 0.031412 1.471967 0.001037
v 0.021012 1.449066 0.046588
v -0.031412 1.471967 0.001037
v -0.059582 1.532499 0.096862
v -0.078173 1.578495 0.085378
v -0.024305 1.517896 0.103986
v -0.018609 1.540765 0.113774
v -0.000000 1.442681 0.053335
v -0.000000 1.433784 0.077993
v -0.012240 1.436774 0.076716
v -0.055751 1.467162 0.076522
v -0.011476 1.434985 0.083201
v -0.041007 1.452594 0.073792
v 0.034352 1.486493 -0.017026
v 0.040360 1.494172 0.099349
v -0.000000 1.442681 0.053335
v -0.000000 1.433784 0.077993
v -0.000000 1.452022 0.100516
v 0.009107 1.453787 0.100230
v -0.023969 1.509958 0.102617
v -0.000000 1.498792 0.114899
v 0.005713 1.488702 0.115151
v -0.000000 1.483973 0.125653
v -0.002310 1.482435 0.123502
v -0.000000 1.492433 0.118478
v -0.055171 1.496953 0.094560
v -0.054835 1.497280 0.085739
v -0.048492 1.493878 0.096761
v -0.019726 1.462003 0.100785
v -0.009107 1.453787 0.100230
v -0.008620 1.445839 0.096056
v -0.000000 1.463314 0.087831
v 0.018138 1.464970 0.094535
v -0.000000 1.454728 0.086209
v 0.004125 1.461003 0.107153
v -0.000000 1.455307 0.096097
v 0.009796 1.457391 0.095115
v -0.011678 1.462667 0.104860
v -0.015946 1.463104 0.103078
v -0.018172 1.460642 0.092795
v 0.033361 1.464154 0.099046
v 0.055171 1.496953 0.094560
v 0.054835 1.497280 0.085739
v 0.059876 1.501297 0.092384
v -0.000000 1.444462 0.097038
v -0.018138 1.464970 0.094535
v 0.018172 1.460642 0.092795
v 0.015946 1.463104 0.103078
v 0.011678 1.462667 0.104860
v 0.077040 1.532918 0.085571
v 0.061110 1.549738 0.103070
v 0.052709 1.613814 0.094972
v 0.030169 1.659526 0.060257
v -0.009796 1.457391 0.095115
v -0.004125 1.461003 0.107153
v 0.073058 1.544521 0.093359
v 0.064589 1.573530 0.104491
v 0.054776 1.534540 0.098483
v 0.047173 1.532499 0.087712
v 0.050122 1.534515 0.100466
v 0.068579 1.534784 0.093686
v 0.059582 1.532499 0.096862
v 0.064177 1.539059 0.096534
v 0.070142 1.514486 0.089502
v -0.071696 1.522543 0.090217
v -0.070142 1.514486 0.089502
v -0.063245 1.529028 0.095240
v -0.044317 1.494944 0.087822
v 0.023969 1.509958 0.102617
v 0.025615 1.507085 0.092519
v 0.039604 1.529684 0.091183
v 0.040654 1.531179 0.103096
v -0.017827 1.523643 0.108413
v 0.031790 1.531541 0.105398
v 0.017827 1.523643 0.108413
v -0.061110 1.549738 0.103070
v -0.048517 1.575967 0.112136
v -0.042754 1.550276 0.108094
v -0.073058 1.544521 0.093359
v -0.064589 1.573530 0.104490
v -0.076115 1.565641 0.092577
v -0.077040 1.532918 0.085570
v 0.036596 1.472463 0.103415
v 0.050710 1.488871 0.099803
v 0.051853 1.472874 0.092989
v 0.019365 1.466599 0.104272
v 0.014602 1.462927 0.103743
v -0.003680 1.460550 0.107204
v -0.000000 1.463650 0.098088
v -0.021087 1.474933 0.109985
v 0.055171 1.496953 0.094560
v -0.000000 1.434977 0.090679
v 0.010569 1.437817 0.088301
v 0.009636 1.461751 0.105809
v 0.003680 1.460550 0.107204
v -0.014602 1.462927 0.103743
v -0.009636 1.461751 0.105809
v 0.016904 1.470203 0.107439
v 0.004452 1.471522 0.113656
v 0.071696 1.522543 0.090217
v 0.076115 1.565641 0.092577
v 0.035142 1.534943 0.105380
v 0.031404 1.544352 0.109867
v 0.052550 1.541807 0.101558
v 0.046367 1.540522 0.103725
v -0.000000 1.474378 0.118184
v 0.007973 1.478175 0.114168
v -0.004452 1.471522 0.113656
v -0.016904 1.470203 0.107439
v -0.070680 1.528659 0.091947
v -0.068579 1.534784 0.093686
v -0.064177 1.539059 0.096534
v -0.007973 1.478175 0.114168
v -0.005713 1.488702 0.115151
v -0.000000 1.478251 0.123267
v 0.002310 1.482435 0.123502
v -0.000000 1.481679 0.125720
v 0.069041 1.494710 0.082227
v 0.059632 1.489400 0.093006
v 0.062119 1.477033 0.078640
v 0.024305 1.517896 0.103986
v 0.023666 1.525046 0.106641
v 0.024305 1.517896 0.103986
v 0.024633 1.517896 0.093476
v -0.061001 1.499952 0.091023
v -0.069041 1.494710 0.082227
v -0.062119 1.477033 0.078640
v -0.065219 1.504497 0.090435
v -0.062346 1.504799 0.090771
v 0.026649 1.504211 0.101474
v 0.065219 1.504497 0.090435
v 0.061001 1.499952 0.091023
v 0.062346 1.504799 0.090771
v 0.078173 1.578495 0.085378
v 0.003680 1.460550 0.107204
v 0.003839 1.463642 0.111152
v 0.009636 1.461751 0.105809
v -0.003680 1.460550 0.107204
v -0.009636 1.461751 0.105809
v -0.003839 1.463642 0.111152
v -0.000000 1.460021 0.107615
v -0.000000 1.460021 0.107615
v -0.000000 1.462994 0.111850
v -0.059632 1.489400 0.093005
v 0.062027 1.505245 0.082571
v 0.031790 1.531541 0.105398
v 0.034697 1.535951 0.106977
v 0.025439 1.522316 0.105481
v -0.058742 1.541488 0.099390
v -0.046367 1.540522 0.103725
v -0.031404 1.544352 0.109867
v -0.035823 1.528525 0.103751
v -0.040755 1.538203 0.104549
v -0.035142 1.534943 0.105380
v -0.026649 1.504211 0.101474
v 0.065219 1.504497 0.090435
v 0.061001 1.499952 0.091023
v 0.075124 1.519031 0.085402
v -0.024305 1.517896 0.103986
v -0.023666 1.525046 0.106641
v -0.025439 1.522316 0.105481
v -0.028850 1.528139 0.105422
v -0.029673 1.523316 0.103877
v -0.028850 1.528139 0.105422
v -0.025439 1.522316 0.105481
v -0.004343 1.465969 0.111916
v -0.000000 1.470875 0.114714
v -0.000000 1.465423 0.112631
v -0.048492 1.493878 0.096761
v -0.040360 1.494172 0.099349
v -0.032303 1.499196 0.100559
v -0.065219 1.504497 0.090435
v -0.075124 1.519031 0.085402
v -0.061001 1.499952 0.091023
v 0.070680 1.528659 0.091947
v -0.083466 1.539883 0.011808
v -0.043392 1.531490 0.089452
v -0.019365 1.466599 0.104272
v -0.024288 1.455568 0.095568
v 0.032303 1.499196 0.100559
v 0.048492 1.493878 0.096761
v 0.040360 1.494172 0.099349
v 0.055171 1.496953 0.094560
v -0.055171 1.496953 0.094560
v 0.010662 1.463751 0.107935
v 0.011299 1.466094 0.108951
v -0.011299 1.466094 0.108951
v -0.010662 1.463751 0.107935
v -0.024305 1.517896 0.103986
v -0.030228 1.522804 0.093199
v -0.070142 1.514486 0.089502
v 0.025439 1.522316 0.105481
v 0.028850 1.528139 0.105422
v 0.029673 1.523316 0.103877
v 0.028850 1.528139 0.105422
v -0.010569 1.437817 0.088301
v -0.000000 1.460718 0.107708
v -0.000000 1.456123 0.106221
v -0.004033 1.456232 0.105674
v -0.004125 1.461003 0.107153
v -0.000000 1.460718 0.107708
v 0.004125 1.461003 0.107153
v 0.011888 1.458584 0.104053
v 0.004033 1.456232 0.105674
v -0.031790 1.531541 0.105398
v -0.034697 1.535951 0.106977
v -0.031790 1.531541 0.105398
v -0.046367 1.540522 0.103725
v -0.045812 1.542790 0.104860
v -0.040755 1.538203 0.104549
v -0.035142 1.534943 0.105380
v 0.046367 1.540522 0.103725
v 0.045812 1.542790 0.104860
v 0.052550 1.541807 0.101558
v 0.035142 1.534943 0.105380
v -0.058397 1.532684 0.084066
v 0.070680 1.528659 0.091947
v 0.068579 1.534784 0.093686
v 0.064177 1.539059 0.096534
v 0.053314 1.533188 0.085974
v 0.045476 1.533238 0.102440
v 0.043392 1.531490 0.089452
v -0.000000 1.432053 0.084806
v -0.071696 1.522543 0.090217
v -0.070680 1.528659 0.091947
v -0.011678 1.462667 0.104860
v -0.011888 1.458584 0.104053
v -0.018365 1.462978 0.101911
v 0.011678 1.462667 0.104860
v 0.018365 1.462978 0.101911
v 0.070142 1.514486 0.089502
v 0.071696 1.522543 0.090217
v -0.052550 1.541807 0.101558
v -0.052550 1.541807 0.101558
v -0.068579 1.534784 0.093686
v -0.064177 1.539059 0.096534
v 0.040755 1.538203 0.104549
v 0.040755 1.538203 0.104549
v 0.058742 1.541488 0.099390
v -0.014602 1.462927 0.103743
v -0.015946 1.463104 0.103078
v 0.014602 1.462927 0.103743
v 0.015946 1.463104 0.103078
v -0.032731 1.525979 0.103810
v -0.035823 1.527710 0.092930
v -0.024633 1.517896 0.093476
v -0.050122 1.534515 0.100466
v 0.004343 1.465969 0.111916
v 0.000000 1.475244 -0.019638
v 0.033193 1.525408 0.093056
v -0.058742 1.541488 0.099390
v 0.058742 1.541488 0.099390
v -0.033026 1.525257 0.093056
v -0.570513 1.061642 0.064677
v -0.565942 1.080864 0.060980
v -0.555357 1.071437 0.060821
v -0.567169 1.088727 -0.001072
v -0.534782 1.101967 0.029021
v -0.506168 1.103866 0.031769
v -0.484753 1.122954 -0.003584
v -0.520988 1.125138 -0.016530
v -0.511166 1.102421 -0.010380
v -0.540596 1.083291 0.049748
v -0.539697 1.088198 0.057065
v -0.551787 1.099473 0.053638
v -0.507881 1.114073 0.046126
v -0.554895 1.095137 0.042783
v -0.558885 1.110318 0.044766
v -0.551787 1.099473 0.053638
v -0.522205 1.133884 0.028232
v -0.565892 1.089021 -0.021042
v -0.586761 1.105353 0.006389
v -0.523231 1.131145 -0.005810
v -0.580989 1.108041 0.039078
v -0.585946 1.107352 0.023914
v -0.570378 1.096254 -0.021579
v -0.581711 1.101220 -0.010002
v -0.631774 1.059726 0.004843
v -0.630817 1.057449 -0.002677
v -0.640932 1.066363 -0.003189
v -0.567295 1.089180 0.025173
v -0.597783 1.075025 -0.004432
v -0.618198 1.063238 -0.003315
v -0.598111 1.076184 0.004994
v -0.597783 1.075025 -0.004432
v -0.602757 1.086694 -0.005801
v -0.618198 1.063238 -0.003315
v -0.581384 1.090315 0.008346
v -0.603690 1.089239 0.003575
v -0.586761 1.105353 0.006389
v -0.581384 1.090315 0.008346
v -0.581711 1.101220 -0.010002
v -0.575612 1.088307 -0.007280
v -0.581384 1.090315 0.008346
v -0.644310 1.059037 0.014748
v -0.654223 1.068001 0.014395
v -0.644553 1.060028 0.022603
v -0.580997 1.094683 0.024812
v -0.608487 1.091079 0.020562
v -0.585946 1.107352 0.023914
v -0.580997 1.094683 0.024812
v -0.581384 1.090315 0.008346
v -0.604143 1.079242 0.022317
v -0.586761 1.105353 0.006389
v -0.608554 1.091423 0.011152
v -0.581384 1.090315 0.008346
v -0.603698 1.078167 0.012858
v -0.603698 1.078167 0.012858
v -0.551787 1.099473 0.053638
v -0.566321 1.077335 0.052814
v -0.554895 1.095137 0.042783
v -0.539697 1.088198 0.057065
v -0.554895 1.095137 0.042783
v -0.557440 1.069370 0.053124
v -0.540596 1.083291 0.049748
v -0.566321 1.077335 0.052814
v -0.613905 1.057105 -0.009498
v -0.613124 1.056105 -0.016698
v -0.623416 1.061381 -0.017622
v -0.586290 1.075991 -0.018588
v -0.602858 1.064077 -0.017715
v -0.603908 1.065598 -0.009590
v -0.570378 1.096254 -0.021579
v -0.581711 1.101220 -0.010002
v -0.591440 1.083619 -0.021487
v -0.594011 1.086080 -0.011338
v -0.575612 1.088307 -0.007280
v -0.587298 1.077318 -0.009355
v -0.575612 1.088307 -0.007280
v -0.587298 1.077318 -0.009355
v -0.576948 1.097187 0.040405
v -0.554895 1.095137 0.042783
v -0.639260 1.064985 0.032828
v -0.649123 1.072117 0.032365
v -0.639352 1.066086 0.040825
v -0.580989 1.108041 0.039078
v -0.608596 1.092986 0.039011
v -0.585946 1.107352 0.023914
v -0.576948 1.097187 0.040405
v -0.580997 1.094683 0.024812
v -0.604269 1.084459 0.040094
v -0.609251 1.092986 0.028257
v -0.580997 1.094683 0.024812
v -0.507881 1.114073 0.046126
v -0.539697 1.088198 0.057065
v -0.604252 1.083224 0.030038
v -0.625482 1.071395 0.032122
v -0.604252 1.083224 0.030038
v -0.629893 1.079923 0.030752
v -0.625482 1.071395 0.032122
v -0.576948 1.097187 0.040405
v -0.604269 1.084459 0.040094
v -0.555357 1.071437 0.060821
v -0.622970 1.073193 -0.004525
v -0.635572 1.067203 -0.003659
v -0.630817 1.057449 -0.002677
v -0.636538 1.069497 0.003465
v -0.625222 1.072689 0.040598
v -0.643671 1.073462 0.031626
v -0.639260 1.064985 0.032828
v -0.625222 1.072689 0.040598
v -0.639352 1.066086 0.040825
v -0.649216 1.072933 0.039062
v -0.643764 1.074554 0.039607
v -0.643671 1.073462 0.031626
v -0.643764 1.074554 0.039607
v -0.649123 1.072117 0.032365
v -0.604143 1.079242 0.022317
v -0.644553 1.060028 0.022603
v -0.654382 1.068589 0.020906
v -0.648712 1.070001 0.021192
v -0.648485 1.069035 0.013487
v -0.644310 1.059037 0.014748
v -0.648485 1.069035 0.013487
v -0.648712 1.070001 0.021192
v -0.654223 1.068001 0.014395
v -0.575612 1.088307 -0.007280
v -0.483929 1.119265 0.008767
v -0.484753 1.122954 -0.003584
v -0.608924 1.073949 -0.011078
v -0.618341 1.063624 -0.017950
v -0.607529 1.071631 -0.018857
v -0.619114 1.064615 -0.011346
v -0.613905 1.057105 -0.009498
v -0.624306 1.062775 -0.012144
v -0.627843 1.066808 0.022696
v -0.627843 1.066808 0.022696
v -0.603908 1.065598 -0.009590
v -0.623357 1.074193 0.003700
v -0.631774 1.059726 0.004843
v -0.641545 1.067564 0.003053
v -0.635572 1.067203 -0.003659
v -0.636538 1.069497 0.003465
v -0.641545 1.067564 0.003053
v -0.640932 1.066363 -0.003189
v -0.627431 1.065716 0.013858
v -0.627431 1.065716 0.013858
v -0.489004 1.130162 0.030760
v -0.493271 1.142075 0.027072
v -0.485366 1.121408 0.022502
v -0.618560 1.064145 0.004809
v -0.577603 1.066254 0.055225
v -0.579720 1.064212 0.065382
v -0.573504 1.059087 0.055343
v -0.575360 1.057835 0.065912
v -0.576007 1.068824 0.063433
v -0.576007 1.068824 0.063433
v -0.570513 1.061642 0.064677
v -0.579720 1.064212 0.065382
v -0.577603 1.066254 0.055225
v -0.618341 1.063624 -0.017950
v -0.619114 1.064615 -0.011346
v -0.624306 1.062775 -0.012144
v -0.613124 1.056105 -0.016698
v -0.623416 1.061381 -0.017622
v -0.565892 1.089021 -0.021042
v -0.565892 1.089021 -0.021042
v -0.586290 1.075991 -0.018588
v -0.602858 1.064077 -0.017715
v -0.539697 1.088198 0.057065
v -0.598111 1.076184 0.004994
v -0.575360 1.057835 0.065912
v -0.580997 1.094683 0.024812
v -0.576948 1.097187 0.040405
v -0.618560 1.064145 0.004809
v -0.654382 1.068589 0.020906
v -0.649216 1.072933 0.039062
v -0.494448 1.146637 0.015555
v -0.632237 1.077301 0.021275
v -0.632102 1.076889 0.012673
v -0.629347 1.080594 0.038961
v -0.490197 1.138009 -0.007213
v -0.492600 1.143621 -0.000433
v -0.489004 1.130162 0.030760
v -0.575612 1.088307 -0.007280
vn -0.6315 -0.7744 -0.0387
vn -0.4509 -0.7727 -0.4468
vn -0.4985 -0.8491 0.1746
vn -0.6306 -0.7388 -0.2376
vn 0.0708 -0.3655 -0.9281
vn -0.3430 -0.7291 -0.5923
vn -0.1431 -0.9692 -0.2002
vn -0.2056 -0.8942 -0.3976
vn 0.3442 0.6784 0.6491
vn 0.2834 0.8768 0.3884
vn 0.3725 0.2370 0.8973
vn -0.0478 0.5076 0.8603
vn -0.0485 0.3378 0.9400
vn 0.0247 0.5373 0.8430
vn 0.8871 -0.2810 0.3663
vn 0.3725 0.2369 0.8973
vn 0.3942 0.9042 -0.1646
vn 0.3707 0.8826 -0.2891
vn -0.1150 -0.9904 0.0765
vn 0.1910 -0.3993 0.8967
vn 0.0446 -0.9620 0.2695
vn 0.0107 0.3964 -0.9180
vn 0.3745 0.7811 -0.4996
vn 0.1322 0.3856 -0.9131
vn 0.3842 0.9232 -0.0013
vn 0.0422 -0.9839 0.1734
vn -0.0239 -0.9754 0.2190
vn 0.6002 -0.7253 -0.3374
vn 0.3720 -0.9060 0.2020
vn -0.4112 -0.8927 0.1842
vn 0.4891 0.5324 0.6909
vn 0.6796 0.7140 0.1681
vn 0.2106 0.0340 0.9770
vn 0.3364 0.3053 -0.8909
vn 0.0428 -0.1801 -0.9827
vn 0.3964 0.3261 -0.8582
vn -0.0094 -0.1150 -0.9933
vn 0.0177 -0.1240 -0.9921
vn -0.4749 -0.8718 0.1201
vn -0.5452 -0.8297 0.1194
vn -0.5522 -0.8143 0.1790
vn 0.5599 0.6860 -0.4648
vn 0.3699 0.4221 -0.8277
vn 0.1080 -0.1660 -0.9802
vn 0.1699 -0.9771 0.1280
vn 0.5093 0.5732 0.6419
vn 0.1588 0.0479 0.9862
vn 0.3818 0.5421 0.7485
vn 0.5380 -0.7726 -0.3370
vn 0.2816 -0.9517 0.1224
vn -0.0983 -0.9859 0.1352
vn 0.4510 0.5106 -0.7320
vn 0.0384 -0.1914 -0.9808
vn 0.1090 -0.1724 -0.9790
vn -0.4755 -0.8731 0.1080
vn -0.4658 -0.8801 0.0923
vn -0.4407 -0.8947 0.0726
vn 0.2424 0.4399 0.8647
vn 0.3660 0.6354 0.6799
vn 0.5212 0.7569 -0.3943
vn -0.4684 -0.8759 0.1160
vn -0.4449 -0.8871 0.1232
vn 0.0515 0.1424 0.9885
vn 0.0501 0.1019 0.9935
vn -0.4737 -0.8719 0.1242
vn -0.4182 -0.8993 0.1276
vn -0.4952 -0.8557 0.1499
vn 0.0494 0.1189 0.9917
vn 0.1075 0.1071 0.9884
vn -0.3081 -0.9337 0.1824
vn 0.4215 -0.8391 -0.3437
vn 0.1269 -0.9804 0.1507
vn 0.2234 0.0744 0.9719
vn 0.6268 0.6024 0.4942
vn 0.7014 0.7127 -0.0100
vn 0.2687 0.2147 -0.9390
vn 0.5438 0.6472 0.5342
vn 0.4024 0.3885 -0.8289
vn 0.3804 0.3749 -0.8454
vn -0.5859 -0.7773 0.2293
vn -0.5995 -0.7574 0.2588
vn -0.5352 -0.7742 0.3378
vn 0.0436 -0.1431 -0.9887
vn -0.5111 -0.8437 0.1639
vn -0.5988 -0.7759 0.1986
vn -0.6126 -0.7702 0.1776
vn 0.1137 0.1256 0.9855
vn 0.1400 0.1050 0.9846
vn -0.0279 -0.9915 0.1272
vn 0.6143 -0.7020 -0.3603
vn 0.3684 -0.9246 0.0966
vn 0.5164 -0.4482 0.7297
vn -0.6309 -0.6385 0.4407
vn -0.6963 -0.4780 0.5353
vn -0.3286 -0.1096 -0.9381
vn -0.2115 -0.7199 -0.6611
vn -0.1116 -0.2862 -0.9516
vn -0.0557 -0.1824 -0.9816
vn 0.3030 0.5658 0.7669
vn 0.3480 0.7422 0.5727
vn 0.3635 0.5763 -0.7319
vn 0.2074 0.2471 -0.9465
vn 0.0262 -0.1197 -0.9925
vn -0.7237 -0.5318 0.4399
vn -0.7371 -0.2757 0.6169
vn 0.0075 0.6852 0.7283
vn -0.3575 0.3907 0.8483
vn 0.0629 -0.1506 -0.9866
vn 0.1759 0.1532 -0.9724
vn 0.6143 -0.7020 -0.3604
vn 0.1954 0.9724 -0.1277
vn 0.2159 0.9702 -0.1104
vn 0.2158 0.9702 -0.1104
vn -0.6504 -0.7459 0.1433
vn -0.5348 -0.5991 0.5959
vn 0.1742 -0.7567 -0.6301
vn 0.9293 0.3342 -0.1569
vn 0.9635 -0.1708 -0.2062
vn -0.0816 0.2261 0.9707
vn 0.3017 0.4632 0.8334
vn 0.7042 0.6259 0.3352
vn 0.7887 0.6027 -0.1214
vn -0.0150 -0.1495 -0.9886
vn 0.4215 -0.8391 -0.3438
vn 0.1561 0.1326 0.9788
vn 0.4578 -0.4951 0.7385
vn 0.3459 0.3464 0.8720
vn 0.3548 0.9057 -0.2321
vn 0.3549 0.9056 -0.2322
vn 0.3046 0.9360 -0.1761
vn 0.0379 -0.1596 -0.9865
vn 0.1567 0.1340 -0.9785
vn 0.2543 0.9578 -0.1341
vn 0.2631 0.9564 -0.1271
vn 0.4734 -0.4941 0.7292
vn 0.2787 0.5837 0.7627
vn 0.0651 0.1131 0.9914
vn -0.4184 -0.8988 0.1305
vn -0.0051 -0.1141 -0.9935
vn 0.2742 0.5961 0.7546
vn 0.0817 0.1000 0.9916
vn -0.0049 -0.1500 -0.9887
vn -0.5943 -0.7731 0.2215
vn -0.0400 -0.1938 -0.9802
vn -0.4217 -0.9060 0.0360
vn 0.0579 0.0999 0.9933
vn -0.5276 -0.8241 0.2062
vn -0.5761 -0.7908 0.2068
vn -0.5187 -0.8026 0.2947
vn 0.8361 0.5482 0.0205
vn 0.1550 -0.1803 -0.9713
vn 0.7149 0.6691 0.2031
vn 0.1251 -0.0877 -0.9883
vn -0.1329 0.1327 0.9822
vn -0.5347 -0.5991 0.5959
vn -0.1506 0.2794 0.9483
vn -0.1360 0.2221 0.9655
vn 0.1307 -0.9816 -0.1392
vn 0.0670 0.0973 0.9930
vn 0.5053 -0.4637 0.7278
vn 0.6002 -0.7252 -0.3374
vn 0.5052 -0.4637 0.7278
vn 0.1689 0.9647 -0.2022
vn 0.2439 0.9322 -0.2672
vn 0.2440 0.9322 -0.2672
vn 0.3163 0.8897 -0.3293
vn -0.7272 -0.6081 0.3184
vn 0.4578 -0.4950 0.7385
vn 0.4027 0.8693 -0.2866
vn 0.3330 0.5313 -0.7790
vn 0.1345 0.0501 0.9896
vn 0.0481 0.0873 0.9950
vn 0.4735 -0.4942 0.7291
vn 0.2719 0.9548 -0.1201
vn 0.5164 -0.4483 0.7296
vn 0.2362 0.9672 -0.0931
vn -0.1207 0.1639 0.9791
vn 0.3673 -0.8987 0.2396
vn 0.3670 -0.8978 0.2433
vn 0.2009 0.3280 -0.9231
vn 0.2372 0.8492 -0.4719
vn -0.1247 0.3685 -0.9212
vn 0.3822 0.6850 -0.6202
vn 0.4051 0.7587 0.5102
vn 0.3502 0.9359 0.0372
vn 0.4059 0.7676 0.4961
vn -0.6335 -0.7288 -0.2599
vn -0.0115 -0.9986 0.0520
vn -0.4013 -0.2856 -0.8703
vn 0.4013 -0.2856 -0.8703
vn 0.4288 -0.7914 -0.4356
vn 0.5382 -0.5544 -0.6348
vn 0.2070 -0.9404 -0.2699
vn -0.0296 -0.9924 0.1191
vn -0.0531 -0.9984 0.0171
vn 0.0198 -0.8361 0.5483
vn -0.1057 -0.9804 0.1662
vn 0.5130 -0.7524 0.4132
vn 0.5725 -0.8191 0.0371
vn 0.2772 -0.7709 -0.5734
vn 0.2779 -0.9020 -0.3304
vn -0.0991 -0.8646 -0.4926
vn -0.2566 -0.7749 -0.5777
vn -0.4288 -0.7914 -0.4356
vn -0.2070 -0.9404 -0.2699
vn -0.5382 -0.5544 -0.6347
vn 0.0296 -0.9924 0.1191
vn -0.2779 -0.9020 -0.3304
vn -0.6236 -0.7721 -0.1223
vn -0.5386 -0.6898 0.4838
vn -0.5130 -0.7524 0.4132
vn -0.1381 -0.9904 0.0108
vn 0.1057 -0.9804 0.1662
vn -0.5725 -0.8191 0.0371
vn -0.2772 -0.7709 -0.5734
vn 0.2566 -0.7749 -0.5777
vn 0.0991 -0.8646 -0.4926
vn -0.9756 -0.1359 -0.1723
vn -0.9757 -0.1359 -0.1721
vn -0.9830 -0.1348 -0.1246
vn -0.9661 -0.1367 -0.2191
vn 0.3086 0.5860 0.7492
vn 0.1129 0.6354 0.7639
vn 0.0974 0.5397 0.8362
vn 0.4343 -0.8587 -0.2720
vn 0.4478 -0.8856 -0.1231
vn 0.4318 -0.8559 -0.2845
vn -0.2831 0.5215 0.8050
vn -0.0637 0.1317 0.9892
vn -0.3932 0.7177 0.5748
vn -0.4906 0.8659 -0.0972
vn -0.4485 0.7787 -0.4387
vn -0.4837 0.8582 0.1719
vn -0.3489 0.6081 -0.7131
vn 0.0449 -0.1279 -0.9908
vn 0.1458 -0.3238 -0.9348
vn -0.1697 0.2629 -0.9498
vn 0.2138 -0.4332 -0.8756
vn -0.1252 -0.9847 -0.1213
vn -0.2122 -0.9644 0.1577
vn -0.1290 -0.9207 -0.3683
vn -0.2321 -0.8785 0.4176
vn -0.7611 0.1873 0.6210
vn -0.9201 0.3743 0.1152
vn -0.6406 -0.0278 0.7674
vn 0.1879 -0.9186 -0.3476
vn 0.0525 -0.7968 -0.6020
vn 0.2404 -0.9256 -0.2925
vn -0.1523 -0.5428 -0.8259
vn -0.4741 0.1053 -0.8741
vn -0.4888 0.0920 -0.8676
vn -0.6004 0.7988 0.0377
vn -0.5979 0.7664 0.2347
vn -0.6062 0.7069 -0.3644
vn -0.4975 0.3556 0.7912
vn -0.5269 0.5491 0.6488
vn -0.2594 -0.1309 0.9568
vn 0.2508 -0.8899 0.3809
vn 0.1653 -0.7851 0.5969
vn 0.3002 -0.9387 0.1694
vn -0.4528 -0.8885 0.0741
vn -0.4478 -0.8856 -0.1231
vn -0.4100 -0.8056 0.4277
vn -0.3200 -0.6123 0.7229
vn 0.0637 0.1317 0.9892
vn -0.1135 -0.2165 0.9697
vn 0.2831 0.5215 0.8050
vn 0.4906 0.8659 -0.0972
vn 0.4837 0.8582 0.1719
vn 0.4485 0.7787 -0.4387
vn 0.1697 0.2629 -0.9498
vn -0.0452 -0.1278 -0.9908
vn 0.3489 0.6081 -0.7131
vn -0.1458 -0.3238 -0.9348
vn -0.2138 -0.4332 -0.8756
vn 0.2122 -0.9644 0.1577
vn 0.1252 -0.9847 -0.1214
vn 0.1290 -0.9207 -0.3683
vn 0.2321 -0.8785 0.4176
vn 0.9201 0.3743 0.1152
vn 0.7911 0.4430 -0.4217
vn 0.8614 0.4933 0.1214
vn -0.0525 -0.7968 -0.6020
vn -0.1879 -0.9186 -0.3476
vn -0.2404 -0.9256 -0.2925
vn 0.1522 -0.5428 -0.8259
vn 0.4741 0.1053 -0.8741
vn 0.4888 0.0920 -0.8676
vn 0.6062 0.7069 -0.3644
vn 0.5989 0.7999 0.0376
vn 0.6076 0.5921 -0.5294
vn 0.5980 0.7664 0.2347
vn -0.2508 -0.8899 0.3810
vn -0.3002 -0.9387 0.1694
vn -0.1653 -0.7851 0.5969
vn 0.1400 0.7216 -0.6780
vn 0.2550 0.6138 -0.7471
vn 0.2072 0.7642 -0.6107
vn 0.0094 0.6200 -0.7846
vn 0.5913 0.6942 -0.4104
vn 0.2161 0.8429 0.4928
vn 0.4761 0.5716 0.6683
vn -0.6419 0.6293 -0.4382
vn 0.4798 0.2692 0.8351
vn 0.7537 -0.2523 0.6069
vn 0.3130 0.2924 0.9036
vn 0.7095 -0.2965 0.6393
vn 0.9110 -0.4098 0.0465
vn -0.4782 -0.3271 -0.8151
vn -0.3346 -0.5578 -0.7596
vn -0.3717 -0.5736 -0.7300
vn -0.3688 0.1055 -0.9235
vn -0.4490 0.6474 0.6158
vn -0.3457 0.1325 0.9290
vn -0.2826 0.7345 0.6169
vn -0.4727 -0.3196 0.8212
vn -0.3225 -0.7017 0.6353
vn -0.3059 -0.8300 0.4664
vn -0.2307 -0.9729 0.0168
vn -0.3824 0.7115 0.5895
vn -0.3824 0.7115 0.5896
vn -0.4659 0.7368 0.4899
vn -0.2921 0.6737 0.6788
vn -0.1129 0.6354 0.7639
vn -0.0903 0.6236 0.7765
vn -0.1354 0.6467 0.7506
vn 0.9757 -0.1359 -0.1721
vn 0.9756 -0.1359 -0.1723
vn 0.9830 -0.1348 -0.1246
vn 0.9661 -0.1367 -0.2191
vn -0.0000 0.5572 0.8304
vn 0.1972 0.4597 0.8659
vn 0.3862 0.4774 0.7892
vn -0.0000 0.4849 0.8746
vn 0.3823 0.7115 0.5896
vn 0.3824 0.7115 0.5895
vn 0.4659 0.7368 0.4899
vn 0.2921 0.6737 0.6789
vn -0.1400 0.7216 -0.6780
vn -0.2072 0.7643 -0.6107
vn -0.2550 0.6138 -0.7471
vn -0.0094 0.6200 -0.7846
vn -0.2161 0.8429 0.4928
vn -0.5913 0.6942 -0.4104
vn -0.4761 0.5716 0.6683
vn 0.6419 0.6293 -0.4382
vn -0.4798 0.2692 0.8351
vn -0.2530 0.6815 0.6867
vn -0.3130 0.2924 0.9036
vn -0.7537 -0.2523 0.6069
vn -0.9110 -0.4098 0.0465
vn -0.7095 -0.2965 0.6393
vn -0.6629 -0.2923 -0.6893
vn -0.6702 -0.3475 -0.6557
vn -0.4856 -0.1663 -0.8582
vn 0.4782 -0.3271 -0.8151
vn 0.3346 -0.5578 -0.7596
vn 0.3688 0.1056 -0.9235
vn 0.4754 0.5502 -0.6865
vn 0.4180 0.7455 -0.5192
vn 0.3457 0.1325 0.9290
vn 0.4727 -0.3196 0.8212
vn 0.4490 0.6474 0.6158
vn 0.3059 -0.8300 0.4664
vn 0.3225 -0.7017 0.6353
vn 0.2307 -0.9729 0.0168
vn 0.2023 -0.9301 -0.3064
vn 0.2246 -0.9741 0.0268
vn 0.2851 0.5066 0.8137
vn 0.1125 0.1441 0.9831
vn 0.4479 0.7042 0.5509
vn 0.4935 0.8629 0.1093
vn 0.4975 0.7701 -0.3994
vn 0.3571 0.5840 -0.7290
vn 0.3051 0.4315 -0.8490
vn 0.2623 0.6271 -0.7335
vn 0.1402 0.4011 -0.9052
vn 0.2910 0.5957 -0.7486
vn 0.4912 0.8239 -0.2827
vn 0.4153 0.9059 0.0832
vn 0.5120 0.7966 0.3214
vn -0.0404 0.0044 0.9992
vn -0.0402 0.0924 0.9949
vn 0.2113 0.6010 0.7708
vn -0.4146 -0.5464 0.7277
vn -0.3593 -0.5982 0.7163
vn -0.4839 -0.8718 0.0758
vn -0.3946 -0.5832 -0.7101
vn -0.4904 -0.6019 -0.6302
vn -0.5445 -0.8227 -0.1637
vn 0.2139 0.6967 -0.6847
vn 0.1408 0.5213 -0.8417
vn 0.2080 0.4900 -0.8465
vn -0.1887 0.0466 0.9809
vn -0.0405 0.2332 0.9716
vn -0.6232 -0.7732 0.1172
vn -0.4888 -0.5258 0.6961
vn -0.2097 -0.3383 -0.9174
vn -0.3147 -0.2957 -0.9020
vn -0.4791 -0.5587 -0.6770
vn -0.2623 0.6271 -0.7335
vn -0.2910 0.5957 -0.7486
vn -0.1402 0.4011 -0.9052
vn -0.4912 0.8239 -0.2827
vn -0.4153 0.9059 0.0832
vn -0.5120 0.7966 0.3214
vn 0.0404 0.0044 0.9992
vn -0.2113 0.6010 0.7708
vn 0.0402 0.0924 0.9949
vn 0.4146 -0.5464 0.7277
vn 0.4839 -0.8718 0.0758
vn 0.3593 -0.5982 0.7163
vn 0.3946 -0.5832 -0.7101
vn 0.5445 -0.8226 -0.1637
vn 0.4904 -0.6019 -0.6302
vn -0.2139 0.6967 -0.6847
vn -0.2080 0.4900 -0.8465
vn -0.1408 0.5213 -0.8417
vn 0.2097 -0.3383 -0.9174
vn 0.4065 -0.6376 -0.6544
vn 0.4791 -0.5587 -0.6770
vn 0.3147 -0.2957 -0.9020
vn 0.1381 -0.9904 0.0108
vn -0.3569 -0.9297 -0.0912
vn 0.1635 0.6978 0.6974
vn 0.0991 0.4423 0.8914
vn 0.0405 0.2332 0.9716
vn -0.1635 0.6978 0.6974
vn -0.0991 0.4423 0.8914
vn 0.3569 -0.9297 -0.0912
vn 0.6232 -0.7732 0.1172
vn 0.4888 -0.5258 0.6962
vn -0.4754 0.5502 -0.6865
vn -0.4180 0.7455 -0.5192
vn -0.5963 0.7975 -0.0922
vn 0.5475 0.8228 0.1521
vn 0.2826 0.7345 0.6169
vn 0.3839 0.6108 0.6925
vn 0.3267 0.8849 0.3320
vn 0.3465 0.9380 0.0122
vn 0.3395 0.9406 -0.0028
vn -0.3465 0.9380 0.0122
vn -0.3267 0.8849 0.3320
vn -0.3395 0.9406 -0.0028
vn -0.3828 0.6114 0.6925
vn 0.1876 -0.9308 -0.3136
vn 0.2309 -0.9192 0.3189
vn 0.2821 -0.8416 0.4606
vn 0.1741 -0.8093 -0.5611
vn -0.3297 0.8922 -0.3086
vn -0.3314 0.8843 -0.3289
vn -0.0600 -0.8128 0.5794
vn -0.0279 -0.9993 0.0233
vn -0.2023 -0.9301 -0.3064
vn -0.1876 -0.9308 -0.3136
vn -0.2821 -0.8416 0.4606
vn -0.2309 -0.9192 0.3189
vn 0.3297 0.8640 0.3804
vn -0.1697 0.5507 -0.8172
vn -0.1742 -0.8092 -0.5611
vn 0.0279 -0.9993 0.0233
vn 0.0268 -0.8873 -0.4604
vn 0.0600 -0.8128 0.5794
vn 0.1697 0.5507 -0.8172
vn 0.5963 0.7975 -0.0922
vn 0.8832 -0.3994 -0.2459
vn 0.6629 -0.2923 -0.6893
vn 0.2530 0.6815 0.6867
vn 0.3752 0.7116 0.5940
vn 0.6702 -0.3475 -0.6558
vn -0.8832 -0.3994 -0.2459
vn -0.3752 0.7116 0.5941
vn 0.5386 -0.6898 0.4838
vn 0.1106 -0.8607 0.4970
vn -0.3297 0.8640 0.3804
vn -0.0278 -0.8874 -0.4602
vn 0.6236 -0.7721 -0.1223
vn 0.3932 0.7177 0.5748
vn 0.3297 0.8922 -0.3086
vn 0.3314 0.8843 -0.3289
vn 0.3200 -0.6123 0.7229
vn 0.1135 -0.2165 0.9697
vn 0.4100 -0.8056 0.4277
vn -0.0853 -0.4222 0.9025
vn 0.0531 -0.9984 0.0171
vn 0.4528 -0.8885 0.0741
vn -0.1106 -0.8607 0.4970
vn 0.1887 0.0466 0.9809
vn 0.1042 0.4491 0.8874
vn 0.4012 0.5314 0.7461
vn -0.2246 -0.9741 0.0268
vn 0.3435 -0.2587 -0.9028
vn 0.3857 -0.5335 -0.7527
vn 0.2719 -0.3055 -0.9125
vn -0.5326 -0.5189 -0.6687
vn 0.3717 -0.5736 -0.7300
vn -0.5475 0.8228 0.1521
vn 0.5326 -0.5189 -0.6687
vn -0.3435 -0.2587 -0.9028
vn 0.6600 0.5804 0.4770
vn 0.6672 0.6054 0.4340
vn -0.0198 -0.8361 0.5483
vn 0.1300 0.4936 0.8599
vn 0.5791 0.4903 0.6514
vn 0.3207 0.5301 0.7850
vn -0.4065 -0.6376 -0.6544
vn -0.1055 -0.1529 0.9826
vn -0.2186 -0.3615 0.9064
vn -0.2669 0.2542 -0.9296
vn -0.0000 0.2638 -0.9646
vn -0.0000 0.0995 -0.9950
vn 0.2669 0.2542 -0.9296
vn 0.0853 -0.4222 0.9025
vn 0.7611 0.1873 0.6210
vn 0.6406 -0.0278 0.7674
vn 0.5269 0.5491 0.6488
vn 0.4976 0.3556 0.7912
vn 0.2571 -0.1298 0.9576
vn -0.8614 0.4933 0.1214
vn -0.7911 0.4430 -0.4217
vn -0.6076 0.5921 -0.5294
vn 0.1009 0.5222 0.8468
vn 0.1354 0.6467 0.7506
vn 0.4856 -0.1663 -0.8582
vn 0.4185 -0.1768 -0.8909
vn -0.2559 -0.2786 -0.9257
vn -0.4185 -0.1768 -0.8909
vn -0.3190 0.9478 -0.0028
vn 0.0840 0.8500 0.5200
vn -0.3145 0.4036 -0.8592
vn 0.7419 0.4622 0.4857
vn 0.3190 0.9478 -0.0028
vn -0.1972 0.4597 0.8659
vn -0.0840 0.8500 0.5200
vn 0.4857 -0.8737 0.0259
vn -0.4857 -0.8737 0.0259
vn -0.2887 -0.4038 0.8681
vn 0.2590 0.4085 -0.8753
vn -0.3229 0.4224 0.8470
vn 0.8568 0.2653 0.4421
vn -0.8568 0.2652 0.4421
vn 0.0950 0.8688 -0.4861
vn 0.2559 -0.2786 -0.9257
vn -0.0663 0.4705 -0.8799
vn 0.8144 0.3856 0.4337
vn 0.2942 -0.9391 0.1773
vn -0.7229 0.2897 -0.6273
vn 0.7229 0.2897 -0.6273
vn 0.3266 -0.6793 0.6572
vn -0.3857 -0.5335 -0.7527
vn -0.2719 -0.3055 -0.9125
vn 0.0663 0.4705 -0.8799
vn 0.1861 0.5419 -0.8196
vn 0.3145 0.4036 -0.8592
vn -0.1861 0.5419 -0.8196
vn -0.4343 -0.8587 -0.2720
vn -0.3862 0.4774 0.7892
vn -0.0950 0.8688 -0.4860
vn -0.3266 -0.6793 0.6572
vn 0.7182 0.3098 -0.6231
vn -0.2942 -0.9391 0.1773
vn -0.4318 -0.8559 -0.2845
vn -0.7182 0.3097 -0.6231
vn -0.4531 0.3214 0.8315
vn 0.6073 -0.3231 -0.7258
vn 0.6109 -0.1176 -0.7829
vn 0.3011 0.0366 -0.9529
vn -0.9995 -0.0306 0.0053
vn -0.9983 -0.0547 -0.0177
vn -0.9805 -0.1262 -0.1508
vn -0.9964 0.0175 0.0833
vn -0.9986 0.0170 0.0506
vn 0.9390 0.0017 0.3438
vn 0.6411 -0.0797 0.7633
vn 0.8533 0.1520 0.4988
vn 0.7473 0.4169 0.5173
vn 0.8023 0.4649 0.3745
vn 0.8242 0.4477 0.3468
vn 0.4447 0.0376 0.8949
vn 0.2639 -0.0376 0.9638
vn -0.0000 0.3711 -0.9286
vn -0.3834 0.3427 -0.8576
vn -0.3819 0.4650 -0.7987
vn 0.3834 0.3427 -0.8576
vn -0.0000 0.2313 -0.9729
vn -0.0378 0.2804 0.9591
vn -0.0377 0.2804 0.9591
vn -0.5799 0.3532 0.7342
vn -0.0000 0.1280 0.9918
vn -0.0000 0.0838 -0.9965
vn -0.8382 0.0529 -0.5428
vn -0.0000 0.1555 -0.9878
vn -0.8355 -0.0177 -0.5492
vn -0.9930 0.0482 0.1077
vn -0.9879 0.1161 0.1028
vn -0.6837 0.0652 0.7268
vn -0.6952 -0.0203 0.7185
vn -0.0000 0.0770 0.9970
vn 0.6837 0.0652 0.7268
vn -0.0000 0.1791 0.9838
vn 0.8382 0.0529 -0.5428
vn 0.9930 0.0482 0.1077
vn 0.8355 -0.0177 -0.5492
vn -0.8354 0.1475 -0.5294
vn -0.3364 -0.2976 -0.8935
vn -0.3613 -0.1475 -0.9207
vn -0.7998 -0.2682 -0.5370
vn -0.9462 -0.1515 -0.2858
vn -0.4447 0.0376 0.8949
vn -0.2639 -0.0376 0.9638
vn -0.6411 -0.0796 0.7633
vn -0.8533 0.1520 0.4988
vn -0.7112 0.3878 0.5864
vn -0.4368 0.2503 0.8640
vn -0.9380 -0.0340 0.3450
vn -0.9847 -0.0829 0.1535
vn -0.6048 0.2565 0.7539
vn -0.9111 0.2168 0.3506
vn -0.8012 0.1074 -0.5886
vn -0.9946 0.0702 -0.0762
vn -0.9943 0.0519 -0.0929
vn -0.1879 -0.1406 0.9721
vn 0.0321 -0.1464 0.9887
vn 0.5082 -0.0582 0.8593
vn -0.6250 -0.1636 0.7633
vn -0.7031 -0.1435 0.6964
vn -0.8270 -0.1673 0.5368
vn -0.0000 0.2879 -0.9577
vn -0.3958 0.2644 -0.8795
vn -0.3849 0.2528 -0.8876
vn -0.0000 0.3019 -0.9533
vn 0.8464 0.3476 -0.4033
vn 0.8784 0.4248 0.2191
vn 0.6423 0.3102 -0.7009
vn 0.7936 0.2898 0.5350
vn 0.6298 0.4242 0.6507
vn 0.5497 0.7720 0.3191
vn 0.9983 -0.0547 -0.0177
vn 0.9995 -0.0306 0.0053
vn 0.9805 -0.1262 -0.1508
vn 0.9785 -0.0847 0.1880
vn 0.9854 0.0620 0.1588
vn 0.9265 0.1587 0.3412
vn 0.6598 0.1138 0.7428
vn 0.9554 -0.2828 -0.0854
vn 0.9579 -0.2777 -0.0726
vn 0.9356 -0.2480 -0.2514
vn -0.0000 0.4646 0.8855
vn -0.0000 0.3666 0.9304
vn 0.6251 0.7805 0.0101
vn 0.6251 0.7805 0.0100
vn 0.4517 0.8854 0.1097
vn 0.7666 0.6357 -0.0902
vn 0.5475 0.7633 0.3429
vn 0.5474 0.7634 0.3429
vn 0.4267 0.8401 0.3349
vn 0.6570 0.6709 0.3440
vn 0.0377 0.2804 0.9591
vn 0.0378 0.2804 0.9591
vn 0.5799 0.3532 0.7342
vn 0.7998 -0.2682 -0.5370
vn 0.8354 0.1475 -0.5294
vn 0.3180 -0.2840 -0.9045
vn 0.4074 0.6318 -0.6594
vn 0.3763 0.8136 -0.4433
vn 0.3817 0.4526 -0.8059
vn 0.7772 0.4311 -0.4584
vn 0.9354 0.3469 -0.0683
vn 0.5803 0.7709 -0.2624
vn -0.0223 0.1286 -0.9914
vn 0.2366 0.2816 -0.9299
vn 0.2590 -0.0386 -0.9651
vn -0.0330 -0.1457 -0.9888
vn -0.0000 -0.1927 -0.9813
vn -0.0000 -0.2133 -0.9770
vn 0.3613 -0.1475 -0.9207
vn 0.6660 0.2185 0.7132
vn 0.7031 -0.1435 0.6964
vn 0.1879 -0.1406 0.9721
vn 0.7876 0.3616 0.4989
vn 0.6581 0.6033 0.4505
vn 0.7053 0.6889 0.1675
vn 0.8170 -0.0610 -0.5734
vn 0.9010 0.0727 -0.4276
vn 0.2883 0.5020 0.8154
vn 0.2833 0.2172 0.9341
vn 0.3683 0.7896 0.4907
vn 0.3853 0.4995 0.7759
vn 0.3977 0.9142 0.0781
vn -0.2025 -0.2971 -0.9331
vn -0.3178 -0.5391 -0.7800
vn -0.1894 -0.3069 -0.9327
vn -0.3573 -0.6530 -0.6678
vn -0.0990 -0.2587 0.9609
vn 0.0362 -0.1345 0.9902
vn -0.3064 -0.7088 0.6354
vn 0.5169 0.8527 0.0761
vn 0.5165 0.8545 -0.0551
vn 0.3931 0.5765 0.7163
vn 0.4179 0.6415 -0.6433
vn 0.5020 0.7772 -0.3795
vn 0.4049 0.6217 -0.6705
vn -0.4965 -0.8679 0.0150
vn -0.5182 -0.7859 0.3373
vn -0.3938 -0.7239 0.5665
vn -0.3845 -0.7043 -0.5968
vn 0.1629 0.2762 -0.9472
vn 0.2031 0.4082 -0.8900
vn 0.0225 0.8889 -0.4575
vn -0.0032 0.8292 -0.5590
vn -0.0078 0.5384 -0.8427
vn 0.0590 0.9981 0.0198
vn 0.0712 0.9975 -0.0049
vn 0.0895 0.9068 0.4120
vn -0.1916 0.2972 -0.9354
vn 0.9472 0.1933 0.2560
vn 0.9847 -0.0829 0.1535
vn 0.9462 -0.1515 -0.2858
vn -0.7982 0.1290 -0.5885
vn -0.0000 0.1206 -0.9927
vn -0.0000 0.1042 -0.9946
vn 0.7874 0.5275 -0.3189
vn 0.8320 0.4970 -0.2467
vn 0.8330 0.5141 -0.2045
vn -0.0000 0.2173 -0.9761
vn 0.3462 0.3930 -0.8519
vn -0.0000 0.5985 -0.8011
vn -0.8347 0.4389 0.3327
vn -0.4609 0.5836 -0.6686
vn -0.7596 0.5313 -0.3752
vn -0.3462 0.3930 -0.8519
vn 0.9879 0.1161 0.1028
vn 0.8012 0.1074 -0.5886
vn -0.4802 -0.8663 -0.1374
vn 0.9371 -0.2365 -0.2568
vn -0.6598 -0.3341 -0.6731
vn 0.1215 0.8067 0.5783
vn 0.3362 0.9408 0.0426
vn 0.4609 0.5836 -0.6686
vn 0.7330 0.3548 0.5804
vn 0.6460 0.5632 0.5153
vn 0.6621 0.5371 0.5226
vn 0.6952 -0.0203 0.7185
vn 0.9943 0.0519 -0.0929
vn 0.7941 0.4048 0.4533
vn 0.3819 0.4650 -0.7987
vn 0.2670 0.2923 0.9183
vn 0.4323 -0.7990 0.4179
vn -0.7923 0.4311 0.4318
vn -0.4330 0.5088 0.7440
vn -0.1526 0.4800 0.8639
vn 0.0862 -0.1339 0.9872
vn -0.2207 0.2866 0.9323
vn 0.2098 0.4108 0.8873
vn 0.5742 0.2263 0.7868
vn 0.1901 0.4777 0.8577
vn 0.8937 0.2629 0.3635
vn 0.8909 0.2646 0.3692
vn 0.4368 0.2503 0.8640
vn 0.2825 0.1175 0.9520
vn 0.2644 0.2011 0.9432
vn -0.2825 0.1175 0.9520
vn -0.2644 0.2011 0.9432
vn 0.0600 0.1895 0.9800
vn 0.2144 0.0718 0.9741
vn 0.0540 0.0498 0.9973
vn 0.0701 0.0797 0.9944
vn -0.0711 0.0773 0.9945
vn -0.0000 0.1846 0.9828
vn -0.5272 -0.8445 -0.0943
vn -0.0761 0.1657 0.9832
vn 0.0603 0.0895 0.9942
vn -0.2265 0.0799 0.9707
vn 0.3559 0.8075 -0.4704
vn 0.3538 0.7082 -0.6109
vn 0.2616 0.4329 -0.8626
vn 0.1330 0.1897 -0.9728
vn 0.2937 0.4237 -0.8569
vn -0.1919 -0.3480 -0.9177
vn 0.1956 0.5245 0.8286
vn 0.1862 0.5291 0.8279
vn 0.8605 0.3501 0.3702
vn 0.4531 0.3214 0.8315
vn -0.9472 0.1933 0.2560
vn 0.6109 -0.1938 -0.7677
vn 0.5040 0.1119 -0.8564
vn 0.0961 0.3716 -0.9234
vn 0.1916 0.2972 -0.9354
vn 0.4619 0.7048 0.5385
vn 0.4619 0.7048 0.5384
vn 0.4461 0.7030 0.5539
vn 0.4775 0.7062 0.5227
vn 0.1640 0.2094 0.9640
vn -0.0321 -0.1464 0.9887
vn 0.2883 0.5021 0.8154
vn 0.1614 0.6693 0.7252
vn -0.8308 0.4880 -0.2677
vn 0.8882 -0.2262 0.3999
vn 0.2269 0.0587 0.9722
vn 0.0039 0.0543 0.9985
vn 0.1122 0.0538 0.9922
vn -0.2078 0.0946 0.9736
vn -0.2119 0.0581 0.9756
vn -0.2086 0.0647 0.9759
vn -0.2176 0.0580 0.9743
vn -0.2198 0.0657 0.9733
vn -0.2234 0.0582 0.9730
vn -0.2198 0.0655 0.9733
vn 0.2932 0.4201 -0.8588
vn -0.1894 -0.3068 -0.9327
vn -0.1762 -0.3233 -0.9298
vn 0.7942 0.4048 0.4532
vn -0.5082 -0.0582 0.8593
vn 0.5251 0.4483 0.7234
vn 0.9062 0.1737 -0.3855
vn -0.9062 0.1737 -0.3855
vn -0.2153 0.0514 0.9752
vn -0.2270 0.0512 0.9726
vn 0.8925 0.2206 0.3935
vn 0.4506 0.6524 -0.6093
vn 0.0649 0.9835 -0.1689
vn -0.0235 -0.1747 -0.9843
vn 0.5417 -0.0000 0.8406
vn -0.2266 0.3315 -0.9159
vn -0.9466 -0.3224 -0.0065
vn 0.1961 -0.6906 0.6962
vn 0.6598 -0.5741 -0.4849
vn 0.0386 0.2636 -0.9639
vn 0.0235 -0.1746 -0.9844
vn -0.2771 0.4097 -0.8691
vn 0.4239 0.3576 0.8321
vn 0.2324 0.3407 0.9110
vn 0.2572 0.3601 0.8968
vn 0.6787 0.3858 0.6250
vn 0.7337 0.3821 0.5619
vn 0.8089 0.4209 0.4106
vn 0.0149 0.4173 -0.9087
vn 0.0149 0.4173 -0.9086
vn 0.0687 0.3808 -0.9221
vn -0.0389 0.4520 -0.8912
vn 0.3087 0.4266 -0.8501
vn 0.1509 0.4723 -0.8685
vn 0.2882 0.4996 -0.8169
vn 0.6577 0.3635 -0.6598
vn 0.6273 0.4446 -0.6394
vn 0.8618 0.4216 -0.2820
vn 0.9326 0.3592 0.0339
vn 0.9070 0.3531 -0.2296
vn 0.7983 0.3533 0.4877
vn 0.7855 0.3873 0.4827
vn 0.8040 0.3223 0.4997
vn 0.7900 0.3293 0.5171
vn 0.4686 0.2939 0.8331
vn 0.4598 0.2925 0.8385
vn 0.4918 0.2917 0.8204
vn 0.5615 0.2643 0.7841
vn 0.1128 0.5178 -0.8480
vn 0.1666 0.5035 -0.8477
vn 0.2294 0.3038 -0.9247
vn 0.1651 0.3144 -0.9348
vn 0.2960 0.2561 -0.9202
vn 0.3143 0.2136 -0.9250
vn 0.2296 0.2769 0.9331
vn 0.2167 0.2811 0.9349
vn 0.8453 0.0997 0.5249
vn 0.9366 0.0232 0.3496
vn 0.9305 -0.0231 0.3655
vn 0.3462 0.2883 0.8928
vn 0.1691 0.3859 0.9069
vn 0.3079 0.2355 0.9218
vn 0.9474 -0.0172 -0.3197
vn 0.9486 -0.0058 -0.3165
vn 0.9461 -0.0286 -0.3227
vn 0.7071 0.0001 -0.7071
vn -0.0474 -0.2630 0.9636
vn 0.6891 0.1903 0.6992
vn 0.9982 -0.0447 0.0410
vn -0.1832 -0.6468 0.7403
vn 0.2265 0.3330 -0.9153
vn -0.8315 0.0046 -0.5555
vn -0.0000 0.0333 -0.9994
vn -0.0000 0.0556 -0.9985
vn -0.8237 -0.0037 -0.5670
vn -0.9971 -0.0099 0.0759
vn -0.9956 -0.0217 0.0912
vn -0.7156 -0.1464 0.6830
vn -0.7297 -0.0770 0.6794
vn -0.0000 -0.2270 0.9739
vn 0.7156 -0.1464 0.6830
vn 0.9982 -0.0447 0.0409
vn 0.8315 0.0046 -0.5555
vn 0.8237 -0.0037 -0.5670
vn -0.1793 0.1132 0.9773
vn -0.1794 0.1132 0.9773
vn -0.0977 0.1748 0.9797
vn -0.2591 0.0504 0.9645
vn 0.1538 0.1810 -0.9714
vn 0.1546 0.1220 -0.9804
vn 0.1524 0.2392 -0.9589
vn 0.7362 0.2913 -0.6108
vn 0.8390 0.2408 -0.4880
vn 0.6073 0.3313 -0.7221
vn 0.8678 0.1143 -0.4837
vn 0.9728 0.1792 0.1469
vn 0.9650 0.2289 -0.1283
vn 0.9964 0.0573 -0.0625
vn 0.9063 0.1167 0.4062
vn 0.9548 0.2737 0.1159
vn 0.9084 0.1089 0.4036
vn 0.6941 0.2662 0.6688
vn 0.6942 0.2662 0.6688
vn 0.5737 0.4176 0.7046
vn 0.7877 0.1045 0.6071
vn 0.3526 0.1425 0.9249
vn 0.4278 -0.0832 0.9000
vn 0.7483 0.5263 -0.4038
vn 0.7797 0.5301 -0.3333
vn 0.6089 0.4933 -0.6212
vn 0.2368 0.4746 -0.8477
vn 0.1399 0.4803 -0.8659
vn 0.4389 0.5011 -0.7459
vn 0.1000 0.4612 -0.8817
vn 0.6893 0.1500 0.7088
vn 0.2704 0.3350 -0.9026
vn 0.8283 0.5421 -0.1414
vn 0.2035 0.4267 0.8812
vn 0.3898 0.3604 0.8474
vn 0.0710 0.2866 -0.9554
vn -0.4163 -0.0429 -0.9082
vn -0.0195 -0.4995 0.8661
vn 0.0001 -0.9053 -0.4248
vn 0.9956 -0.0217 0.0913
vn -0.6598 -0.5739 -0.4850
vn 0.0586 0.5304 -0.8457
vn 0.9001 0.4330 0.0480
vn -0.5417 -0.0000 0.8406
vn 0.4916 0.3038 -0.8162
vn 0.8886 0.4559 -0.0504
vn 0.7525 -0.1616 0.6385
vn 0.7071 -0.0000 -0.7071
vn 0.9982 -0.0447 0.0411
vn 0.0525 -0.1234 -0.9910
vn 0.2722 0.1470 -0.9510
vn -0.7524 -0.1616 0.6385
vn 0.5106 0.2394 -0.8258
vn 0.1059 0.3070 -0.9458
vn 0.1384 0.3801 -0.9145
vn 0.2424 0.2727 0.9311
vn 0.4800 0.2800 0.8314
vn 0.7676 0.4225 0.4819
vn 0.7504 0.4307 0.5013
vn 0.8633 0.4665 -0.1925
vn 0.8948 0.4463 0.0126
vn 0.5784 0.4866 -0.6547
vn 0.5365 0.2608 0.8026
vn 0.4129 0.5089 -0.7553
vn -0.5882 -0.0000 -0.8087
vn -0.9010 0.0727 -0.4276
vn -0.0415 0.3021 -0.9524
vn -0.8023 0.4649 0.3745
vn -0.9265 0.1587 0.3412
vn -0.9909 0.0527 0.1237
vn -0.9735 0.0844 0.2124
vn -0.7141 0.2069 0.6688
vn -0.4324 0.2542 0.8651
vn -0.7330 0.3548 0.5804
vn -0.1962 -0.0126 0.9805
vn -0.6765 0.3551 -0.6452
vn -0.7527 0.3830 -0.5355
vn -0.6432 0.4118 -0.6455
vn -0.3643 0.3912 -0.8451
vn -0.1627 0.3080 -0.9374
vn -0.3304 0.3254 -0.8860
vn -0.1695 0.3818 -0.9086
vn -0.1538 0.1810 -0.9714
vn -0.1546 0.1220 -0.9804
vn -0.1524 0.2392 -0.9589
vn -0.6073 0.3313 -0.7221
vn -0.4916 0.3038 -0.8162
vn -0.5106 0.2394 -0.8258
vn -0.7362 0.2913 -0.6108
vn -0.9650 0.2289 -0.1283
vn -0.9649 0.2290 -0.1283
vn -0.9964 0.0573 -0.0625
vn -0.8999 0.3926 -0.1897
vn -0.6251 0.7805 0.0100
vn -0.6251 0.7805 0.0101
vn -0.4517 0.8854 0.1097
vn -0.7666 0.6357 -0.0902
vn -0.5474 0.7634 0.3429
vn -0.5475 0.7633 0.3429
vn -0.4267 0.8401 0.3349
vn -0.6570 0.6709 0.3440
vn -0.7732 0.5256 -0.3548
vn -0.7797 0.5301 -0.3333
vn -0.8311 0.5285 -0.1730
vn -0.6089 0.4933 -0.6212
vn -0.4389 0.5011 -0.7459
vn -0.2368 0.4746 -0.8477
vn -0.1399 0.4803 -0.8659
vn -0.1000 0.4612 -0.8817
vn -0.8784 0.4248 0.2191
vn -0.9365 0.3380 -0.0934
vn -0.9419 0.3084 -0.1328
vn -0.9120 0.2459 0.3284
vn -0.7063 0.4669 0.5320
vn -0.5497 0.7720 0.3191
vn -0.6621 0.5371 0.5226
vn -0.6460 0.5632 0.5153
vn -0.7173 0.4675 0.5165
vn -0.6092 0.5612 0.5603
vn -0.6581 0.6033 0.4505
vn -0.6809 0.5968 0.4245
vn -0.7053 0.6889 0.1675
vn -0.4074 0.6318 -0.6594
vn -0.3817 0.4527 -0.8059
vn -0.3763 0.8136 -0.4433
vn -0.2590 -0.0386 -0.9651
vn 0.0223 0.1286 -0.9914
vn 0.0661 -0.0893 -0.9938
vn -0.2366 0.2816 -0.9299
vn -0.6881 0.6601 -0.3014
vn -0.5803 0.7709 -0.2624
vn -0.5814 0.8128 -0.0353
vn -0.2622 -0.2424 -0.9341
vn -0.5790 -0.1207 -0.8063
vn -0.0961 0.3716 -0.9234
vn -0.8390 0.2408 -0.4880
vn -0.8678 0.1143 -0.4837
vn -0.8525 0.3084 -0.4220
vn -0.8330 0.5141 -0.2045
vn -0.5040 0.1119 -0.8564
vn -0.5963 0.4411 -0.6707
vn -0.6774 0.3852 -0.6267
vn -0.2980 0.4736 -0.8288
vn -0.8925 0.2206 0.3935
vn -0.9100 0.4146 0.0040
vn 0.7162 0.0838 0.6928
vn 0.9555 0.0633 0.2882
vn 0.9151 0.1259 0.3830
vn -0.7162 0.0838 0.6928
vn -0.9555 0.0633 0.2882
vn -0.9819 -0.0001 0.1892
vn -0.5823 0.1384 0.8011
vn -0.5158 0.2905 0.8059
vn -0.5094 0.2675 0.8179
vn -0.5465 0.2777 0.7901
vn -0.4883 0.2495 0.8363
vn 0.2603 0.2555 0.9311
vn 0.2479 0.2743 0.9292
vn 0.2139 0.2865 0.9339
vn 0.3272 0.1993 0.9237
vn -0.3107 0.2738 0.9102
vn -0.3232 0.2473 0.9135
vn -0.2794 0.2864 0.9165
vn -0.3372 0.2205 0.9153
vn -0.8032 0.3432 0.4869
vn -0.8030 0.3433 0.4872
vn -0.7946 0.3475 0.4978
vn -0.7906 0.3495 0.5029
vn -0.0000 0.2523 0.9677
vn -0.0000 0.2326 0.9726
vn -0.0010 0.2120 0.9773
vn 0.7141 -0.0866 -0.6947
vn 0.9755 -0.0401 -0.2162
vn 0.9484 0.0168 -0.3167
vn -0.9755 -0.0401 -0.2162
vn -0.7141 -0.0866 -0.6947
vn -0.9484 0.0168 -0.3167
vn -0.4781 -0.3771 -0.7932
vn -0.2311 -0.2221 -0.9472
vn -0.1085 -0.0518 -0.9927
vn -0.8160 -0.0395 -0.5767
vn -0.7876 0.0400 -0.6149
vn -0.9726 0.1140 -0.2025
vn -0.9853 -0.0309 -0.1682
vn 0.8160 -0.0395 -0.5767
vn 0.9726 0.1140 -0.2025
vn 0.9853 -0.0309 -0.1682
vn 0.2311 -0.2221 -0.9472
vn 0.7875 0.0403 -0.6150
vn 0.1085 -0.0519 -0.9927
vn -0.3987 0.0199 0.9168
vn -0.6980 0.0893 0.7105
vn -0.6650 -0.0022 0.7468
vn -0.0857 0.0990 0.9914
vn -0.6297 0.3982 -0.6670
vn -0.2574 0.3430 -0.9034
vn -0.7238 0.5053 -0.4698
vn -0.8419 0.3511 -0.4099
vn -0.8117 0.0575 -0.5813
vn 0.0737 -0.9146 -0.3976
vn -0.0000 -0.9745 -0.2244
vn -0.0000 -0.6595 -0.7517
vn 0.0473 -0.2365 -0.9705
vn -0.0000 0.1607 -0.9870
vn 0.2574 0.3430 -0.9034
vn 0.6297 0.3982 -0.6670
vn 0.7238 0.5053 -0.4698
vn 0.7014 0.1735 0.6913
vn 0.8463 0.1960 0.4954
vn 0.8641 0.3225 0.3863
vn 0.0196 -0.2938 0.9557
vn -0.0000 -0.1216 0.9926
vn -0.1321 -0.4516 0.8824
vn -0.1203 -0.8640 0.4888
vn -0.1950 -0.9263 0.3224
vn -0.7014 0.1735 0.6913
vn -0.8463 0.1960 0.4954
vn -0.4172 -0.0328 0.9082
vn 0.1794 0.1132 0.9773
vn 0.1793 0.1132 0.9773
vn 0.0977 0.1748 0.9797
vn 0.2591 0.0504 0.9645
vn -0.9063 0.1167 0.4062
vn -0.9084 0.1089 0.4036
vn -0.9041 0.1246 0.4087
vn -0.6941 0.2662 0.6688
vn -0.5737 0.4176 0.7046
vn -0.7877 0.1045 0.6071
vn -0.3526 0.1425 0.9249
vn -0.2572 0.3601 0.8968
vn -0.4278 -0.0832 0.9000
vn -0.7337 0.3821 0.5619
vn -0.6787 0.3858 0.6250
vn -0.8089 0.4209 0.4106
vn -0.4239 0.3576 0.8321
vn -0.3898 0.3604 0.8474
vn -0.2324 0.3407 0.9110
vn 0.8419 0.3511 -0.4099
vn 0.8117 0.0575 -0.5813
vn 0.4781 -0.3771 -0.7932
vn -0.0737 -0.9146 -0.3975
vn -0.2605 -0.9621 -0.0802
vn 0.6980 0.0893 0.7105
vn 0.3987 0.0199 0.9168
vn 0.6650 -0.0022 0.7468
vn 0.9819 -0.0001 0.1892
vn -0.0473 -0.2365 -0.9705
vn 0.4172 -0.0328 0.9082
vn 0.0857 0.0990 0.9914
vn 0.3546 0.1301 0.9259
vn -0.8641 0.3225 0.3863
vn -0.0000 -0.9796 0.2010
vn -0.8908 0.2561 -0.3754
vn -0.9472 0.2461 -0.2055
vn -0.4198 0.2072 0.8837
vn -0.7426 0.2610 0.6168
vn 0.4198 0.2072 0.8837
vn 0.7426 0.2610 0.6168
vn 0.8908 0.2561 -0.3754
vn 0.9472 0.2461 -0.2055
vn -0.0581 -0.9779 0.2007
vn 0.2605 -0.9621 -0.0802
vn 0.2274 -0.4602 -0.8582
vn -0.2274 -0.4602 -0.8582
vn 0.5688 -0.0760 -0.8190
vn -0.5688 -0.0760 -0.8190
vn -0.7784 0.3549 0.5179
vn -0.4896 0.2226 0.8430
vn -0.4838 0.2242 0.8460
vn -0.3347 0.2001 0.9208
vn -0.0016 0.1917 0.9815
vn -0.0031 0.1904 0.9817
vn 0.3878 0.1638 0.9071
vn 0.3705 0.1579 0.9153
vn -0.3221 0.2066 0.9239
vn 0.2490 0.2051 0.9465
vn -0.0222 0.2923 -0.9561
vn 0.3139 -0.5644 -0.7635
vn 0.2046 -0.3365 -0.9192
vn 0.1861 -0.3110 -0.9320
vn 0.5021 -0.8647 -0.0124
vn 0.4837 -0.8527 -0.1975
vn 0.3307 -0.6840 0.6502
vn 0.1084 -0.2264 0.9680
vn 0.3587 -0.6310 0.6879
vn -0.3663 0.4714 0.8022
vn -0.3274 0.4835 0.8118
vn -0.0862 -0.1339 0.9872
vn -0.4981 0.7982 0.3388
vn -0.5061 0.8568 0.0990
vn -0.5538 0.8203 0.1429
vn -0.3559 0.8075 -0.4704
vn -0.3538 0.7082 -0.6109
vn -0.3977 0.9142 0.0781
vn -0.3362 0.9408 0.0426
vn -0.9369 0.3472 -0.0413
vn -0.9270 0.3746 -0.0176
vn -0.9452 0.3067 -0.1116
vn -0.9131 0.4066 0.0294
vn -0.4035 0.6280 -0.6655
vn -0.4149 0.6654 -0.6206
vn -0.3078 0.4476 -0.8396
vn 0.3958 -0.7139 -0.5776
vn -0.3958 0.8390 0.3734
vn -0.4568 0.7478 0.4818
vn -0.5224 0.8468 0.1002
vn 0.0193 -0.2286 0.9733
vn -0.2887 0.4272 -0.8568
vn -0.2616 0.4329 -0.8626
vn 0.1762 -0.3233 -0.9298
vn -0.2932 0.4201 -0.8588
vn -0.9034 0.4277 0.0295
vn -0.4506 0.6524 -0.6093
vn -0.6073 -0.3231 -0.7258
vn -0.4711 -0.1787 -0.8638
vn -0.6952 -0.1920 -0.6927
vn -0.3011 0.0366 -0.9529
vn -0.1629 0.2762 -0.9472
vn -0.2031 0.4082 -0.8900
vn -0.9206 -0.2503 0.2999
vn -0.8882 -0.2262 0.3999
vn -0.9554 -0.2828 -0.0855
vn -0.9579 -0.2777 -0.0726
vn -0.9356 -0.2480 -0.2514
vn 0.0032 0.8292 -0.5590
vn -0.0225 0.8889 -0.4575
vn 0.0078 0.5384 -0.8427
vn -0.0590 0.9981 0.0199
vn -0.0895 0.9068 0.4120
vn -0.0712 0.9975 -0.0049
vn -0.1323 0.6947 0.7071
vn -0.1217 0.8067 0.5783
vn -0.1614 0.6693 0.7252
vn -0.3228 0.3350 0.8852
vn -0.2955 0.6522 0.6981
vn -0.5307 -0.0621 0.8453
vn -0.9371 -0.2365 -0.2568
vn -0.5308 -0.0621 0.8452
vn 0.1329 0.1327 0.9822
vn -0.3017 0.4632 0.8334
vn 0.5347 -0.5991 0.5959
vn 0.4985 -0.8491 0.1746
vn 0.1431 -0.9692 -0.2002
vn 0.1150 -0.9904 0.0765
vn 0.4509 -0.7727 -0.4468
vn -0.0107 0.3964 -0.9180
vn 0.3286 -0.1096 -0.9381
vn 0.2056 -0.8942 -0.3976
vn 0.0478 0.5076 0.8603
vn -0.0247 0.5373 0.8430
vn 0.0485 0.3378 0.9400
vn -0.8871 -0.2810 0.3663
vn -0.3725 0.2370 0.8973
vn -0.2834 0.8768 0.3884
vn 0.2115 -0.7199 -0.6611
vn -0.3707 0.8826 -0.2891
vn -0.3942 0.9042 -0.1646
vn -0.3725 0.2369 0.8973
vn -0.3842 0.9232 -0.0013
vn -0.3442 0.6784 0.6491
vn -0.3745 0.7811 -0.4996
vn -0.1322 0.3856 -0.9131
vn -0.6002 -0.7252 -0.3374
vn 0.0239 -0.9754 0.2190
vn -0.3720 -0.9060 0.2020
vn -0.0422 -0.9840 0.1734
vn 0.5452 -0.8298 0.1193
vn 0.4749 -0.8718 0.1201
vn 0.5522 -0.8143 0.1790
vn 0.0094 -0.1150 -0.9933
vn -0.3364 0.3053 -0.8909
vn -0.0177 -0.1240 -0.9921
vn -0.6796 0.7140 0.1681
vn -0.4891 0.5324 0.6909
vn -0.2106 0.0340 0.9770
vn 0.5761 -0.7908 0.2068
vn -0.0428 -0.1801 -0.9827
vn -0.3964 0.3261 -0.8582
vn -0.1699 -0.9771 0.1280
vn -0.3683 -0.9248 0.0951
vn -0.6144 -0.7020 -0.3603
vn 0.0279 -0.9915 0.1272
vn -0.5093 0.5732 0.6419
vn -0.3818 0.5421 0.7485
vn -0.1588 0.0479 0.9862
vn 0.4952 -0.8557 0.1499
vn 0.5111 -0.8437 0.1639
vn 0.5276 -0.8241 0.2063
vn -0.1080 -0.1660 -0.9802
vn -0.3699 0.4220 -0.8277
vn -0.5598 0.6860 -0.4648
vn 0.4737 -0.8719 0.1242
vn -0.0436 -0.1431 -0.9887
vn -0.8361 0.5482 0.0205
vn -0.7887 0.6027 -0.1214
vn -0.7042 0.6259 0.3353
vn 0.0816 0.2261 0.9707
vn 0.6306 -0.7388 -0.2376
vn 0.3430 -0.7291 -0.5923
vn -0.0708 -0.3655 -0.9281
vn -0.1550 -0.1803 -0.9713
vn -0.4215 -0.8391 -0.3437
vn 0.3081 -0.9337 0.1824
vn -0.1269 -0.9804 0.1507
vn 0.5988 -0.7759 0.1987
vn 0.5943 -0.7731 0.2215
vn 0.5859 -0.7773 0.2293
vn -0.2687 0.2147 -0.9390
vn -0.7014 0.7127 -0.0100
vn -0.2009 0.3280 -0.9231
vn -0.6268 0.6024 0.4942
vn -0.2234 0.0744 0.9719
vn -0.1400 0.1050 0.9846
vn 0.6126 -0.7702 0.1775
vn 0.5995 -0.7574 0.2588
vn -0.0446 -0.9620 0.2695
vn -0.1910 -0.3993 0.8967
vn -0.2816 -0.9517 0.1224
vn -0.5380 -0.7726 -0.3370
vn 0.0983 -0.9858 0.1362
vn -0.5212 0.7569 -0.3943
vn -0.3660 0.6354 0.6799
vn -0.2424 0.4399 0.8647
vn 0.4658 -0.8801 0.0923
vn 0.4407 -0.8947 0.0726
vn 0.4217 -0.9060 0.0360
vn -0.1090 -0.1724 -0.9790
vn -0.4510 0.5106 -0.7320
vn 0.6309 -0.6385 0.4407
vn 0.6963 -0.4780 0.5353
vn 0.4684 -0.8759 0.1160
vn 0.4756 -0.8730 0.1080
vn 0.0049 -0.1500 -0.9887
vn -0.3330 0.5313 -0.7790
vn -0.0383 -0.1913 -0.9808
vn -0.0501 0.1019 0.9935
vn -0.0579 0.0999 0.9933
vn 0.6504 -0.7460 0.1433
vn -0.0262 -0.1197 -0.9925
vn -0.2074 0.2471 -0.9465
vn -0.3635 0.5763 -0.7319
vn -0.3480 0.7422 0.5727
vn 0.4449 -0.8871 0.1232
vn -0.0379 -0.1596 -0.9865
vn -0.1567 0.1340 -0.9785
vn -0.0515 0.1425 0.9885
vn -0.2742 0.5961 0.7546
vn -0.4734 -0.4942 0.7291
vn -0.0817 0.1000 0.9916
vn -0.2631 0.9564 -0.1271
vn -0.2632 0.9563 -0.1270
vn -0.2543 0.9578 -0.1341
vn -0.1075 0.1071 0.9884
vn -0.2786 0.5837 0.7627
vn -0.5164 -0.4483 0.7296
vn -0.0651 0.1131 0.9914
vn -0.0629 -0.1506 -0.9866
vn -0.6143 -0.7019 -0.3604
vn -0.1759 0.1532 -0.9724
vn -0.2158 0.9702 -0.1105
vn -0.2159 0.9702 -0.1104
vn -0.1954 0.9724 -0.1277
vn 0.5187 -0.8026 0.2947
vn 0.6335 -0.7288 -0.2599
vn 0.6315 -0.7744 -0.0387
vn -0.3804 0.3749 -0.8454
vn -0.4024 0.3885 -0.8289
vn -0.5438 0.6472 0.5342
vn -0.4578 -0.4951 0.7384
vn -0.1561 0.1326 0.9788
vn -0.3459 0.3464 0.8720
vn 0.4182 -0.8993 0.1276
vn -0.0494 0.1189 0.9917
vn -0.1137 0.1256 0.9855
vn -0.3030 0.5657 0.7669
vn -0.5053 -0.4637 0.7278
vn -0.0670 0.0973 0.9930
vn -0.5053 -0.4636 0.7278
vn -0.2440 0.9322 -0.2672
vn -0.3163 0.8897 -0.3293
vn -0.2439 0.9322 -0.2672
vn -0.1689 0.9647 -0.2022
vn -0.6001 -0.7253 -0.3374
vn 0.0051 -0.1141 -0.9935
vn 0.4183 -0.8989 0.1305
vn -0.0075 0.6852 0.7283
vn 0.3575 0.3907 0.8483
vn 0.7237 -0.5318 0.4399
vn 0.4112 -0.8927 0.1842
vn -0.1742 -0.7567 -0.6301
vn -0.9635 -0.1708 -0.2062
vn -0.9293 0.3342 -0.1569
vn 0.5348 -0.5991 0.5959
vn -0.1306 -0.9816 -0.1392
vn -0.7149 0.6691 0.2031
vn 0.1360 0.2221 0.9655
vn 0.1506 0.2795 0.9483
vn -0.1251 -0.0877 -0.9883
vn -0.4578 -0.4950 0.7385
vn -0.3548 0.9056 -0.2321
vn -0.3046 0.9360 -0.1761
vn -0.3549 0.9056 -0.2322
vn 0.0150 -0.1495 -0.9886
vn -0.4027 0.8693 -0.2866
vn -0.4215 -0.8391 -0.3438
vn 0.5352 -0.7742 0.3378
vn 0.1116 -0.2862 -0.9516
vn 0.0557 -0.1824 -0.9816
vn 0.0400 -0.1938 -0.9802
vn 0.7272 -0.6081 0.3184
vn -0.1345 0.0501 0.9896
vn 0.1207 0.1639 0.9791
vn -0.3670 -0.8978 0.2433
vn -0.3673 -0.8987 0.2396
vn -0.0481 0.0873 0.9950
vn -0.5164 -0.4482 0.7297
vn -0.2362 0.9672 -0.0931
vn -0.4734 -0.4941 0.7292
vn -0.2719 0.9548 -0.1201
vn -0.3502 0.9359 0.0372
vn -0.4051 0.7587 0.5102
vn -0.3822 0.6850 -0.6202
vn -0.4059 0.7676 0.4961
vn 0.1247 0.3685 -0.9212
vn -0.2372 0.8492 -0.4719
vn 0.7371 -0.2757 0.6169
vn 0.0115 -0.9986 0.0520
vn -0.5805 0.4155 0.7003
vn -0.9330 0.2463 0.2625
vn -0.9661 0.1984 0.1654
vn -0.8202 0.5516 0.1514
vn -0.9841 0.1767 0.0179
vn -0.9795 0.1783 -0.0933
vn 0.7220 0.6143 0.3183
vn 0.9989 0.0381 -0.0270
vn 0.9963 0.0048 0.0860
vn 0.6127 0.3397 0.7136
vn 0.9656 0.0937 0.2425
vn 0.8902 0.1304 0.4365
vn 0.5432 0.0841 0.8354
vn 0.8562 0.0320 0.5156
vn 0.8268 -0.0533 0.5599
vn -0.9924 -0.0337 0.1186
vn -0.5677 -0.0824 0.8191
vn -0.9925 -0.1224 -0.0075
vn -0.9716 -0.0845 0.2212
vn -0.6406 -0.0876 0.7628
vn 0.6466 -0.0800 -0.7586
vn 0.9718 -0.0583 -0.2287
vn 0.9727 -0.0597 -0.2243
vn 0.7799 -0.0689 -0.6222
vn -0.3866 -0.0800 -0.9188
vn -0.6687 -0.0750 -0.7397
vn 0.0003 -1.0000 -0.0001
vn 0.0003 -1.0000 -0.0000
vn 0.0001 -1.0000 -0.0002
vn -0.9551 0.0501 -0.2921
vn -0.7459 0.0623 -0.6632
vn -0.6632 0.0395 -0.7474
vn -0.9828 -0.1178 0.1423
vn -0.9276 -0.2521 0.2756
vn -0.9789 -0.1933 -0.0669
vn -0.8848 -0.4612 -0.0664
vn 0.9726 -0.0824 -0.2173
vn 0.9817 0.0432 -0.1852
vn 0.9787 0.0031 -0.2052
vn 0.9682 -0.2179 -0.1228
vn 0.9324 -0.3309 -0.1450
vn 0.9525 -0.3038 -0.0229
vn 0.9595 -0.2803 -0.0284
vn -0.9675 0.0690 -0.2433
vn -0.8661 -0.0147 -0.4996
vn -0.4621 -0.0502 -0.8854
vn -0.9710 -0.1575 -0.1797
vn -0.9666 -0.1516 -0.2068
vn -0.9404 -0.3163 -0.1249
vn -0.8822 -0.4620 -0.0911
vn -0.0290 0.0080 0.9995
vn -0.0423 0.0674 0.9968
vn -0.0155 -0.0514 0.9986
vn -0.0853 -0.9808 -0.1755
vn -0.0853 -0.9808 -0.1756
vn -0.0811 -0.9795 -0.1845
vn -0.0894 -0.9820 -0.1666
vn 0.9518 -0.0156 -0.3064
vn 0.7586 0.1127 -0.6417
vn 0.9289 -0.0399 -0.3681
vn 0.2992 0.0722 -0.9515
vn -0.2180 0.1047 0.9703
vn -0.8521 0.0824 0.5168
vn -0.2183 0.1033 0.9704
vn -0.9633 0.1909 0.1885
vn -0.9085 0.1432 -0.3926
vn -0.7381 0.1104 -0.6656
vn 0.9878 -0.0368 -0.1511
vn 0.9533 0.0005 -0.3021
vn 0.9990 -0.0432 0.0120
vn 0.9565 0.0516 -0.2872
vn 0.3253 0.0782 -0.9424
vn 0.3462 0.1526 -0.9257
vn 0.3023 0.0034 -0.9532
vn 0.5805 0.4155 0.7003
vn 0.9661 0.1984 0.1654
vn 0.9330 0.2463 0.2625
vn 0.8202 0.5517 0.1514
vn -0.9656 0.0937 0.2425
vn -0.7220 0.6143 0.3183
vn -0.6127 0.3397 0.7136
vn -0.8902 0.1304 0.4365
vn -0.4136 -0.1491 0.8982
vn -0.8343 -0.0517 0.5488
vn -0.8503 -0.0678 0.5219
vn 0.5110 -0.0575 0.8576
vn 0.8927 -0.1045 0.4383
vn 0.1972 -0.0945 0.9758
vn -0.5914 0.0478 -0.8050
vn -0.9742 -0.0512 -0.2197
vn -0.9264 0.0478 -0.3735
vn -0.9727 -0.0597 -0.2243
vn -0.6466 -0.0800 -0.7586
vn -0.7799 -0.0689 -0.6222
vn 0.6687 -0.0750 -0.7397
vn 0.3866 -0.0800 -0.9188
vn 0.5677 -0.0824 0.8191
vn 0.9924 -0.0337 0.1186
vn 0.9925 -0.1224 -0.0075
vn 0.0002 -1.0000 -0.0000
vn 0.0001 -1.0000 -0.0000
vn 0.0002 -1.0000 -0.0001
vn 0.9551 0.0501 -0.2921
vn 0.6633 0.0395 -0.7473
vn 0.7459 0.0623 -0.6632
vn -0.9190 -0.2639 0.2930
vn -0.9575 -0.2825 -0.0578
vn -0.9932 -0.1063 -0.0478
vn -0.1679 -0.1503 0.9743
vn -0.5210 -0.2495 0.8163
vn 0.5033 -0.1531 0.8505
vn -0.9817 0.0432 -0.1852
vn -0.9726 -0.0824 -0.2173
vn -0.9787 0.0031 -0.2052
vn -0.9682 -0.2179 -0.1228
vn -0.9324 -0.3309 -0.1450
vn -0.9525 -0.3038 -0.0229
vn -0.9595 -0.2803 -0.0284
vn 0.8661 -0.0147 -0.4996
vn 0.9675 0.0690 -0.2433
vn 0.4621 -0.0473 -0.8855
vn 0.9710 -0.1575 -0.1797
vn 0.9666 -0.1516 -0.2068
vn 0.9404 -0.3163 -0.1249
vn 0.8822 -0.4620 -0.0911
vn 0.0290 0.0080 0.9995
vn 0.0423 0.0674 0.9968
vn 0.0155 -0.0514 0.9986
vn 0.0853 -0.9808 -0.1755
vn 0.0811 -0.9795 -0.1845
vn 0.0894 -0.9820 -0.1666
vn -0.7586 0.1127 -0.6417
vn -0.9518 -0.0156 -0.3064
vn -0.9289 -0.0399 -0.3681
vn -0.2992 0.0722 -0.9515
vn 0.2180 0.1047 0.9703
vn 0.2183 0.1033 0.9704
vn 0.8521 0.0824 0.5168
vn 0.9085 0.1432 -0.3926
vn 0.7381 0.1104 -0.6656
vn 0.9633 0.1909 0.1885
vn -0.9990 -0.0432 0.0120
vn -0.7453 0.0475 0.6650
vn -0.7396 0.0902 0.6670
vn -0.9878 -0.0368 -0.1511
vn -0.9533 0.0005 -0.3021
vn -0.9565 0.0516 -0.2872
vn -0.3253 0.0782 -0.9424
vn -0.3462 0.1526 -0.9257
vn -0.3023 0.0034 -0.9532
vn -0.5510 -0.0250 -0.8342
vn 0.5510 -0.0250 -0.8342
vn 0.7396 0.0902 0.6670
vn 0.7453 0.0475 0.6650
vn 0.9643 0.2181 0.1502
vn 0.9190 -0.2639 0.2930
vn 0.9932 -0.1063 -0.0478
vn 0.9575 -0.2825 -0.0578
vn 0.9781 -0.1279 0.1645
vn 0.0012 -0.7047 -0.7095
vn -0.0221 -0.6164 -0.7871
vn -0.0450 -0.5193 -0.8534
vn -0.9962 0.0741 -0.0463
vn 0.9782 0.2068 -0.0199
vn 0.0002 -1.0000 -0.0100
vn 0.0010 -0.9999 -0.0150
vn 0.0008 -0.9999 -0.0149
vn 0.4136 -0.1491 0.8982
vn 0.3158 -0.0682 0.9464
vn -0.3687 0.8980 0.2400
vn 0.3820 0.8601 0.3380
vn -0.4970 -0.0700 0.8649
vn -0.5033 -0.1531 0.8505
vn 0.1679 -0.1503 0.9743
vn 0.9841 0.1768 0.0179
vn 0.9795 0.1783 -0.0933
vn 0.9276 -0.2521 0.2756
vn 0.9789 -0.1933 -0.0669
vn 0.8848 -0.4612 -0.0664
vn -0.4738 -0.0700 0.8778
vn -0.7927 -0.0943 0.6022
vn -0.9036 -0.0738 0.4219
vn 0.9828 -0.1178 0.1423
vn 0.0221 -0.6164 -0.7871
vn 0.0450 -0.5193 -0.8534
vn -0.0012 -0.7047 -0.7095
vn -0.9781 -0.1279 0.1645
vn -0.0010 -0.9999 -0.0150
vn -0.0008 -0.9999 -0.0149
vn -0.9782 0.2068 -0.0199
vn 0.9962 0.0741 -0.0463
vn 0.0007 -1.0000 -0.0047
vn -0.3820 0.8601 0.3380
vn 0.3687 0.8980 0.2400
vn 0.4972 -0.0700 0.8648
vn -0.0007 -1.0000 -0.0047
vn -0.9458 0.0651 -0.3183
vn 0.9458 0.0651 -0.3183
vn 0.5429 0.0066 -0.8397
vn -0.5429 0.0066 -0.8397
vn 0.1143 -0.0573 -0.9918
vn -0.9643 0.2181 0.1502
vn -0.9989 0.0381 -0.0270
vn -0.9963 0.0048 0.0860
vn -0.1142 -0.0574 -0.9918
vn 0.4322 0.1267 -0.8929
vn -0.4322 0.1267 -0.8929
vn 0.9267 0.3538 0.1267
vn 0.9289 0.1108 0.3533
vn 0.5358 0.5273 0.6594
vn -0.5358 0.5273 0.6594
vn -0.9267 0.3538 0.1267
vn -0.9289 0.1108 0.3533
vn 0.3940 -0.0950 -0.9142
vn 0.8398 -0.1420 -0.5241
vn 0.9999 -0.0140 0.0083
vn -0.8398 -0.1420 -0.5241
vn -0.3940 -0.0950 -0.9142
vn -0.9999 -0.0140 0.0083
vn 0.0005 -1.0000 0.0002
vn -0.1056 -0.0667 -0.9922
vn -0.8927 -0.1045 0.4383
vn -0.5110 -0.0575 0.8576
vn 0.0004 -1.0000 -0.0000
vn 0.5209 -0.2499 0.8162
vn -0.0011 -1.0000 0.0004
vn -0.0011 -1.0000 0.0003
vn 0.1056 -0.0667 -0.9922
vn 0.9186 0.0089 0.3952
vn 0.4254 0.3470 0.8359
vn 0.3221 0.0307 0.9462
vn -0.3852 0.1037 0.9170
vn 0.3852 0.1037 0.9170
vn -0.4254 0.3470 0.8359
vn -0.3221 0.0307 0.9462
vn -0.9186 0.0089 0.3952
vn 0.9716 -0.0846 0.2212
vn 0.6406 -0.0876 0.7628
vn 0.7927 -0.0943 0.6022
vn 0.9036 -0.0738 0.4219
vn 0.9868 -0.0254 0.1600
vn 0.9328 -0.0065 -0.3602
vn 0.6869 -0.0598 -0.7243
vn 0.9489 -0.0913 -0.3022
vn -0.1972 -0.0945 0.9758
vn 0.4738 -0.0700 0.8778
vn 0.0699 -0.1199 -0.9903
vn -0.6869 -0.0598 -0.7243
vn -0.9328 -0.0065 -0.3602
vn -0.9489 -0.0913 -0.3022
vn -0.9868 -0.0254 0.1600
vn -0.7102 -0.1052 -0.6961
vn 0.5129 0.1565 -0.8441
vn -0.4381 0.1365 -0.8885
vn -0.0699 -0.1199 -0.9903
vn 0.7102 -0.1052 -0.6961
vn 0.9264 0.0478 -0.3735
vn 0.5914 0.0478 -0.8050
vn 0.4381 0.1365 -0.8885
vn -0.5129 0.1565 -0.8441
vn -0.9892 0.0429 -0.1399
vn 0.9892 0.0429 -0.1399
vn 0.4195 0.0688 0.9051
vn -0.3158 -0.0682 0.9464
vn -0.5432 0.0841 0.8354
vn -0.8268 -0.0533 0.5599
vn -0.5578 0.2018 0.8051
vn -0.8981 0.0858 0.4314
vn -0.8735 0.2114 0.4385
vn -0.9735 0.0174 -0.2281
vn -0.6737 0.0419 -0.7378
vn -0.9501 0.0817 -0.3010
vn 0.8343 -0.0518 0.5489
vn 0.4088 0.0414 -0.9117
vn -0.4088 0.0414 -0.9117
vn 0.6737 0.0419 -0.7378
vn 0.9735 0.0174 -0.2281
vn 0.9501 0.0817 -0.3010
vn 0.8981 0.0858 0.4314
vn 0.5578 0.2018 0.8051
vn 0.8735 0.2114 0.4385
vn -0.4195 0.0688 0.9051
vn -0.7586 -0.0501 -0.6497
vn -0.9646 -0.0736 -0.2533
vn 0.8503 -0.0678 0.5219
vn 0.9742 -0.0512 -0.2197
vn 0.7586 -0.0500 -0.6497
vn 0.9646 -0.0736 -0.2533
vn -0.8562 0.0320 0.5156
vn -0.9718 -0.0583 -0.2287
vn -0.4563 0.0459 -0.8886
vn 0.5895 0.0469 -0.8064
vn 0.5408 0.0828 -0.8371
vn 0.9903 0.0931 -0.1030
vn 0.9987 0.0480 0.0193
vn 0.7924 0.0859 0.6039
vn -0.9903 0.0931 -0.1030
vn -0.5895 0.0469 -0.8064
vn -0.5408 0.0828 -0.8371
vn 0.4563 0.0459 -0.8886
vn -0.7924 0.0859 0.6039
vn -0.9987 0.0479 0.0192
vn -0.9681 0.0087 -0.2505
vn 0.9681 0.0087 -0.2505
vn -0.1926 0.3402 0.9204
vn 0.1926 0.3402 0.9204
vn 0.6639 0.3495 0.6611
vn -0.6639 0.3496 0.6611
vn -0.3961 0.0790 -0.9148
vn 0.4520 0.0331 -0.8914
vn -0.4520 0.0331 -0.8914
vn 0.3961 0.0790 -0.9148
vn -0.2875 -0.0908 0.9535
vn 0.2875 -0.0908 0.9535
vn -0.4970 -0.1304 0.8579
vn 0.4970 -0.1304 0.8579
vn 0.1528 0.2690 0.9509
vn 0.1361 0.1062 0.9850
vn -0.1404 0.1941 0.9709
vn 0.3415 -0.1963 0.9191
vn 0.0758 -0.1611 0.9840
vn 0.3417 -0.2433 0.9078
vn 0.2174 -0.0697 0.9736
vn -0.0957 0.0515 0.9941
vn -0.2270 0.0209 0.9737
vn 0.2741 0.2335 0.9329
vn 0.4899 0.1950 0.8497
vn 0.5793 -0.0747 0.8117
vn 0.5885 -0.2220 0.7774
vn 0.5401 -0.0432 0.8405
vn -0.2968 0.1478 0.9434
vn 0.0528 -0.0341 0.9980
vn 0.4285 -0.0298 0.9031
vn 0.1839 -0.1960 0.9632
vn 0.4272 0.1367 0.8938
vn 0.0911 -0.2077 0.9739
vn -0.0764 -0.0836 0.9936
vn 0.4851 -0.2094 0.8490
vn -0.1468 0.0304 0.9887
vn -0.0250 -0.1159 0.9929
vn 0.4354 -0.3187 0.8419
vn 0.1896 -0.3010 0.9346
vn -0.4851 -0.2094 0.8490
vn -0.3417 -0.2433 0.9078
vn -0.3415 -0.1963 0.9191
vn -0.1528 0.2690 0.9509
vn 0.1404 0.1941 0.9709
vn -0.1361 0.1062 0.9850
vn -0.0758 -0.1611 0.9840
vn -0.5401 -0.0432 0.8405
vn -0.5793 -0.0747 0.8117
vn -0.4899 0.1950 0.8497
vn -0.2741 0.2335 0.9329
vn -0.0911 -0.2077 0.9739
vn 0.0764 -0.0836 0.9936
vn -0.4285 -0.0298 0.9031
vn -0.2174 -0.0697 0.9736
vn 0.0957 0.0515 0.9941
vn -0.5885 -0.2221 0.7774
vn -0.0528 -0.0341 0.9980
vn 0.2968 0.1478 0.9434
vn 0.2270 0.0209 0.9737
vn -0.4272 0.1367 0.8938
vn -0.1839 -0.1960 0.9632
vn 0.1468 0.0304 0.9887
vn 0.0251 -0.1159 0.9929
vn -0.4354 -0.3187 0.8419
vn -0.1896 -0.3010 0.9346
vn 0.3369 -0.0162 0.9414
vn 0.4015 0.0364 0.9151
vn 0.3484 -0.0152 0.9372
vn -0.4072 0.0177 0.9131
vn -0.5320 0.1616 0.8312
vn -0.4483 0.1114 0.8869
vn 0.5184 0.1127 0.8477
vn 0.4364 0.0939 0.8949
vn 0.5338 0.1312 0.8354
vn 0.2993 -0.0746 0.9513
vn 0.3088 -0.0594 0.9493
vn 0.2793 -0.0704 0.9576
vn -0.3348 -0.0331 0.9417
vn -0.3461 -0.0330 0.9376
vn -0.3098 -0.0740 0.9479
vn -0.2809 -0.0802 0.9564
vn -0.3006 -0.0865 0.9498
vn -0.2736 -0.0735 0.9590
vn -0.5397 0.2134 0.8144
vn -0.5913 0.1781 0.7865
vn 0.5883 0.1014 0.8022
vn 0.2719 -0.0654 0.9601
vn 0.2494 -0.0666 0.9661
vn -0.2512 -0.0740 0.9651
vn 0.7235 -0.0821 0.6854
vn 0.7610 -0.5792 0.2923
vn 0.8325 -0.1625 0.5297
vn 0.3445 -0.9377 0.0455
vn 0.4837 -0.8745 0.0353
vn 0.5244 -0.7583 0.3873
vn 0.2601 -0.5081 0.8211
vn 0.0563 -0.9945 0.0881
vn 0.3075 -0.1185 0.9441
vn -0.2706 -0.7270 0.6311
vn -0.6150 -0.6560 0.4375
vn -0.0979 -0.9897 0.1048
vn -0.1900 -0.1223 0.9741
vn -0.8545 -0.1049 0.5087
vn -0.6623 -0.0998 0.7426
vn -0.3640 -0.9261 0.0997
vn -0.6667 -0.7074 0.2346
vn -0.4925 -0.8647 0.0990
vn 0.2971 -0.2494 0.9217
vn 0.3878 0.3662 0.8459
vn 0.3660 0.1651 0.9158
vn 0.5198 -0.7136 0.4696
vn 0.7334 -0.6758 0.0732
vn 0.6328 -0.6154 0.4699
vn 0.4054 -0.4928 0.7699
vn 0.5666 -0.6353 0.5247
vn 0.5696 -0.8193 0.0649
vn 0.0886 0.9828 0.1622
vn -0.1754 0.9779 0.1140
vn -0.2925 0.9481 0.1243
vn 0.7913 0.6092 0.0525
vn 0.5994 0.8004 0.0095
vn 0.5936 0.8005 0.0822
vn -0.2653 -0.3370 0.9033
vn -0.9970 -0.0379 0.0680
vn -0.5607 0.1143 0.8201
vn -0.5937 0.8005 0.0822
vn -0.3290 0.9393 0.0973
vn -0.5994 0.8004 0.0095
vn 0.5607 0.1143 0.8201
vn 0.9970 -0.0379 0.0680
vn 0.2653 -0.3371 0.9033
vn -0.9160 0.3891 0.0977
vn -0.9860 0.1525 0.0679
vn -0.9962 0.0150 0.0853
vn 0.8674 0.4865 0.1047
vn 0.3570 0.6408 0.6796
vn 0.6889 0.7195 0.0877
vn -0.8730 -0.4839 0.0608
vn -0.3223 -0.5257 0.7873
vn -0.5412 -0.8389 0.0582
vn 0.1057 -0.9914 0.0777
vn -0.1655 -0.9805 0.1054
vn -0.1537 -0.7559 0.6364
vn -0.4450 -0.8932 0.0648
vn -0.4164 -0.6607 0.6246
vn -0.4290 -0.7584 0.4906
vn 0.6716 -0.7386 0.0577
vn 0.6536 -0.6762 0.3399
vn 0.6604 -0.7506 0.0206
vn -0.6052 -0.7543 -0.2546
vn -0.3508 -0.8952 -0.2749
vn -0.5853 -0.7744 -0.2400
vn 0.2458 -0.6702 -0.7003
vn 0.3623 -0.6841 -0.6330
vn 0.5367 -0.6896 -0.4862
vn -0.8129 -0.5154 -0.2711
vn -0.6988 -0.6151 -0.3652
vn -0.7687 -0.6060 -0.2046
vn 0.7687 -0.6060 -0.2046
vn 0.8129 -0.5154 -0.2711
vn 0.9201 -0.3871 -0.0592
vn 0.9777 -0.1996 0.0657
vn 0.9959 -0.0818 0.0390
vn 0.9754 0.0007 0.2205
vn -0.2317 -0.0273 0.9724
vn -0.0000 0.0562 0.9984
vn -0.0000 0.2314 0.9729
vn 0.1562 -0.6150 -0.7729
vn -0.9201 -0.3871 -0.0592
vn -0.9959 -0.0818 0.0390
vn -0.9754 0.0007 0.2205
vn -0.9235 0.1899 0.3334
vn -0.9777 -0.1996 0.0657
vn 0.5820 -0.8124 -0.0348
vn 0.4064 -0.8880 0.2154
vn 0.3377 -0.9082 -0.2473
vn -0.2361 0.5408 0.8073
vn -0.4532 0.3397 0.8241
vn -0.1890 0.2702 0.9441
vn 0.6354 0.5095 0.5802
vn 0.8478 0.3133 0.4279
vn 0.9235 0.1899 0.3334
vn 0.2361 0.5408 0.8073
vn 0.1890 0.2702 0.9441
vn 0.4532 0.3397 0.8241
vn 0.9609 -0.2700 -0.0616
vn -0.6026 -0.6536 -0.4579
vn -0.8478 0.3133 0.4279
vn -0.5695 0.4962 0.6553
vn -0.6354 0.5095 0.5802
vn -0.3878 0.3662 0.8459
vn -0.3660 0.1651 0.9159
vn -0.5117 0.3914 0.7648
vn -0.0000 0.1213 0.9926
vn 0.4681 -0.0062 0.8836
vn -0.0000 -0.2237 0.9746
vn -0.5367 -0.6896 -0.4863
vn -0.3623 -0.6841 -0.6330
vn -0.2458 -0.6702 -0.7003
vn 0.3016 0.0355 0.9528
vn 0.2317 -0.0273 0.9724
vn 0.2508 -0.2334 0.9395
vn -0.0000 -0.1697 0.9855
vn 0.3209 -0.2398 0.9162
vn 0.0716 0.5076 0.8586
vn -0.6499 -0.4354 0.6229
vn -0.3817 -0.3774 0.8437
vn -0.4496 0.1144 0.8859
vn -0.6328 -0.6154 0.4699
vn -0.5198 -0.7136 0.4696
vn -0.3278 -0.5799 0.7458
vn 0.2597 -0.5112 0.8193
vn 0.3378 -0.5726 0.7470
vn 0.3245 -0.5250 0.7869
vn -0.2955 0.6948 0.6557
vn -0.0000 0.7370 0.6759
vn -0.0000 0.4754 0.8797
vn 0.8730 -0.4839 0.0608
vn 0.6988 -0.6151 -0.3652
vn 0.6117 -0.6932 -0.3813
vn 0.5829 -0.7761 -0.2407
vn 0.6019 -0.7577 -0.2523
vn 0.3466 -0.8964 -0.2763
vn -0.6117 -0.6932 -0.3813
vn -0.0368 -0.6605 0.7499
vn -0.8211 0.2705 0.5027
vn -0.9984 -0.0476 0.0311
vn -0.3209 -0.2398 0.9162
vn 0.1914 -0.9348 -0.2993
vn 0.1742 -0.9263 -0.3342
vn -0.3391 -0.9083 -0.2449
vn -0.7334 -0.6758 0.0732
vn -0.5820 -0.8124 -0.0348
vn -0.4064 -0.8879 0.2154
vn 0.6026 -0.6536 -0.4579
vn 0.3290 0.9393 0.0973
vn -0.1902 -0.9353 -0.2984
vn -0.1701 -0.9269 -0.3345
vn 0.3011 -0.6500 0.6977
vn -0.0000 -0.6564 0.7544
vn -0.0000 0.2978 0.9546
vn -0.4681 -0.0062 0.8836
vn 0.6134 0.2517 0.7486
vn -0.0000 0.5774 0.8165
vn -0.7795 0.0392 0.6251
vn -0.0000 0.3427 0.9395
vn 0.1754 0.9779 0.1140
vn 0.2925 0.9481 0.1243
vn 0.4042 0.9134 0.0493
vn -0.2597 -0.5112 0.8193
vn -0.3011 -0.6500 0.6977
vn -0.3245 -0.5250 0.7869
vn -0.0000 0.5912 0.8066
vn -0.2343 -0.9515 0.1995
vn -0.0000 -0.7731 0.6343
vn -0.3109 0.9226 -0.2285
vn -0.0000 0.9557 -0.2942
vn -0.2206 0.8887 -0.4019
vn 0.7634 0.6333 0.1266
vn -0.9501 0.2794 0.1388
vn 0.3169 0.8817 -0.3496
vn 0.3278 -0.5799 0.7458
vn -0.3570 0.6408 0.6796
vn -0.6889 0.7195 0.0877
vn -0.0716 0.5076 0.8586
vn -0.0000 -0.4888 0.8724
vn 0.2343 -0.9515 0.1995
vn -0.7634 0.6334 0.1266
vn -0.3169 0.8816 -0.3497
vn 0.9501 0.2794 0.1388
vn 0.8779 -0.1189 0.4638
vn 0.3673 -0.3174 0.8743
vn 0.2955 0.6948 0.6557
vn 0.5695 0.4962 0.6553
vn 0.2206 0.8887 -0.4019
vn 0.3109 0.9226 -0.2285
vn 0.6216 0.1014 0.7767
vn 0.5753 -0.1780 0.7984
vn 0.3645 -0.7200 0.5906
vn 0.1655 -0.9806 0.1054
vn 0.1537 -0.7559 0.6364
vn 0.3745 -0.2173 0.9014
vn 0.0368 -0.6605 0.7499
vn 0.3734 -0.1364 0.9176
vn 0.3729 -0.1489 0.9159
vn -0.3729 -0.1489 0.9159
vn -0.4824 -0.1663 0.8600
vn 0.3223 -0.5257 0.7873
vn -0.0886 0.9828 0.1622
vn 0.9160 0.3891 0.0977
vn 0.9860 0.1525 0.0679
vn 0.4164 -0.6607 0.6246
vn 0.4450 -0.8932 0.0648
vn -0.3248 -0.2747 0.9050
vn 0.2343 -0.2251 0.9457
vn 0.3248 -0.2747 0.9050
vn -0.2508 -0.2334 0.9395
vn -0.3016 0.0355 0.9528
vn -0.3673 -0.3174 0.8743
vn -0.6216 0.1014 0.7767
vn -0.5753 -0.1780 0.7984
vn -0.8492 0.0070 0.5280
vn -0.8779 -0.1189 0.4638
vn 0.3817 -0.3774 0.8437
vn 0.6499 -0.4354 0.6230
vn 0.4496 0.1144 0.8859
vn 0.3526 -0.5623 0.7480
vn -0.2739 -0.9554 -0.1107
vn -0.0000 -0.9757 -0.2193
vn -0.0869 -0.9559 -0.2804
vn -0.2971 -0.2494 0.9217
vn -0.4042 0.9134 0.0493
vn 0.3902 -0.6748 0.6264
vn -0.0000 -0.7531 0.6579
vn 0.0869 -0.9559 -0.2804
vn 0.1635 -0.9743 -0.1548
vn 0.2739 -0.9554 -0.1107
vn -0.1635 -0.9743 -0.1548
vn 0.3117 -0.4990 0.8086
vn 0.3528 -0.3946 0.8484
vn 0.4825 -0.1665 0.8599
vn 0.8492 0.0070 0.5280
vn 0.2439 -0.2143 0.9458
vn 0.2963 -0.2355 0.9256
vn 0.3100 -0.2159 0.9259
vn 0.3499 -0.2691 0.8973
vn 0.5672 -0.2163 0.7946
vn -0.0000 -0.6546 0.7560
vn -0.3117 -0.4990 0.8086
vn -0.3528 -0.3946 0.8484
vn -0.4261 -0.1321 0.8950
vn -0.3745 -0.2173 0.9014
vn -0.3735 -0.1364 0.9176
vn -0.5672 -0.2163 0.7946
vn -0.6134 0.2517 0.7486
vn 0.7795 0.0392 0.6251
vn -0.0000 -0.6610 0.7504
vn -0.0000 -0.2899 0.9571
vn 0.6631 -0.0692 0.7454
vn 0.8508 -0.3100 0.4244
vn 0.8504 -0.4925 0.1848
vn 0.4028 -0.3052 0.8629
vn 0.5072 -0.2597 0.8218
vn 0.9962 0.0150 0.0853
vn 0.9984 -0.0476 0.0311
vn -0.4883 -0.1399 0.8614
vn -0.8504 -0.4925 0.1848
vn -0.8508 -0.3100 0.4244
vn 0.2654 0.2671 0.9264
vn -0.1543 -0.0143 0.9879
vn 0.5117 0.3914 0.7648
vn 0.1543 -0.0143 0.9879
vn -0.2653 0.2671 0.9264
vn 0.4883 -0.1399 0.8614
vn 0.8211 0.2705 0.5027
vn 0.3243 -0.7608 0.5622
vn 0.2824 -0.5716 0.7704
vn 0.2357 -0.7789 0.5811
vn -0.2824 -0.5716 0.7704
vn -0.3243 -0.7608 0.5622
vn -0.2357 -0.7789 0.5811
vn -0.0000 -0.9345 -0.3560
vn -0.0000 -0.6679 0.7442
vn -0.0000 -0.8184 0.5747
vn -0.6631 -0.0692 0.7454
vn -0.8674 0.4865 0.1047
vn 0.4564 -0.4982 0.7372
vn 0.5300 -0.5138 0.6746
vn 0.2099 -0.2634 0.9416
vn -0.2985 -0.2525 0.9204
vn -0.3100 -0.2159 0.9259
vn -0.2963 -0.2355 0.9256
vn -0.2439 -0.2143 0.9458
vn -0.2413 -0.2040 0.9488
vn -0.4054 -0.4928 0.7699
vn -0.7913 0.6092 0.0525
vn 0.6100 -0.0955 0.7866
vn 0.6776 -0.3333 0.6556
vn 0.8505 -0.2231 0.4764
vn -0.4028 -0.3052 0.8629
vn -0.5072 -0.2597 0.8218
vn -0.3669 -0.2636 0.8921
vn -0.2099 -0.2634 0.9416
vn -0.3994 -0.3033 0.8652
vn -0.3011 -0.2340 0.9244
vn -0.5523 -0.5313 0.6424
vn -0.0000 -0.3382 0.9411
vn -0.0000 -0.4645 0.8856
vn -0.3001 -0.3497 0.8875
vn -0.2040 0.6159 0.7610
vn -0.5390 0.5881 0.6030
vn -0.3529 0.6442 0.6786
vn -0.8505 -0.2231 0.4764
vn -0.6776 -0.3333 0.6556
vn -0.6100 -0.0955 0.7866
vn 0.4261 -0.1321 0.8950
vn -0.9609 -0.2700 -0.0616
vn -0.3464 -0.9354 0.0709
vn -0.3526 -0.5623 0.7480
vn -0.3378 -0.5726 0.7470
vn 0.5390 0.5881 0.6030
vn 0.2040 0.6159 0.7610
vn 0.3529 0.6442 0.6786
vn 0.3852 0.2862 0.8773
vn -0.3852 0.2862 0.8773
vn 0.4230 -0.3620 0.8307
vn 0.4044 -0.5923 0.6969
vn -0.4044 -0.5923 0.6969
vn -0.4230 -0.3620 0.8307
vn -0.6536 -0.6767 0.3391
vn -0.6717 -0.7386 0.0574
vn -0.7441 -0.2606 0.6152
vn 0.5522 -0.5312 0.6426
vn 0.3011 -0.2340 0.9244
vn 0.3994 -0.3033 0.8652
vn 0.3669 -0.2636 0.8921
vn -0.3902 -0.6748 0.6264
vn -0.0000 0.9064 -0.4224
vn -0.2210 -0.2656 0.9384
vn -0.2164 -0.6138 0.7592
vn -0.0000 -0.4957 0.8685
vn -0.0000 -0.3078 0.9514
vn 0.2210 -0.2656 0.9384
vn 0.2164 -0.6138 0.7592
vn 0.4056 -0.4018 0.8210
vn -0.4564 -0.4982 0.7372
vn -0.5300 -0.5138 0.6746
vn -0.2343 -0.2251 0.9457
vn -0.4223 -0.5531 0.7181
vn -0.3319 -0.3717 0.8670
vn -0.3288 -0.3569 0.8744
vn -0.5404 -0.6353 0.5517
vn 0.3236 -0.4337 0.8410
vn 0.3319 -0.3717 0.8670
vn 0.3288 -0.3569 0.8744
vn 0.5404 -0.6353 0.5517
vn 0.5412 -0.8389 0.0582
vn 0.6310 -0.1289 0.7650
vn 0.4147 -0.1527 0.8971
vn 0.3921 -0.1498 0.9076
vn -0.1058 -0.9914 0.0771
vn 0.4290 -0.7584 0.4906
vn 0.3464 -0.9354 0.0709
vn -0.0000 -0.9998 -0.0181
vn -0.6310 -0.1289 0.7650
vn -0.7421 -0.1279 0.6580
vn -0.3739 -0.3998 0.8369
vn -0.4056 -0.4018 0.8210
vn -0.3739 -0.2285 0.8989
vn 0.3739 -0.2285 0.8989
vn 0.3738 -0.3998 0.8369
vn 0.7441 -0.2606 0.6152
vn 0.7421 -0.1279 0.6580
vn -0.3236 -0.4337 0.8410
vn -0.3499 -0.2691 0.8973
vn -0.4147 -0.1527 0.8971
vn -0.3921 -0.1498 0.9076
vn 0.2414 -0.2040 0.9488
vn 0.4223 -0.5531 0.7181
vn 0.2985 -0.2525 0.9204
vn -0.4240 -0.6908 0.5857
vn -0.3809 -0.5262 0.7603
vn 0.3809 -0.5262 0.7603
vn 0.4241 -0.6907 0.5857
vn -0.5698 -0.8192 0.0650
vn -0.5668 -0.6350 0.5248
vn -0.6598 -0.7512 0.0206
vn -0.3645 -0.7200 0.5906
vn 0.3001 -0.3497 0.8875
vn -0.1562 -0.6150 -0.7729
vn 0.6589 -0.7492 0.0681
vn -0.3751 -0.3609 0.8538
vn 0.3751 -0.3609 0.8538
vn -0.6596 -0.7485 0.0684
vn -0.2167 0.7760 -0.5924
vn 0.2883 0.6836 -0.6705
vn -0.0958 -0.1079 0.9895
vn -0.1296 -0.0464 0.9905
vn 0.0447 -0.1076 0.9932
vn -0.7460 -0.0161 0.6657
vn -0.0100 0.0657 0.9978
vn 0.0341 0.1032 0.9941
vn -0.8459 -0.2968 0.4431
vn -0.7877 -0.5398 0.2970
vn -0.8599 -0.0144 0.5102
vn 0.4185 0.6991 0.5798
vn 0.4678 0.8835 -0.0246
vn -0.1920 0.9812 -0.0204
vn -0.2291 0.1713 -0.9582
vn -0.2636 0.2933 -0.9190
vn -0.2781 0.1028 -0.9550
vn -0.4157 0.0660 -0.9071
vn -0.4449 0.0719 -0.8927
vn -0.3077 0.0200 -0.9513
vn -0.3743 0.0845 -0.9234
vn -0.3882 0.1209 -0.9136
vn -0.5090 0.1211 -0.8522
vn -0.8532 -0.0783 0.5157
vn -0.7948 -0.0164 0.6067
vn -0.8479 -0.0971 0.5212
vn -0.7451 0.0129 0.6668
vn -0.7646 0.0047 0.6445
vn -0.1429 -0.3007 -0.9430
vn -0.2066 -0.2820 -0.9369
vn -0.6179 -0.1020 -0.7796
vn 0.9185 0.1509 -0.3656
vn 0.9846 0.1748 0.0011
vn 0.9840 0.0738 -0.1622
vn 0.9365 0.2901 0.1970
vn 0.9159 0.1787 -0.3594
vn 0.8811 0.4109 -0.2342
vn -0.0447 -0.1076 0.9932
vn 0.0958 -0.1079 0.9895
vn -0.0895 -0.1443 0.9855
vn 0.1296 -0.0464 0.9905
vn 0.1720 -0.0524 0.9837
vn 0.7460 -0.0161 0.6657
vn -0.0341 0.1032 0.9941
vn 0.0100 0.0657 0.9978
vn 0.8459 -0.2968 0.4431
vn 0.8599 -0.0144 0.5102
vn 0.7877 -0.5398 0.2970
vn -0.4185 0.6991 0.5798
vn 0.1919 0.9812 -0.0208
vn -0.4678 0.8835 -0.0246
vn 0.2291 0.1713 -0.9582
vn 0.2781 0.1028 -0.9550
vn 0.2636 0.2933 -0.9190
vn 0.4157 0.0660 -0.9071
vn 0.3077 0.0200 -0.9513
vn 0.4449 0.0719 -0.8927
vn 0.3471 0.1227 -0.9298
vn 0.5662 0.1395 -0.8124
vn 0.7046 0.0614 -0.7069
vn 0.3501 0.1580 -0.9233
vn 0.3882 0.1209 -0.9136
vn 0.5090 0.1211 -0.8522
vn 0.8532 -0.0783 0.5157
vn 0.8479 -0.0971 0.5212
vn 0.7948 -0.0164 0.6067
vn 0.7646 0.0047 0.6445
vn 0.7451 0.0129 0.6668
vn 0.1429 -0.3007 -0.9430
vn 0.6179 -0.1020 -0.7796
vn 0.2066 -0.2820 -0.9369
vn -0.9185 0.1509 -0.3656
vn -0.9840 0.0738 -0.1622
vn -0.9846 0.1748 0.0011
vn -0.9783 0.1863 0.0910
vn -0.9159 0.1787 -0.3594
vn -0.9465 0.1917 -0.2596
vn 0.8615 -0.3408 -0.3765
vn 0.8918 -0.2339 -0.3872
vn 0.8097 -0.4704 -0.3509
vn 0.9241 -0.0475 -0.3792
vn 0.9358 0.0672 -0.3461
vn 0.8969 0.2543 -0.3619
vn 0.7720 0.5738 -0.2734
vn 0.7954 0.4645 -0.3894
vn 0.5853 0.8071 -0.0771
vn 0.2918 0.9412 0.1705
vn 0.2897 0.9468 0.1402
vn -0.0113 0.9741 0.2260
vn 0.0980 0.9772 0.1883
vn -0.1624 0.9864 0.0247
vn 0.0550 0.9688 0.2418
vn 0.5874 0.6664 0.4593
vn -0.3027 0.6636 0.6841
vn -0.4811 0.8172 0.3173
vn -0.6166 0.4003 0.6778
vn 0.9025 -0.1842 0.3892
vn 0.7323 -0.1038 0.6730
vn 0.8837 -0.2715 0.3814
vn 0.0678 0.0988 0.9928
vn -0.0025 0.2794 0.9602
vn 0.0714 -0.0062 0.9974
vn 0.1201 0.0905 0.9886
vn 0.0819 0.3043 0.9491
vn 0.1258 0.0068 0.9920
vn 0.4509 -0.3347 0.8274
vn 0.3583 -0.2665 0.8948
vn 0.4307 -0.4204 0.7986
vn -0.4460 0.7301 0.5178
vn -0.1886 0.6008 0.7768
vn -0.3388 0.6300 0.6988
vn -0.9630 0.2154 0.1617
vn -0.9997 0.0168 -0.0198
vn -0.7530 0.2611 0.6040
vn -0.6182 0.4640 0.6345
vn -0.6751 0.4856 0.5554
vn -0.3929 0.1342 0.9097
vn -0.6548 0.5251 0.5437
vn -0.2125 0.9757 -0.0535
vn -0.5008 0.8311 -0.2418
vn -0.4526 0.8852 0.1076
vn -0.4905 0.8331 -0.2556
vn -0.8059 0.3255 -0.4945
vn -0.7967 -0.2835 -0.5337
vn -0.7850 -0.2794 -0.5530
vn -0.8333 -0.1079 -0.5421
vn -0.7594 -0.3137 -0.5701
vn -0.8047 0.4027 0.4362
vn -0.8676 0.4952 -0.0456
vn -0.9429 0.3256 -0.0702
vn 0.6217 0.5444 -0.5632
vn -0.3474 0.7311 -0.5872
vn 0.6103 0.5502 -0.5699
vn 0.3861 0.9028 0.1893
vn -0.4094 0.9069 0.1001
vn -0.3825 -0.0597 0.9220
vn 0.2414 -0.2887 0.9265
vn 0.2483 -0.2809 0.9271
vn -0.2990 0.2921 -0.9084
vn -0.8862 0.2601 -0.3835
vn -0.2849 0.3033 -0.9093
vn -0.2212 0.6458 0.7307
vn -0.1445 0.5004 0.8537
vn -0.5783 -0.8153 0.0275
vn 0.2643 -0.9117 -0.3145
vn 0.3558 -0.9343 0.0209
vn -0.6149 0.6704 -0.4153
vn -0.4200 0.1130 -0.9005
vn 0.2175 -0.6981 -0.6821
vn -0.2170 0.6968 0.6837
vn 0.1716 0.2702 0.9474
vn -0.6124 0.6725 -0.4157
vn 0.6145 -0.6705 0.4157
vn 0.4573 -0.8319 -0.3144
vn 0.6122 -0.6717 0.4171
vn 0.6149 0.6704 -0.4153
vn 0.4200 0.1130 -0.9005
vn 0.6124 0.6725 -0.4156
vn -0.2175 -0.6981 -0.6821
vn 0.2170 0.6968 0.6837
vn -0.1716 0.2702 0.9474
vn -0.6145 -0.6705 0.4156
vn -0.6122 -0.6717 0.4172
vn -0.9002 0.0675 0.4302
vn -0.3770 0.5152 0.7697
vn -0.6760 0.4561 0.5788
vn -0.6217 0.5444 -0.5632
vn -0.6103 0.5502 -0.5699
vn 0.3474 0.7311 -0.5872
vn 0.4094 0.9069 0.1001
vn -0.3861 0.9028 0.1892
vn -0.2414 -0.2887 0.9265
vn 0.3825 -0.0597 0.9220
vn -0.2483 -0.2809 0.9271
vn 0.8862 0.2601 -0.3835
vn 0.2990 0.2921 -0.9084
vn 0.2849 0.3033 -0.9093
vn 0.7539 0.4394 0.4884
vn 0.3845 0.8525 0.3540
vn 0.2212 0.6458 0.7307
vn -0.3558 -0.9343 0.0209
vn -0.0228 -0.8550 0.5181
vn -0.3090 -0.9423 0.1292
vn -0.5611 -0.3909 0.7296
vn -0.9543 -0.2899 -0.0723
vn -0.8324 -0.4748 0.2858
vn 0.8860 -0.4458 -0.1274
vn 0.9017 -0.2129 -0.3762
vn 0.9966 -0.0313 0.0756
vn 0.9429 -0.3328 0.0144
vn 0.5271 -0.6695 -0.5234
vn 0.6493 -0.7345 -0.1975
vn 0.3208 -0.8003 -0.5066
vn -0.1148 -0.8356 -0.5372
vn -0.0180 -0.7331 -0.6799
vn -0.5193 -0.6812 -0.5160
vn -0.6076 -0.7608 -0.2280
vn -0.6770 -0.7128 -0.1831
vn 0.2584 -0.2158 -0.9416
vn -0.0115 -0.0659 -0.9978
vn -0.0093 0.4292 -0.9032
vn 0.0913 0.4233 -0.9014
vn -0.9977 0.0546 0.0400
vn -0.8324 0.2670 -0.4857
vn -0.9852 -0.1487 -0.0847
vn 0.0066 0.3644 -0.9312
vn -0.0066 0.3644 -0.9312
vn 0.8324 0.2670 -0.4857
vn 0.5209 0.1463 -0.8410
vn 0.7815 0.5868 0.2120
vn 0.9977 0.0546 0.0400
vn -0.5662 0.1395 -0.8124
vn -0.3501 0.1580 -0.9233
vn -0.3471 0.1227 -0.9298
vn 0.7806 0.0137 -0.6249
vn 0.9310 -0.1121 -0.3475
vn 0.5059 -0.1938 -0.8405
vn -0.7927 -0.0582 0.6069
vn 0.7296 -0.4524 -0.5128
vn 0.6564 -0.2973 0.6934
vn 0.8650 -0.1533 0.4777
vn 0.0550 -0.0782 0.9954
vn -0.6892 0.0165 0.7244
vn -0.5059 -0.1938 -0.8405
vn -0.7297 -0.4524 -0.5128
vn -0.9310 -0.1121 -0.3475
vn 0.7927 -0.0582 0.6069
vn -0.7806 0.0137 -0.6249
vn 0.0953 0.1542 -0.9834
vn -0.6538 0.1456 0.7425
vn -0.7488 0.0383 0.6617
vn -0.8650 -0.1533 0.4777
vn -0.6564 -0.2973 0.6934
vn -0.0550 -0.0782 0.9954
vn -0.6340 0.6620 -0.3998
vn -0.9326 0.1384 -0.3334
vn -0.9186 0.3909 -0.0587
vn -0.8897 -0.4364 -0.1342
vn -0.8099 -0.5852 -0.0405
vn 0.8933 0.2798 -0.3516
vn 0.6092 0.6840 0.4014
vn 0.5006 0.4535 0.7374
vn 0.7234 0.4593 0.5155
vn 0.6538 0.1456 0.7425
vn 0.7488 0.0383 0.6617
vn 0.0621 -0.0485 0.9969
vn 0.0793 -0.1734 0.9817
vn 0.7575 -0.1005 0.6451
vn -0.0377 -0.0966 -0.9946
vn -0.6418 -0.0068 0.7668
vn -0.0628 0.4892 0.8699
vn -0.2909 0.6332 0.7172
vn 0.3591 0.7917 0.4942
vn 0.2345 0.9551 0.1809
vn -0.9802 0.0896 0.1767
vn 0.9802 0.0896 0.1767
vn -0.0621 -0.0485 0.9969
vn -0.7575 -0.1005 0.6451
vn -0.7290 0.0070 0.6845
vn -0.2643 -0.9117 -0.3145
vn 0.5747 -0.5202 -0.6318
vn 0.5783 -0.8153 0.0275
vn -0.3845 0.8525 0.3540
vn -0.7539 0.4394 0.4884
vn -0.5747 -0.5202 -0.6318
vn 0.7290 0.0070 0.6845
vn -0.4416 -0.8770 0.1892
vn -0.0543 0.5981 0.7996
vn -0.4573 -0.8319 -0.3145
vn 0.6892 0.0165 0.7244
vn 0.0377 -0.0966 -0.9946
vn 0.9283 0.1592 -0.3360
vn 0.9137 0.3838 0.1336
vn 0.1805 0.8855 -0.4281
vn 0.1734 0.9841 0.0396
vn 0.5433 0.8394 0.0147
vn 0.6980 -0.6996 -0.1532
vn 0.8100 -0.5862 -0.0181
vn -0.0059 0.8140 -0.5808
vn -0.0363 0.9968 -0.0706
vn -0.4751 0.8799 -0.0088
vn 0.0895 -0.1443 0.9855
vn -0.4065 -0.0368 -0.9129
vn 0.0037 0.0440 -0.9990
vn 0.3746 -0.2311 -0.8979
vn -0.0037 0.0440 -0.9990
vn 0.4065 -0.0368 -0.9129
vn -0.3746 -0.2311 -0.8979
vn -0.2453 -0.0469 0.9683
vn -0.0461 -0.3164 -0.9475
vn 0.8190 -0.0398 -0.5724
vn 0.0543 0.5981 0.7996
vn -0.0438 -0.1191 0.9919
vn 0.4416 -0.8770 0.1892
vn -0.7046 0.0614 -0.7069
vn -0.8190 -0.0398 -0.5724
vn 0.0461 -0.3164 -0.9475
vn -0.1721 -0.0522 0.9837
vn -0.8191 -0.1725 -0.5471
vn -0.9962 -0.0865 -0.0098
vn 0.8487 -0.3928 -0.3540
vn -0.0953 0.1542 -0.9834
vn 0.0525 -0.2263 0.9726
vn 0.0297 -0.2823 0.9589
vn 0.0131 0.2249 0.9743
vn -0.8487 -0.3928 -0.3540
vn 0.6418 -0.0068 0.7668
vn -0.0793 -0.1734 0.9817
vn 0.7282 0.0275 0.6848
vn -0.7018 -0.5394 -0.4654
vn -0.7282 0.0275 0.6848
vn 0.7018 -0.5394 -0.4654
vn 0.6962 0.6313 -0.3418
vn -0.5209 0.1463 -0.8410
vn 0.0001 0.2326 -0.9726
vn 0.0228 -0.8550 0.5181
vn 0.8886 0.1836 0.4204
vn 0.0438 -0.1191 0.9919
vn 0.3952 0.1084 0.9122
vn -0.3952 0.1084 0.9122
vn -0.8886 0.1836 0.4204
vn 0.2453 -0.0469 0.9683
vn -0.4527 0.8852 0.1077
vn 0.0582 0.4762 0.8774
vn -0.1071 0.6845 0.7211
vn 0.7928 0.1559 0.5892
vn 0.8996 0.1539 0.4086
vn 0.6870 0.1567 0.7095
vn 0.6412 -0.0296 -0.7668
vn 0.0012 0.1912 -0.9815
vn -0.3247 -0.9367 0.1308
vn 0.1258 -0.9865 0.1050
vn 0.3247 -0.9367 0.1308
vn 0.2428 -0.9663 0.0857
vn 0.2382 0.2965 -0.9248
vn 0.6507 -0.1468 -0.7450
vn -0.5157 0.6321 0.5783
vn -0.2619 0.3612 0.8950
vn -0.8139 0.3178 -0.4864
vn 0.5691 0.3288 -0.7537
vn 0.9852 -0.1487 -0.0847
vn -0.3672 0.7291 0.5775
vn -0.1715 -0.0540 0.9837
vn -0.7687 0.0090 0.6396
vn -0.9110 -0.2147 -0.3521
vn -0.5826 0.2744 -0.7650
vn -0.6451 -0.1548 -0.7482
vn 0.9898 0.1234 -0.0708
vn 0.3471 -0.5726 -0.7427
vn 0.3115 -0.6385 -0.7038
vn -0.9358 0.1517 0.3182
vn 0.8207 0.5604 -0.1114
vn -0.6873 -0.0622 0.7237
vn -0.1965 0.6427 0.7404
vn 0.5873 0.1759 -0.7900
vn 0.1236 -0.5301 -0.8389
vn -0.8996 0.1539 0.4086
vn -0.6870 0.1567 0.7095
vn 0.6378 0.0077 0.7701
vn 0.9465 0.1917 -0.2596
vn 0.7687 0.0090 0.6396
vn 0.1715 -0.0540 0.9837
vn -0.8811 0.4109 -0.2342
vn -0.9365 0.2900 0.1970
vn -0.0503 0.3641 0.9300
vn 0.6954 0.3806 0.6095
vn -0.7254 0.1508 0.6716
vn -0.7222 -0.0259 0.6912
vn 0.9074 0.4098 0.0931
vn 0.9255 0.1285 0.3562
vn 0.9903 0.1109 -0.0843
vn 0.2641 -0.1197 0.9570
vn -0.8848 -0.1242 -0.4491
vn -0.7255 -0.1939 -0.6604
vn -0.9637 -0.1350 -0.2303
vn -0.1381 -0.1232 0.9827
vn 0.1804 -0.2449 0.9526
vn 0.7431 0.2778 0.6088
vn 0.6206 0.6622 0.4199
vn 0.5925 0.0177 0.8054
vn 0.7107 -0.1730 -0.6819
vn 0.5076 -0.6321 -0.5855
vn 0.1405 -0.4578 -0.8779
vn -0.3756 -0.1531 0.9140
vn 0.0026 0.8044 0.5941
vn -0.5104 -0.0956 0.8546
vn 0.4197 0.1358 -0.8974
vn 0.0510 -0.8559 -0.5147
vn -0.3461 -0.8120 -0.4700
vn -0.2327 -0.2164 -0.9482
vn 0.5789 0.2372 0.7801
vn -0.1436 0.9180 -0.3695
vn -0.1328 0.9908 0.0245
vn 0.2226 0.9711 0.0859
vn 0.4930 0.8680 0.0587
vn 0.7150 0.6748 0.1825
vn -0.6378 0.0077 0.7701
vn -0.6218 -0.4275 0.6562
vn -0.7174 0.5153 -0.4688
vn -0.4562 0.6182 -0.6401
vn -0.9010 0.3567 -0.2467
vn -0.1299 -0.3043 0.9437
vn -0.2382 0.2965 -0.9248
vn -0.1258 -0.9865 0.1050
vn -0.2428 -0.9663 0.0857
vn 0.6282 0.2084 0.7496
vn -0.7815 0.5868 0.2120
vn -0.6282 0.2083 0.7496
vn -0.3315 0.1293 0.9345
vn -0.8251 0.1318 0.5493
vn -0.8286 -0.0471 0.5578
vn 0.3743 0.0845 -0.9234
vn 0.2151 0.2907 -0.9323
vn 0.2111 0.9774 -0.0128
vn 0.1788 0.1788 0.9675
vn 0.8356 -0.0054 0.5494
vn 0.7746 0.0096 0.6324
vn 0.7727 0.0130 0.6346
vn 0.7743 0.0008 0.6328
vn -0.7727 0.0131 0.6347
vn -0.7745 0.0092 0.6325
vn -0.7743 0.0008 0.6328
vn -0.8356 -0.0054 0.5494
vn 0.9896 -0.1200 0.0793
vn -0.7045 -0.1769 0.6873
vn -0.9820 0.1815 -0.0523
vn -0.6275 0.6590 0.4147
vn 0.0628 0.9808 -0.1848
vn -0.6795 -0.1816 0.7108
vn -0.1852 -0.2261 0.9563
vn -0.1699 -0.3588 0.9178
vn 0.1299 -0.3043 0.9437
vn -0.2111 0.9774 -0.0128
vn -0.2151 0.2907 -0.9323
vn 0.9643 -0.2570 -0.0635
vn 0.7642 -0.2353 0.6005
vn 0.4328 -0.2954 0.8517
vn -0.1849 0.9707 0.1534
vn 0.7513 -0.6209 -0.2239
vn -0.9492 -0.3147 0.0049
vn -0.0517 -0.9159 -0.3981
vn 0.7117 0.5166 -0.4761
vn 0.8748 0.3842 -0.2950
vn 0.4937 0.6093 -0.6205
vn 0.0117 -0.1894 0.9818
vn -0.0028 -0.0679 0.9977
vn 0.7343 0.0554 0.6766
vn 0.3161 0.2065 0.9260
vn -0.0638 0.6847 0.7260
vn 0.2887 0.9479 0.1344
vn -0.0648 0.9958 0.0652
vn -0.7928 0.1559 0.5892
vn 0.0637 0.6847 0.7260
vn -0.3161 0.2065 0.9260
vn 0.0028 -0.0679 0.9977
vn 0.9783 0.1863 0.0910
vn -0.4335 0.1326 0.8913
vn 0.4242 0.0513 0.9041
vn -0.4242 0.0513 0.9041
vn 0.4335 0.1326 0.8913
vn -0.1359 0.4589 -0.8780
vn -0.7343 0.0554 0.6766
vn -0.7642 -0.2353 0.6005
vn 0.1445 0.5004 0.8537
vn -0.0117 -0.1893 0.9818
vn -0.9643 -0.2570 -0.0635
vn -0.4328 -0.2954 0.8517
vn 0.0285 -0.3835 0.9231
vn -0.7391 -0.3288 -0.5879
vn 0.6162 0.7440 0.2585
vn -0.2072 0.1325 -0.9693
vn 0.2072 0.1325 -0.9693
vn -0.6386 0.7683 0.0443
vn 0.0125 -0.2037 0.9790
vn 0.8701 0.3134 0.3804
vn 0.3089 -0.9423 0.1292
vn 0.7619 -0.5514 -0.3399
vn 0.7460 -0.5561 -0.3664
vn 0.7210 -0.6174 -0.3145
vn 0.8359 -0.4584 -0.3020
vn -0.0125 -0.2037 0.9790
vn -0.6412 -0.0296 -0.7668
vn -0.0012 0.1912 -0.9815
vn -0.9558 0.2935 -0.0177
vn -0.7155 -0.3857 -0.5825
vn -0.0116 0.5759 0.8174
vn 0.0116 0.5759 0.8174
vt 0.848400 0.614600
vt 0.865900 0.629400
vt 0.825200 0.629400
vt 0.961300 0.791000
vt 0.961300 0.820900
vt 0.916500 0.791000
vt 0.827900 0.649300
vt 0.806900 0.649200
vt 0.920100 0.714900
vt 0.927300 0.629400
vt 0.914500 0.670700
vt 0.912300 0.629400
vt 0.904700 0.635400
vt 0.910600 0.647200
vt 0.942800 0.713600
vt 0.942800 0.711800
vt 0.950300 0.714900
vt 0.958700 0.629400
vt 0.856200 0.671800
vt 0.938300 0.713700
vt 0.814800 0.660000
vt 0.969300 0.629400
vt 0.965500 0.714900
vt 0.934100 0.714900
vt 0.831700 0.671800
vt 0.829900 0.820900
vt 0.806500 0.765200
vt 0.829900 0.791000
vt 0.871500 0.791000
vt 0.916500 0.744600
vt 0.961300 0.744600
vt 0.916500 0.773300
vt 0.961300 0.773300
vt 0.871500 0.773300
vt 0.871500 0.820900
vt 0.916500 0.820900
vt 0.847500 0.714900
vt 0.871500 0.744600
vt 0.844200 0.773300
vt 0.815600 0.744600
vt 0.808800 0.640700
vt 0.811700 0.629400
vt 0.874800 0.614600
vt 0.876400 0.714900
vt 0.844200 0.744600
vt 0.829900 0.773300
vt 0.828300 0.614600
vt 0.813500 0.614600
vt 0.930100 0.614600
vt 0.915400 0.614600
vt 0.729000 0.717800
vt 0.752200 0.717800
vt 0.734900 0.683800
vt 0.829900 0.744600
vt 0.752200 0.692300
vt 0.817500 0.714900
vt 0.832100 0.714900
vt 0.968200 0.614600
vt 0.980300 0.614600
vt 0.957400 0.614600
vt 0.880000 0.614600
vt 0.862000 0.714900
vt 0.856700 0.657400
vt 0.852600 0.656900
vt 0.854700 0.656800
vt 0.444300 0.944300
vt 0.508500 0.990200
vt 0.508500 0.944300
vt 0.444300 0.902100
vt 0.508500 0.902000
vt 0.512900 0.863200
vt 0.444300 0.696500
vt 0.519200 0.696500
vt 0.499300 0.666800
vt 0.444300 0.666700
vt 0.444300 0.815300
vt 0.444300 0.782200
vt 0.537800 0.782200
vt 0.522600 0.782200
vt 0.517600 0.815200
vt 0.444300 0.742600
vt 0.952500 0.286000
vt 0.980800 0.186600
vt 0.912800 0.241100
vt 0.992000 0.272500
vt 0.196400 0.556200
vt 0.161900 0.608400
vt 0.162300 0.557900
vt 0.920800 0.765800
vt 0.911600 0.714300
vt 0.923400 0.714300
vt 0.868100 0.714300
vt 0.878700 0.766000
vt 0.866000 0.765800
vt 0.852200 0.765600
vt 0.840200 0.714300
vt 0.855600 0.714300
vt 0.838600 0.766100
vt 0.826400 0.765900
vt 0.815800 0.714300
vt 0.815600 0.765800
vt 0.849800 0.656900
vt 0.846900 0.656900
vt 0.820000 0.655600
vt 0.839400 0.656300
vt 0.818300 0.655500
vt 0.861500 0.654100
vt 0.861500 0.656400
vt 0.857100 0.654100
vt 0.851500 0.656400
vt 0.851500 0.654100
vt 0.840000 0.654100
vt 0.841000 0.656400
vt 0.835700 0.656400
vt 0.835700 0.654100
vt 0.831100 0.654100
vt 0.826700 0.656400
vt 0.826700 0.654100
vt 0.822400 0.654100
vt 0.905900 0.765800
vt 0.893900 0.714300
vt 0.891300 0.765800
vt 0.881300 0.714300
vt 0.847800 0.655700
vt 0.831200 0.655700
vt 0.846800 0.654100
vt 0.016000 0.005900
vt 0.053900 0.022600
vt 0.020100 0.022600
vt 0.053800 0.005900
vt 0.341100 0.591500
vt 0.296700 0.552700
vt 0.296900 0.591500
vt 0.341200 0.560600
vt 0.150400 0.022600
vt 0.106500 0.005900
vt 0.150400 0.005900
vt 0.106500 0.022600
vt 0.065200 0.022600
vt 0.206100 0.022600
vt 0.226100 0.005900
vt 0.226100 0.022600
vt 0.206200 0.005900
vt 0.140300 0.022600
vt 0.128700 0.005900
vt 0.140300 0.005900
vt 0.128700 0.022600
vt 0.118000 0.005900
vt 0.118000 0.022600
vt 0.084100 0.005900
vt 0.363500 0.656500
vt 0.689600 0.629400
vt 0.396300 0.629400
vt 0.689600 0.656500
vt 0.126600 0.556200
vt 0.160700 0.557900
vt 0.128900 0.607200
vt 0.535800 0.013000
vt 0.559900 0.051300
vt 0.559800 0.016400
vt 0.535800 0.054900
vt 0.571900 0.043100
vt 0.589600 0.051000
vt 0.614300 0.030400
vt 0.228000 0.005900
vt 0.032400 0.022600
vt 0.032900 0.005900
vt 0.011100 0.005900
vt 0.194800 0.022600
vt 0.194700 0.005900
vt 0.049700 0.022600
vt 0.083900 0.022600
vt 0.918300 0.305400
vt 0.917200 0.296000
vt 0.918300 0.296000
vt 0.919900 0.296000
vt 0.920000 0.305400
vt 0.923000 0.296000
vt 0.399400 0.702000
vt 0.309400 0.666100
vt 0.309400 0.705500
vt 0.309400 0.730100
vt 0.399400 0.746500
vt 0.309400 0.771600
vt 0.309400 0.838700
vt 0.383000 0.827400
vt 0.399400 0.789100
vt 0.399400 0.864500
vt 0.309400 0.872900
vt 0.309400 0.915200
vt 0.309400 0.957200
vt 0.391600 0.945500
vt 0.399400 0.903200
vt 0.462600 0.711300
vt 0.687700 0.665800
vt 0.418600 0.666200
vt 0.687700 0.823500
vt 0.433200 0.827400
vt 0.687700 0.907600
vt 0.687700 0.865200
vt 0.418600 0.992000
vt 0.687700 0.991800
vt 0.687700 0.949400
vt 0.414700 0.942200
vt 0.540200 0.742600
vt 0.462600 0.772200
vt 0.687700 0.772200
vt 0.462600 0.793800
vt 0.687700 0.793800
vt 0.167400 0.022600
vt 0.167200 0.005900
vt 0.309400 0.792200
vt 0.628400 0.445400
vt 0.736600 0.015700
vt 0.736600 0.445600
vt 0.049700 0.005900
vt 0.537800 0.696500
vt 0.667900 0.666400
vt 0.667900 0.815200
vt 0.837100 0.446000
vt 0.837100 0.015500
vt 0.667900 0.695500
vt 0.667900 0.742600
vt 0.628400 0.015600
vt 0.687700 0.708800
vt 0.667900 0.782200
vt 0.065400 0.005900
vt 0.219800 0.022600
vt 0.444300 0.863600
vt 0.687700 0.827400
vt 0.179500 0.529300
vt 0.201400 0.528900
vt 0.383000 0.992000
vt 0.399400 0.943900
vt 0.399400 0.992000
vt 0.444300 0.990200
vt 0.223000 0.528400
vt 0.230600 0.544100
vt 0.716200 0.910000
vt 0.934000 0.910000
vt 0.885300 0.997000
vt 0.917200 0.305400
vt 0.916000 0.296000
vt 0.505400 0.579300
vt 0.472200 0.594300
vt 0.472200 0.574800
vt 0.439000 0.579300
vt 0.716200 0.997000
vt 0.194200 0.607200
vt 0.011300 0.022600
vt 0.309400 0.991900
vt 0.462600 0.742900
vt 0.235200 0.014200
vt 0.502600 0.595900
vt 0.997800 0.997000
vt 0.571000 0.019300
vt 0.524800 0.742600
vt 0.915900 0.305400
vt 0.922300 0.305400
vt 0.918500 0.314100
vt 0.296900 0.529300
vt 0.011900 0.015700
vt 0.383000 0.665800
vt 0.997800 0.910000
vt 0.822400 0.656400
vt 0.357900 0.529300
vt 0.845100 0.656900
vt 0.399400 0.665700
vt 0.441700 0.595900
vt 0.592800 0.011800
vt 0.855800 0.655600
vt 0.710500 0.583500
vt 0.632000 0.543700
vt 0.633900 0.585800
vt 0.933000 0.252600
vt 0.992700 0.270300
vt 0.923400 0.317700
vt 0.939300 0.142200
vt 0.933100 0.223000
vt 0.979400 0.186500
vt 0.275500 0.400000
vt 0.219100 0.409300
vt 0.270300 0.277100
vt 0.269900 0.189800
vt 0.308100 0.083100
vt 0.308100 0.191500
vt 0.214700 0.275400
vt 0.163500 0.392700
vt -1.592100 3.631500
vt -1.379000 3.654900
vt -1.380200 3.631500
vt -1.592100 3.654900
vt 0.689600 0.649940
vt 0.445600 0.629400
vt 0.445600 0.649940
vt 0.927200 0.636400
vt 0.902300 0.648700
vt 0.927200 0.648700
vt 0.902300 0.636300
vt 0.872200 0.635900
vt 0.872200 0.648500
vt 0.841300 0.648400
vt 0.841300 0.635700
vt 0.810300 0.635700
vt 0.810300 0.648400
vt 0.580500 0.326900
vt 0.527400 0.456600
vt 0.522000 0.392800
vt 0.574100 0.427300
vt 0.607700 0.392700
vt 0.108300 0.275400
vt 0.161800 0.392700
vt 0.103900 0.409300
vt 0.052700 0.277100
vt 0.053100 0.189800
vt 0.110400 0.189600
vt 0.050300 0.415200
vt 0.007500 0.387500
vt 0.111800 0.485200
vt 0.080100 0.507500
vt 0.498100 0.605100
vt 0.522400 0.605500
vt 0.512300 0.605100
vt 0.148800 0.621600
vt 0.161200 0.620800
vt 0.135300 0.620400
vt 0.115500 0.617000
vt 0.846600 0.584400
vt 0.785200 0.472200
vt 0.785200 0.586100
vt 0.846100 0.472100
vt 0.732300 0.489800
vt 0.632000 0.473000
vt 0.962300 0.274700
vt 0.944900 0.326600
vt 0.916400 0.277900
vt 0.916400 0.239100
vt 0.905900 0.244300
vt 0.498700 0.011400
vt -1.392000 3.654900
vt -1.659200 3.631500
vt -1.394800 3.631500
vt -1.658900 3.654900
vt -1.604500 3.631500
vt -1.325100 3.654900
vt -1.325100 3.631500
vt -1.634800 3.654900
vt 0.351100 0.427300
vt 0.344100 0.326900
vt 0.416900 0.456600
vt 0.407400 0.565200
vt 0.402000 0.531200
vt 0.421900 0.611300
vt 0.418700 0.598600
vt 0.472200 0.533800
vt 0.426300 0.530900
vt 0.422300 0.500800
vt 0.472200 0.487700
vt 0.472200 0.397100
vt 0.472200 0.455000
vt 0.422300 0.392800
vt 0.187700 0.620400
vt 0.174300 0.621600
vt 0.207600 0.611300
vt 0.221100 0.592500
vt 0.216800 0.611700
vt 0.940000 0.222700
vt 0.977200 0.184500
vt 0.967200 0.393000
vt 0.934200 0.348600
vt 0.930200 0.362500
vt 0.922300 0.340600
vt 0.916400 0.339400
vt 0.912600 0.305400
vt 0.914300 0.322400
vt 0.912600 0.314100
vt 0.914300 0.305400
vt 0.917100 0.314100
vt 0.916000 0.322400
vt 0.919200 0.322400
vt 0.918000 0.322400
vt 0.919900 0.314100
vt 0.914300 0.296000
vt 0.978900 0.352400
vt 0.920700 0.347500
vt 0.986700 0.206200
vt 0.916600 0.213900
vt 0.955000 0.157400
vt 0.939400 0.272600
vt 0.990000 0.331200
vt 0.995800 0.119400
vt 0.987900 0.083700
vt 0.951500 0.119400
vt 0.308100 0.293600
vt 0.308100 0.387500
vt 0.315800 0.392700
vt 0.472200 0.605100
vt 0.367500 0.182700
vt 0.316100 0.191500
vt 0.314500 0.083100
vt 0.472200 0.300400
vt 0.422100 0.300400
vt 0.472200 0.191500
vt 0.008500 0.191500
vt 0.521600 0.191500
vt 0.557100 0.182700
vt 0.522300 0.300400
vt 0.446200 0.605100
vt 0.905400 0.284400
vt 0.551200 0.493200
vt 0.907700 0.359900
vt 0.422700 0.191500
vt 0.985700 0.328200
vt 0.223900 0.577200
vt 0.432100 0.605100
vt 0.873800 0.074600
vt 0.855500 0.067900
vt 0.861800 0.044000
vt 0.092400 0.544100
vt 0.160800 0.482300
vt 0.162300 0.482300
vt 0.211300 0.485200
vt 0.179500 0.499900
vt 0.221800 0.501900
vt 0.242900 0.507500
vt 0.212600 0.189600
vt 0.163700 0.272600
vt 0.163100 0.189300
vt 0.161400 0.272600
vt 0.161600 0.189300
vt 0.498600 0.056700
vt 0.429800 0.059600
vt 0.339900 0.062200
vt 0.333500 0.032500
vt 0.293300 0.054600
vt 0.293300 0.017800
vt 0.270900 0.036000
vt 0.430000 0.008300
vt 0.367200 0.032500
vt 0.367100 0.005800
vt 0.889300 0.358000
vt 0.907400 0.335000
vt 0.904200 0.322000
vt 0.922300 0.314100
vt 0.007300 0.296400
vt 0.392200 0.493200
vt 0.396900 0.509500
vt 0.974700 0.558900
vt 0.866100 0.479200
vt 0.974700 0.479200
vt 0.866100 0.558900
vt 0.610100 0.191500
vt 0.933500 0.285300
vt 0.360800 0.062200
vt 0.354600 0.032500
vt 0.346400 0.032500
vt 0.333500 0.005800
vt 0.286700 0.467500
vt 0.333000 0.549300
vt 0.286700 0.549300
vt 0.346300 0.005800
vt 0.354500 0.005800
vt 0.922300 0.322400
vt 0.911600 0.298700
vt 0.912600 0.322400
vt 0.208500 0.501600
vt 0.315800 0.302000
vt 0.608900 0.296400
vt 0.333000 0.467500
vt 0.990900 0.256900
vt 0.902300 0.698600
vt 0.927200 0.686300
vt 0.927200 0.698500
vt 0.841300 0.698600
vt 0.872200 0.686400
vt 0.872200 0.698600
vt 0.902300 0.686300
vt 0.134600 0.657500
vt 0.022900 0.781300
vt 0.022900 0.657500
vt 0.194700 0.037700
vt 0.162400 0.031100
vt 0.268700 0.062000
vt 0.020800 0.657500
vt 0.132500 0.781100
vt 0.020800 0.781200
vt 0.132400 0.657600
vt 0.134600 0.782000
vt 0.285900 0.851300
vt 0.134600 0.851300
vt 0.134900 0.920700
vt 0.285900 0.999100
vt 0.285900 0.920700
vt 0.122600 0.994200
vt 0.122600 0.920700
vt 0.289400 0.920700
vt 0.289400 0.993900
vt 0.122600 0.917900
vt 0.122600 0.852800
vt 0.289500 0.852800
vt 0.289400 0.917900
vt 0.281900 0.629500
vt 0.142300 0.654700
vt 0.281900 0.654700
vt 0.004600 0.654700
vt 0.187800 0.629500
vt 0.004600 0.629500
vt 0.142300 0.629500
vt 0.327400 0.654700
vt 0.327400 0.629500
vt 0.187800 0.654700
vt 0.095600 0.629500
vt 0.095600 0.654700
vt 0.810300 0.686400
vt 0.841300 0.686400
vt -0.612050 4.652800
vt -0.309900 4.631500
vt -0.662000 4.631500
vt -0.290050 4.652800
vt -0.436450 4.652800
vt -0.614400 4.631500
vt -0.428500 4.631500
vt -0.614400 4.654900
vt 0.590300 4.631500
vt 0.340400 4.654900
vt 0.590300 4.654900
vt 0.340400 4.631500
vt -0.495800 4.631500
vt -0.657950 4.652800
vt -0.659000 4.631500
vt -0.292850 4.652800
vt -0.508450 4.652800
vt -0.293800 4.631500
vt -0.289300 4.631500
vt -0.439000 4.631500
vt -0.290400 4.631500
vt -0.494350 4.652800
vt 0.359800 0.082900
vt 0.387000 0.083000
vt 0.422100 0.083100
vt 0.472200 0.084200
vt 0.285900 0.782000
vt 0.810300 0.698600
vt 0.134800 0.999100
vt 0.383100 4.631500
vt 0.383100 4.654900
vt 0.285900 0.657500
vt 0.008900 0.917900
vt 0.008900 0.994400
vt 0.008900 0.920700
vt 0.022900 0.920700
vt 0.022900 0.999100
vt 0.022900 0.851300
vt 0.009300 0.852800
vt 0.283800 0.781000
vt 0.008500 0.083100
vt 0.285900 0.780900
vt 1.385600 3.631500
vt 1.560660 3.651210
vt 1.571500 3.631500
vt 1.384680 3.651210
vt 2.590300 3.654900
vt 2.383100 3.631500
vt 2.383100 3.654900
vt 2.590300 3.631500
vt 1.340080 3.651210
vt 1.504200 3.631500
vt 1.341000 3.631500
vt 1.489580 3.651210
vt 0.340800 3.631500
vt 0.608000 3.654900
vt 0.605200 3.631500
vt 0.341100 3.654900
vt 0.674900 3.654900
vt 0.395500 3.631500
vt 0.674900 3.631500
vt 0.365200 3.654900
vt 0.564800 0.082900
vt 0.610100 0.083100
vt 0.537600 0.083000
vt 0.522200 0.083100
vt 0.099200 0.577200
vt 0.101900 0.592500
vt 0.106200 0.609300
vt 0.542400 0.531200
vt 0.536900 0.565200
vt 0.522100 0.500800
vt 0.518000 0.530900
vt 0.525700 0.601000
vt 2.340400 3.654900
vt 2.340400 3.631500
vt 0.547400 0.509500
vt 0.876900 0.010100
vt 0.873500 0.048800
vt 0.877700 0.053700
vt 0.872500 0.010100
vt 0.880800 0.060400
vt 0.122600 0.847800
vt 0.289500 0.783600
vt 0.289500 0.847800
vt 0.122600 0.783600
vt 0.289500 0.779600
vt 0.123200 0.660800
vt 0.290000 0.660800
vt 0.122600 0.779600
vt 0.976900 0.010100
vt 0.981300 0.045100
vt 0.981800 0.010100
vt 0.976600 0.045900
vt 0.955000 0.049400
vt 0.955800 0.010100
vt 0.940800 0.010100
vt 0.940800 0.052800
vt 0.937500 0.052100
vt 0.937700 0.010100
vt 0.892900 0.010100
vt 0.914700 0.055900
vt 0.914500 0.010100
vt 0.896700 0.052900
vt 0.955300 0.091200
vt 0.945700 0.103400
vt 0.935800 0.101700
vt 0.941000 0.119400
vt 0.981600 0.061000
vt 0.995600 0.045300
vt 0.995600 0.059800
vt 0.970900 0.077100
vt 0.897400 0.116100
vt 0.913700 0.105600
vt 0.913500 0.121600
vt 0.861700 0.121600
vt 0.896400 0.100000
vt 1.690100 3.631500
vt 1.386900 3.654900
vt 1.338000 3.631500
vt 1.708900 3.654900
vt 1.706100 3.654900
vt 1.706200 3.631500
vt 1.490500 3.654900
vt 1.710700 3.631500
vt 1.340800 3.654900
vt 1.561000 3.631500
vt 1.709600 3.631500
vt 1.504600 3.654900
vt 0.054300 0.062000
vt 0.128400 0.037700
vt 0.988900 0.044300
vt 0.855500 0.041700
vt 0.945300 0.088000
vt 0.941900 0.084800
vt 0.897500 0.084600
vt 0.910000 0.091800
vt 0.962600 0.061200
vt 0.954800 0.069700
vt 0.009300 0.847800
vt 0.008900 0.660800
vt 0.008900 0.779600
vt 0.008900 0.783600
vt 0.283800 0.657700
vt 0.837000 0.859300
vt 0.878000 0.853700
vt 0.919100 0.800100
vt 0.888100 0.699200
vt 0.937000 0.743100
vt 0.940100 0.675400
vt 0.730100 0.698400
vt 0.658000 0.675400
vt 0.664300 0.743100
vt 0.761700 0.859300
vt 0.685100 0.800100
vt 0.718200 0.853700
vt 0.117000 0.129300
vt 0.017900 0.126500
vt 0.017900 0.428900
vt 0.312800 0.126500
vt 0.218900 0.428900
vt 0.312800 0.428900
vt 0.312800 0.488600
vt 0.215700 0.605700
vt 0.512600 0.428900
vt 0.596900 0.428900
vt 0.596900 0.126500
vt 0.512900 0.126500
vt 0.430000 0.126500
vt 0.425700 0.428900
vt 0.905200 0.021800
vt 0.978800 0.134200
vt 0.905200 0.167000
vt 0.979400 0.303600
vt 0.885800 0.303600
vt 0.885800 0.218800
vt 0.896700 0.947700
vt 0.897300 0.983000
vt 0.956100 0.974400
vt 0.952500 0.983300
vt 0.825000 0.981300
vt 0.846100 0.951400
vt 0.815200 0.951400
vt 0.857300 0.965900
vt 0.857100 0.981300
vt 0.880800 0.980700
vt 0.880800 0.966300
vt 0.906000 0.951300
vt 0.919600 0.981400
vt 0.924900 0.951200
vt 0.891600 0.966300
vt 0.869400 0.981900
vt 0.869200 0.966100
vt 0.895200 0.167000
vt 0.901800 0.021800
vt 0.901800 0.167000
vt 0.895200 0.021800
vt 0.888100 0.021800
vt 0.830000 0.167000
vt 0.829800 0.021800
vt 0.888100 0.167000
vt 0.648500 0.303600
vt 0.735300 0.360200
vt 0.648500 0.360200
vt 0.735300 0.303600
vt 0.791300 0.984300
vt 0.877500 0.947400
vt 0.791500 0.947400
vt 0.877300 0.984300
vt 0.909600 0.947400
vt 0.909600 0.984400
vt 0.690400 0.947400
vt 0.644300 0.984400
vt 0.690500 0.984300
vt 0.644400 0.947400
vt 0.730600 0.947400
vt 0.778500 0.985400
vt 0.730800 0.985400
vt 0.780000 0.947400
vt 0.115300 0.594200
vt 0.017900 0.715800
vt 0.017900 0.538500
vt 0.201000 0.747900
vt 0.286300 0.968800
vt 0.157900 0.968800
vt 0.512600 0.538600
vt 0.596900 0.538500
vt 0.596900 0.715800
vt 0.834600 0.983200
vt 0.789900 0.981400
vt 0.790000 0.971600
vt 0.859000 0.983000
vt 0.859000 0.947700
vt 0.753000 0.947400
vt 0.753000 0.984300
vt 0.982400 0.947400
vt 0.700400 0.509400
vt 0.834300 0.947800
vt 0.952500 0.947700
vt 0.790300 0.947700
vt 0.677200 0.167000
vt 0.819100 0.021800
vt 0.819100 0.167000
vt 0.115800 0.428900
vt 0.887300 0.561200
vt 0.733300 0.557000
vt 0.876800 0.983000
vt 0.127100 0.747900
vt 0.095900 0.968800
vt 0.017900 0.799000
vt 0.677200 0.021800
vt 0.979400 0.360200
vt 0.982700 0.984400
vt 0.941300 0.981500
vt 0.885800 0.360200
vt 0.920800 0.509400
vt 0.957600 0.436500
vt 0.887300 0.474100
vt 0.439800 0.767200
vt 0.350300 0.968800
vt 0.305400 0.726200
vt 0.979300 0.055700
vt 0.941300 0.951100
vt 0.641900 0.138800
vt 0.642000 0.051100
vt 0.680500 0.436500
vt 0.733300 0.474100
vt 0.733300 0.402500
vt 0.887300 0.402500
vt 0.017900 0.968800
vt 0.596900 0.799000
vt 0.499200 0.765900
vt 0.596900 0.968800
vt 0.442200 0.968800
vt 0.510500 0.968800
vt 0.424400 0.662500
vt 0.513800 0.663300
vt 0.312800 0.538500
vt 0.227800 0.129900
vt 0.117000 0.085800
vt 0.017900 0.084400
vt 0.017900 0.033300
vt 0.596900 0.084400
vt 0.512900 0.084400
vt 0.596900 0.033300
vt 0.424100 0.538600
vt 0.735300 0.218800
vt 0.648500 0.218800
vt 0.512900 0.033300
vt 0.430100 0.084400
vt 0.430300 0.033300
vt 0.314600 0.033300
vt 0.312800 0.084400
vt 0.228200 0.086100
vt 0.979400 0.218800
vt 0.764000 0.909100
vt 0.827400 0.909100
vt 0.424400 0.717900
vt 0.514200 0.717500
vt 0.116200 0.680600
vt 0.213300 0.680600
vt 0.499800 0.843200
vt 0.599800 0.912200
vt 0.771800 0.848200
vt 0.386800 0.665100
vt 0.606500 0.665100
vt 0.393500 0.577200
vt 0.499800 0.744700
vt 0.676400 0.775100
vt 0.837500 0.744700
vt 0.395100 0.912200
vt 0.221500 0.848200
vt 0.155800 0.744700
vt 0.009200 0.744900
vt 0.059200 0.892200
vt 0.984100 0.739800
vt 0.929700 0.894900
vt 0.316900 0.775100
vt 0.654400 0.951900
vt 0.336200 0.950000
vt 0.599800 0.577200
vt 0.771800 0.641200
vt 0.221500 0.641200
vt 0.910000 0.587400
vt 0.657800 0.533400
vt 0.059200 0.591400
vt 0.333800 0.535400
vt 0.770400 0.642000
vt 0.598400 0.578100
vt 0.605100 0.665900
vt 0.223300 0.849100
vt 0.934300 0.893100
vt 0.770400 0.849100
vt 0.395300 0.578100
vt 0.674900 0.776000
vt 0.318700 0.776000
vt 0.063800 0.895700
vt 0.157600 0.745600
vt 0.083500 0.588200
vt 0.934300 0.592200
vt 0.592100 0.352400
vt 0.584100 0.355600
vt 0.592500 0.355000
vt 0.568100 0.351500
vt 0.583900 0.352900
vt 0.568500 0.349100
vt 0.600700 0.351800
vt 0.601200 0.354300
vt 0.611100 0.348400
vt 0.610800 0.347200
vt 0.557200 0.344000
vt 0.620900 0.342600
vt 0.861300 0.445700
vt 0.889500 0.411600
vt 0.889500 0.445700
vt 0.861300 0.405400
vt 0.889500 0.405400
vt 0.861300 0.411600
vt 0.833200 0.411600
vt 0.833200 0.405400
vt 0.833200 0.445700
vt 0.805100 0.411600
vt 0.776900 0.411600
vt 0.805100 0.405400
vt 0.805100 0.445700
vt 0.748800 0.445700
vt 0.776900 0.445700
vt 0.776900 0.405400
vt 0.748800 0.411600
vt 0.748800 0.405400
vt 0.575100 0.148500
vt 0.606500 0.169900
vt 0.568500 0.171400
vt 0.598300 0.085100
vt 0.689800 0.129300
vt 0.653200 0.126500
vt 0.340400 0.438600
vt 0.355500 0.439300
vt 0.662900 0.210700
vt 0.676800 0.207300
vt 0.691100 0.212700
vt 0.596600 0.207400
vt 0.626700 0.206400
vt 0.625100 0.210100
vt 0.157700 0.440700
vt 0.141600 0.438900
vt 0.127700 0.445200
vt 0.375300 0.210100
vt 0.346600 0.206300
vt 0.373800 0.206400
vt 0.408700 0.210600
vt 0.418200 0.208200
vt 0.426200 0.211600
vt 0.094700 0.491800
vt 0.079600 0.448700
vt 0.053300 0.444700
vt 0.197100 0.440200
vt 0.240800 0.438600
vt 0.278300 0.437200
vt 0.293700 0.437500
vt 0.254700 0.438000
vt 0.324600 0.438200
vt 0.321000 0.437500
vt 0.301900 0.436400
vt 0.368000 0.439900
vt 0.400800 0.441400
vt 0.399400 0.441400
vt 0.077200 0.065100
vt 0.281300 0.027900
vt 0.239300 0.071500
vt 0.978500 0.072200
vt 0.976000 0.110900
vt 0.957200 0.065900
vt 0.056500 0.211900
vt 0.108400 0.144400
vt 0.200700 0.143300
vt 0.799700 0.143300
vt 0.944900 0.211200
vt 0.809100 0.180400
vt 0.851100 0.246100
vt 0.848300 0.347700
vt 0.778200 0.277700
vt 0.440500 0.293100
vt 0.499700 0.289000
vt 0.499700 0.311500
vt 0.987800 0.081200
vt 0.191400 0.180400
vt 0.152200 0.347700
vt 0.222300 0.277700
vt 0.216700 0.366700
vt 0.149400 0.246100
vt 0.607000 0.069100
vt 0.525400 0.044100
vt 0.525300 0.036700
vt 0.433700 0.356600
vt 0.345700 0.310100
vt 0.432500 0.312800
vt 0.666400 0.396000
vt 0.752400 0.326700
vt 0.783800 0.366700
vt 0.566800 0.356600
vt 0.568000 0.312800
vt 0.654700 0.310100
vt 0.955300 0.281500
vt 0.055300 0.138000
vt 0.248000 0.326700
vt 0.334200 0.345900
vt 0.334000 0.396000
vt 0.394000 0.169900
vt 0.432000 0.171400
vt 0.421300 0.207000
vt 0.499700 0.193900
vt 0.565600 0.208700
vt 0.499700 0.212300
vt 0.043300 0.065900
vt 0.024500 0.110900
vt 0.022000 0.072200
vt 0.644500 0.296400
vt 0.560000 0.293100
vt 0.632800 0.267200
vt 0.499700 0.251300
vt 0.564600 0.246200
vt 0.053200 0.448100
vt 0.336600 0.149100
vt 0.395100 0.149000
vt 0.345000 0.169100
vt 0.347200 0.126500
vt 0.402100 0.085100
vt 0.414900 0.115300
vt 0.523100 0.087100
vt 0.565100 0.099000
vt 0.550100 0.106600
vt 0.434600 0.415900
vt 0.499700 0.413300
vt 0.499700 0.363800
vt 0.892100 0.144400
vt 0.941600 0.103400
vt 0.761100 0.071500
vt 0.923200 0.065100
vt 0.719200 0.027900
vt 0.058900 0.103400
vt 0.222500 0.439500
vt 0.258900 0.298200
vt 0.432400 0.208900
vt 0.435900 0.246200
vt 0.505900 0.023800
vt 0.671900 0.005600
vt 0.475200 0.036700
vt 0.310700 0.129300
vt 0.393400 0.069100
vt 0.475000 0.044100
vt 0.945200 0.138000
vt 0.653800 0.206300
vt 0.494600 0.023800
vt 0.328500 0.005600
vt 0.521900 0.096100
vt 0.499700 0.094000
vt 0.499700 0.175400
vt 0.434800 0.208700
vt 0.525200 0.160000
vt 0.499700 0.164100
vt 0.470700 0.147500
vt 0.499700 0.150100
vt 0.323700 0.207300
vt 0.309400 0.212700
vt 0.307900 0.209400
vt 0.477300 0.087100
vt 0.478600 0.096100
vt 0.450400 0.106600
vt 0.962900 0.454100
vt 0.939200 0.437700
vt 0.962900 0.439900
vt 0.946900 0.467900
vt 0.978700 0.467900
vt 0.964600 0.495800
vt 0.938900 0.461000
vt 0.935300 0.495800
vt 0.948500 0.495800
vt 0.585600 0.115300
vt 0.499700 0.086200
vt 0.726000 0.235100
vt 0.681600 0.262900
vt 0.565800 0.415900
vt 0.666200 0.345900
vt 0.694700 0.292600
vt 0.710000 0.245200
vt 0.219600 0.480200
vt 0.226100 0.439100
vt 0.194600 0.480700
vt 0.142800 0.479400
vt 0.165500 0.480100
vt 0.337500 0.210700
vt 0.591800 0.210600
vt 0.582300 0.208200
vt 0.432500 0.225600
vt 0.356900 0.470400
vt 0.568000 0.225600
vt 0.367600 0.267200
vt 0.355900 0.296400
vt 0.318900 0.262900
vt 0.305800 0.292600
vt 0.290500 0.245200
vt 0.265600 0.278400
vt 0.274500 0.235100
vt 0.605300 0.149000
vt 0.663900 0.149100
vt 0.655400 0.169100
vt 0.545900 0.116100
vt 0.940200 0.402600
vt 0.978700 0.416900
vt 0.965600 0.392200
vt 0.425400 0.148500
vt 0.692500 0.209400
vt 0.525300 0.060900
vt 0.499700 0.051600
vt 0.947100 0.395700
vt 0.546500 0.126800
vt 0.522000 0.131600
vt 0.734900 0.278400
vt 0.342900 0.472300
vt 0.593700 0.261200
vt 0.297900 0.476200
vt 0.271300 0.478000
vt 0.544200 0.144600
vt 0.499700 0.133500
vt 0.453900 0.126800
vt 0.478400 0.131600
vt 0.180000 0.480600
vt 0.217400 0.480500
vt 0.456200 0.144600
vt 0.464600 0.158800
vt 0.507500 0.148200
vt 0.499700 0.138400
vt 0.499700 0.146400
vt 0.678800 0.168900
vt 0.712100 0.180600
vt 0.703100 0.149900
vt 0.578200 0.223600
vt 0.574200 0.215400
vt 0.574200 0.211600
vt 0.568000 0.208900
vt 0.078400 0.460800
vt 0.297400 0.149900
vt 0.288400 0.180600
vt 0.099100 0.445000
vt 0.103400 0.469200
vt 0.579200 0.207000
vt 0.741600 0.298200
vt 0.529200 0.116100
vt 0.512800 0.118500
vt 0.514700 0.115700
vt 0.487700 0.118500
vt 0.471300 0.116100
vt 0.485700 0.115700
vt 0.978700 0.390000
vt 0.499700 0.118300
vt 0.499700 0.114900
vt 0.321700 0.168900
vt 0.601400 0.234300
vt 0.597800 0.225800
vt 0.581700 0.219100
vt 0.244300 0.479700
vt 0.406800 0.261200
vt 0.320100 0.474200
vt 0.403900 0.207400
vt 0.696200 0.206300
vt 0.714400 0.210100
vt 0.733300 0.218300
vt 0.422300 0.223600
vt 0.426300 0.215400
vt 0.408000 0.223600
vt 0.418700 0.219100
vt 0.398300 0.464500
vt 0.370500 0.468400
vt 0.370300 0.440000
vt 0.499700 0.124300
vt 0.499700 0.130700
vt 0.489000 0.127900
vt 0.346400 0.202700
vt 0.405200 0.204600
vt 0.374000 0.203200
vt 0.267200 0.218300
vt 0.286100 0.210100
vt 0.304300 0.206300
vt 0.045200 0.281500
vt 0.309200 0.437900
vt 0.454600 0.116100
vt 0.435300 0.099000
vt 0.595300 0.204600
vt 0.654100 0.202700
vt 0.626500 0.203200
vt 0.678300 0.203800
vt 0.322200 0.203800
vt 0.530400 0.126400
vt 0.529300 0.118400
vt 0.471100 0.118400
vt 0.470100 0.126400
vt 0.280300 0.214600
vt 0.592500 0.223600
vt 0.475200 0.060900
vt 0.978700 0.495800
vt 0.490000 0.115100
vt 0.493100 0.105900
vt 0.499700 0.105500
vt 0.510400 0.115100
vt 0.507400 0.105900
vt 0.523500 0.106900
vt 0.399000 0.234300
vt 0.402600 0.225800
vt 0.383100 0.227300
vt 0.369800 0.233600
vt 0.368900 0.226500
vt 0.397300 0.228100
vt 0.647600 0.227600
vt 0.630700 0.233600
vt 0.631500 0.226500
vt 0.603200 0.228100
vt 0.237600 0.439000
vt 0.691100 0.219400
vt 0.673000 0.224900
vt 0.682500 0.221000
vt 0.499700 0.033000
vt 0.309300 0.219400
vt 0.300600 0.217800
vt 0.459200 0.112200
vt 0.477000 0.106900
vt 0.478800 0.115800
vt 0.521700 0.115800
vt 0.541200 0.112200
vt 0.720100 0.214600
vt 0.699800 0.217800
vt 0.352900 0.227600
vt 0.326700 0.224500
vt 0.318000 0.221000
vt 0.617400 0.227300
vt 0.461900 0.115800
vt 0.538500 0.115800
vt 0.511500 0.127900
vt 0.012700 0.081200
vt 0.354200 0.439200
vt 0.336900 0.228700
vt 0.663600 0.228700
vt 0.831100 0.673700
vt 0.774000 0.672300
vt 0.794100 0.741300
vt 0.187900 0.140400
vt 0.223500 0.192000
vt 0.228500 0.139800
vt 0.095600 0.314900
vt 0.070400 0.312700
vt 0.073400 0.492900
vt 0.102300 0.492700
vt 0.103800 0.463100
vt 0.760400 0.497400
vt 0.725800 0.495400
vt 0.732400 0.513000
vt 0.899500 0.103900
vt 0.898900 0.097400
vt 0.919700 0.096000
vt 0.942500 0.121600
vt 0.899400 0.163000
vt 0.901400 0.119100
vt 0.959900 0.161600
vt 0.931000 0.208800
vt 0.892200 0.208700
vt 0.955000 0.388200
vt 0.877400 0.287100
vt 0.877600 0.386300
vt 0.950800 0.287000
vt 0.950000 0.191400
vt 0.686500 0.082900
vt 0.696000 0.051900
vt 0.620600 0.112100
vt 0.682700 0.324300
vt 0.777900 0.333600
vt 0.771700 0.232700
vt 0.763400 0.485100
vt 0.709500 0.443100
vt 0.720100 0.477700
vt 0.146900 0.067000
vt 0.202100 0.194500
vt 0.928900 0.361300
vt 0.880500 0.265500
vt 0.862800 0.361000
vt 0.929700 0.262800
vt 0.775800 0.388900
vt 0.696300 0.382100
vt 0.972600 0.677200
vt 0.893100 0.676200
vt 0.911200 0.629200
vt 0.978300 0.754000
vt 0.878000 0.776700
vt 0.963200 0.846400
vt 0.824700 0.895200
vt 0.890100 0.920500
vt 0.763900 0.963000
vt 0.696900 0.941100
vt 0.656900 0.976900
vt 0.549900 0.990800
vt 0.540200 0.956400
vt 0.442700 0.990200
vt 0.476000 0.959500
vt 0.551900 0.899300
vt 0.488200 0.907900
vt 0.430200 0.954700
vt 0.425800 0.892800
vt 0.809300 0.676300
vt 0.766800 0.676400
vt 0.813900 0.598300
vt 0.714200 0.776500
vt 0.587700 0.826400
vt 0.626600 0.774100
vt 0.369000 0.796400
vt 0.352100 0.880900
vt 0.286700 0.762100
vt 0.292800 0.678800
vt 0.263200 0.679600
vt 0.266600 0.632400
vt 0.502600 0.953000
vt 0.424800 0.869500
vt 0.436000 0.951000
vt 0.135200 0.861800
vt 0.139300 0.762000
vt 0.205600 0.762100
vt 0.278700 0.869400
vt 0.211300 0.859100
vt 0.276600 0.762100
vt 0.342000 0.880900
vt 0.398200 0.991100
vt 0.193100 0.921600
vt 0.398200 0.950100
vt 0.172600 0.966500
vt 0.048900 0.875900
vt 0.047400 0.720200
vt 0.090100 0.670200
vt 0.089200 0.764100
vt 0.050300 0.625300
vt 0.493600 0.858200
vt 0.532000 0.919400
vt 0.560400 0.856900
vt 0.620100 0.255400
vt 0.603600 0.256200
vt 0.393000 0.243800
vt 0.374800 0.160800
vt 0.374800 0.243800
vt 0.622100 0.168200
vt 0.595800 0.256900
vt 0.622100 0.237900
vt 0.443600 0.271700
vt 0.390700 0.257100
vt 0.443600 0.148800
vt 0.595800 0.139700
vt 0.430300 0.138000
vt 0.325800 0.017600
vt 0.461100 0.123100
vt 0.461100 0.017600
vt 0.325800 0.123000
vt 0.293900 0.239200
vt 0.310900 0.239200
vt 0.311000 0.254000
vt 0.443600 0.257400
vt 0.595800 0.271700
vt 0.393000 0.159000
vt 0.391700 0.139300
vt 0.194200 0.614800
vt 0.170000 0.614500
vt 0.186500 0.550100
vt 0.510700 0.432300
vt 0.488200 0.471400
vt 0.675400 0.452600
vt 0.662300 0.398200
vt 0.373300 0.404900
vt 0.382900 0.293300
vt 0.346200 0.299400
vt 0.302300 0.306700
vt 0.194800 0.380900
vt 0.519200 0.306000
vt 0.271500 0.479700
vt 0.181000 0.484900
vt 0.255400 0.564600
vt 0.315100 0.553300
vt 0.603600 0.245700
vt 0.620100 0.245700
vt 0.603600 0.231700
vt 0.620100 0.231700
vt 0.668400 0.225300
vt 0.767200 0.148500
vt 0.675700 0.149100
vt 0.959900 0.469000
vt 0.751900 0.055700
vt 0.813300 0.059700
vt 0.856200 0.147000
vt 0.890700 0.117900
vt 0.089100 0.217500
vt 0.978900 0.260100
vt 0.037400 0.309800
vt 0.023500 0.205900
vt 0.484000 0.572200
vt 0.514400 0.502100
vt 0.619900 0.533000
vt 0.626700 0.354200
vt 0.862900 0.838400
vt 0.747000 0.896800
vt 0.701200 0.834300
vt 0.782200 0.836000
vt 0.061500 0.092600
vt 0.100700 0.024000
vt 0.039200 0.085600
vt 0.920200 0.683500
vt 0.948600 0.616300
vt 0.964900 0.683000
vt 0.089400 0.094000
vt 0.643600 0.895100
vt 0.557300 0.899300
vt 0.655100 0.896500
vt 0.691300 0.933600
vt 0.862800 0.244500
vt 0.887400 0.467500
vt 0.595800 0.149200
vt 0.077500 0.507200
vt 0.761800 0.515100
vt 0.418400 0.606200
vt 0.523200 0.629300
vt 0.563300 0.595400
vt 0.352500 0.619700
vt 0.491500 0.661800
vt 0.910800 0.453800
vt 0.991500 0.361500
vt 0.970700 0.466400
vt 0.235900 0.016600
vt 0.865000 0.546300
vt 0.866600 0.458800
vt 0.782900 0.516700
vt 0.012200 0.761400
vt 0.925600 0.510300
vt 0.748200 0.676400
vt 0.697600 0.676400
vt 0.689000 0.834300
vt 0.891900 0.530300
vt 0.760900 0.005900
vt 0.856300 0.335300
vt 0.802700 0.488400
vt 0.398200 0.878300
vt 0.398200 0.941600
vt 0.840400 0.392000
vt 0.767700 0.447800
vt 0.821500 0.450500
vt 0.620100 0.172700
vt 0.102900 0.506800
vt 0.080100 0.517800
vt 0.101400 0.517800
vt 0.892900 0.102800
vt 0.361000 0.477400
vt 0.483800 0.893000
vt 0.444900 0.818300
vt 0.123000 0.863300
vt 0.393200 0.533400
vt 0.581700 0.936700
vt 0.215800 0.262100
vt 0.885500 0.195700
vt 0.329600 0.254100
vt 0.352400 0.239300
vt 0.352300 0.254100
vt 0.293800 0.253900
vt 0.329800 0.239200
vt 0.294100 0.199800
vt 0.311000 0.199800
vt 0.329900 0.199900
vt 0.352800 0.199900
vt 0.065800 0.460000
vt 0.503000 0.865200
vt 0.580500 0.826400
vt 0.438400 0.842500
vt 0.462000 0.805400
vt 0.851400 0.838400
vt 0.801300 0.776800
vt 0.855500 0.776700
vt 0.344300 0.762100
vt 0.096200 0.764100
vt 0.114100 0.679200
vt 0.153400 0.678900
vt 0.549500 0.768600
vt 0.655700 0.636100
vt 0.606000 0.768900
vt 0.324000 0.138800
vt 0.312300 0.135900
vt 0.335000 0.138600
vt 0.352900 0.138800
vt 0.353200 0.174100
vt 0.294100 0.138800
vt 0.324700 0.174100
vt 0.294300 0.174100
vt 0.339100 0.174100
vt 0.342600 0.300000
vt 0.729200 0.776500
vt 0.612500 0.930000
vt 0.811300 0.893000
vt 0.539100 0.726700
vt 0.939700 0.648900
vt 0.974600 0.654800
vt 0.917800 0.723100
vt 0.904700 0.643100
vt 0.777500 0.524900
vt 0.587100 0.255400
vt 0.496100 0.776300
vt 0.529000 0.785600
vt 0.607800 0.685900
vt 0.891600 0.097600
vt 0.735700 0.522000
vt 0.398200 0.849700
vt 0.110000 0.394200
vt 0.931500 0.131900
vt 0.899700 0.132700
vt 0.914600 0.073000
vt 0.839400 0.676200
vt 0.485600 0.768300
vt 0.581200 0.801600
vt 0.546400 0.951000
vt 0.590800 0.943900
vt 0.201900 0.679500
vt 0.246400 0.679600
vt 0.216400 0.614800
vt 0.603600 0.172700
vt 0.587100 0.231700
vt 0.587100 0.172700
vt 0.590800 0.633500
vt 0.345500 0.135900
vt 0.250000 0.337500
vt 0.936600 0.648400
vt 0.587100 0.245700
vt 0.587000 0.637400
vt 0.560900 0.654200
vt 0.050100 0.390100
vt 0.072100 0.392200
vt 0.751100 0.581900
vt 0.080800 0.616600
vt 0.618500 0.605600
vt 0.969900 0.208800
vt 0.646200 0.573100
vt 0.663700 0.539200
vt 0.947300 0.601000
vt 0.920600 0.604500
vt 0.935600 0.565500
vt 0.959100 0.636400
vt 0.070000 0.555000
vt 0.761600 0.522900

usemtl body
f 3/1/1 2/2/2 1/3/3
f 6/4/4 5/5/5 4/6/6
f 1/3/3 8/7/7 7/8/8
f 11/9/9 10/10/10 9/11/11
f 14/12/12 13/13/13 12/14/14
f 16/15/15 15/16/15 9/11/16
f 12/14/14 9/11/11 10/10/10
f 10/10/10 18/17/17 17/18/18
f 14/12/12 12/14/14 10/10/10
f 1/3/3 19/19/19 8/7/7
f 21/20/20 9/11/11 20/21/21
f 24/22/22 23/23/23 22/20/24
f 25/24/25 10/10/10 11/9/9
f 8/7/7 19/19/19 26/25/26
f 29/26/27 28/27/28 27/28/29
f 29/26/27 27/28/29 30/29/30
f 33/30/31 32/31/32 31/31/33
f 33/30/31 34/32/34 32/31/32
f 34/32/34 36/33/35 35/33/36
f 34/32/34 38/34/37 37/32/38
f 41/35/39 40/6/40 39/36/41
f 44/33/42 43/32/43 42/33/44
f 26/25/26 19/19/19 45/37/45
f 10/10/10 25/24/25 18/17/17
f 48/31/46 47/31/47 46/30/48
f 51/27/49 50/28/50 49/26/51
f 21/20/20 20/21/21 26/25/26
f 54/32/52 53/32/53 52/33/54
f 57/36/55 56/6/56 55/5/57
f 60/31/58 59/30/59 58/33/60
f 54/32/52 52/33/54 58/33/60
f 62/35/61 61/29/62 56/6/56
f 64/38/63 59/30/59 63/30/64
f 67/36/65 66/29/66 65/6/67
f 69/38/68 46/30/48 68/30/69
f 48/31/46 46/30/48 44/33/42
f 46/30/48 43/32/43 44/33/42
f 34/32/34 35/33/36 32/31/32
f 23/23/23 17/18/18 18/17/17
f 1/3/3 2/2/2 19/19/19
f 72/26/70 71/27/71 70/28/72
f 75/31/73 74/30/74 73/31/75
f 74/30/74 76/32/76 73/31/75
f 79/38/77 78/39/78 77/34/79
f 82/36/80 81/4/81 80/5/82
f 43/32/43 83/32/83 42/33/44
f 67/36/65 65/6/67 84/5/84
f 82/36/80 86/29/85 85/6/86
f 88/38/87 79/38/77 87/30/88
f 91/26/89 90/27/90 89/28/91
f 90/27/90 92/40/92 89/28/91
f 1/3/3 94/41/93 93/42/94
f 24/22/22 2/2/2 95/43/95
f 24/22/22 22/20/24 96/44/96
f 76/32/76 98/32/97 97/33/98
f 101/38/99 100/45/100 99/34/101
f 103/39/102 102/46/103 99/34/101
f 105/47/104 93/42/94 104/48/105
f 14/12/12 107/49/106 106/50/107
f 19/19/19 2/2/2 96/44/96
f 2/2/2 24/22/22 96/44/96
f 109/46/108 108/39/109 90/27/110
f 112/51/111 111/52/112 110/53/113
f 114/6/114 4/6/6 113/45/115
f 117/28/116 116/46/117 115/27/118
f 120/31/119 119/32/120 118/33/121
f 119/32/120 121/32/122 118/33/121
f 77/34/79 78/39/78 122/46/123
f 78/39/78 71/27/124 122/46/123
f 125/54/125 124/40/126 123/45/127
f 128/55/128 127/51/129 126/52/130
f 130/46/131 129/39/132 51/27/49
f 54/32/52 58/33/60 59/30/59
f 133/51/133 132/52/134 131/53/134
f 134/40/135 50/28/50 51/27/49
f 136/45/136 69/38/68 135/54/137
f 66/29/66 91/26/89 89/28/91
f 66/29/66 137/35/138 91/26/89
f 138/34/139 108/39/109 109/46/108
f 30/29/30 41/35/39 29/26/27
f 38/34/37 99/34/101 102/46/103
f 140/45/140 64/38/63 139/54/141
f 61/29/62 49/26/51 50/28/50
f 61/29/62 62/35/61 49/26/51
f 141/34/142 129/39/132 130/46/131
f 123/45/127 88/38/87 125/54/125
f 86/29/85 72/26/70 70/28/72
f 86/29/85 142/35/143 72/26/70
f 143/34/144 77/34/79 122/46/123
f 55/5/57 56/6/56 144/4/145
f 63/30/64 59/30/59 60/31/58
f 63/30/64 60/31/58 145/31/146
f 11/9/9 9/11/11 21/20/20
f 66/29/66 67/36/65 137/35/138
f 83/32/83 43/32/43 138/34/139
f 84/5/84 65/6/67 146/4/147
f 68/30/69 46/30/48 47/31/47
f 34/32/34 37/32/38 36/33/35
f 39/36/41 148/4/148 147/5/149
f 118/33/121 121/32/122 149/33/150
f 150/36/151 4/6/6 5/5/5
f 151/39/152 116/46/117 121/32/122
f 152/26/153 117/28/116 150/36/151
f 4/6/6 114/6/114 6/4/4
f 153/30/154 119/32/120 120/31/119
f 153/30/154 113/45/155 119/32/120
f 115/27/118 116/46/117 151/39/152
f 156/51/156 155/52/157 154/53/157
f 157/40/158 117/28/116 115/27/118
f 159/54/159 158/40/160 100/45/100
f 28/27/161 102/46/103 103/39/102
f 27/28/29 28/27/28 158/40/162
f 162/53/163 161/51/164 160/55/165
f 160/55/165 161/51/164 163/52/166
f 103/39/102 99/34/101 100/45/100
f 82/36/80 85/6/86 81/4/81
f 87/30/88 74/30/74 75/31/73
f 1/3/3 7/8/8 94/41/93
f 6/4/4 114/6/114 164/4/167
f 70/28/72 71/27/71 124/40/168
f 165/53/169 127/51/129 128/55/128
f 56/6/56 57/36/55 62/35/61
f 53/32/53 166/34/170 141/34/142
f 39/36/41 40/6/40 148/4/148
f 167/30/171 33/30/31 31/31/33
f 41/35/39 30/29/30 40/6/40
f 168/38/172 33/30/31 167/30/171
f 17/18/18 23/23/23 24/22/22
f 139/54/141 134/40/173 140/45/140
f 169/55/174 131/53/134 132/52/134
f 135/54/137 92/40/175 136/45/136
f 170/55/176 110/53/113 111/52/112
f 107/49/106 14/12/12 10/10/10
f 3/1/1 1/3/3 105/47/104
f 1/3/3 93/42/94 105/47/104
f 7/8/8 8/7/7 20/21/21
f 8/7/7 26/25/26 20/21/21
f 121/32/122 119/32/120 151/39/152
f 119/32/120 113/45/155 151/39/152
f 86/29/85 82/36/80 142/35/143
f 98/32/97 76/32/76 143/34/144
f 117/28/116 157/40/158 113/45/115
f 171/55/177 154/53/157 155/52/157
f 173/56/178 26/25/26 172/57/179
f 26/25/26 45/37/45 172/57/179
f 100/45/100 101/38/99 159/54/159
f 101/38/99 168/38/172 159/54/159
f 73/31/75 76/32/76 174/33/180
f 76/32/76 97/33/98 174/33/180
f 176/58/181 24/22/22 175/59/182
f 24/22/22 95/43/95 175/59/182
f 178/34/183 177/38/184 136/45/136
f 177/38/184 69/38/68 136/45/136
f 138/34/139 178/34/183 108/39/109
f 178/34/183 136/45/136 108/39/109
f 113/45/115 4/6/6 117/28/116
f 4/6/6 150/36/151 117/28/116
f 78/39/78 79/38/77 123/45/127
f 79/38/77 88/38/87 123/45/127
f 107/49/106 10/10/10 179/60/185
f 10/10/10 17/18/18 179/60/185
f 166/34/170 180/38/186 140/45/140
f 180/38/186 64/38/63 140/45/140
f 141/34/142 166/34/170 129/39/132
f 166/34/170 140/45/140 129/39/132
f 77/34/79 74/30/74 79/38/77
f 74/30/74 87/30/88 79/38/77
f 38/34/37 34/32/34 99/34/101
f 34/32/34 33/30/31 99/34/101
f 99/34/101 33/30/31 101/38/99
f 33/30/31 168/38/172 101/38/99
f 74/30/74 77/34/79 76/32/76
f 77/34/79 143/34/144 76/32/76
f 2/2/2 3/1/1 181/61/187
f 43/32/43 46/30/48 177/38/184
f 46/30/48 69/38/68 177/38/184
f 138/34/139 43/32/43 178/34/183
f 43/32/43 177/38/184 178/34/183
f 179/60/185 17/18/18 176/58/181
f 17/18/18 24/22/22 176/58/181
f 54/32/52 59/30/59 180/38/186
f 59/30/59 64/38/63 180/38/186
f 53/32/53 54/32/52 166/34/170
f 54/32/52 180/38/186 166/34/170
f 45/37/45 19/19/19 182/62/188
f 19/19/19 96/44/96 182/62/188
f 185/63/189 184/64/189 183/65/189
f 188/64/190 187/63/190 186/65/190
f 191/66/191 190/67/192 189/68/193
f 189/68/193 192/69/194 191/66/191
f 192/69/194 194/70/195 193/71/196
f 197/72/197 196/73/198 195/74/199
f 195/74/199 198/75/200 197/72/197
f 201/76/201 200/77/202 199/78/203
f 204/66/204 203/68/205 202/67/206
f 203/68/205 204/66/204 205/69/207
f 208/76/208 207/79/209 206/80/210
f 211/73/211 210/81/212 209/72/213
f 213/74/214 209/72/213 212/75/215
f 208/76/208 215/78/216 214/77/217
f 218/82/218 217/83/219 216/84/220
f 217/83/219 218/82/218 219/85/221
f 222/86/222 221/87/223 220/88/224
f 225/89/225 224/90/226 223/91/227
f 228/92/228 227/93/229 226/94/230
f 231/95/231 230/96/232 229/97/233
f 230/96/232 231/95/231 232/98/234
f 235/99/235 234/100/236 233/57/237
f 234/100/236 235/99/235 236/101/238
f 239/102/239 238/102/240 237/64/241
f 238/102/240 239/102/239 240/103/242
f 243/104/243 242/105/244 241/106/245
f 246/107/246 245/63/247 244/108/248
f 245/63/247 246/107/246 247/109/249
f 247/109/249 248/110/250 245/63/247
f 248/110/250 247/109/249 249/111/251
f 252/112/252 251/113/253 250/103/254
f 255/114/255 254/115/256 253/116/257
f 258/117/258 257/118/259 256/119/260
f 261/120/261 260/90/262 259/121/263
f 259/121/263 262/122/264 261/120/261
f 265/93/265 264/123/266 263/92/267
f 268/95/268 267/97/269 266/96/270
f 271/57/271 270/99/272 269/98/273
f 273/100/274 272/101/275 270/99/272
f 276/102/276 275/102/277 274/64/278
f 276/102/276 277/103/279 275/102/277
f 280/105/280 279/124/281 278/125/282
f 283/63/283 282/107/284 281/108/285
f 283/63/283 284/109/286 282/107/284
f 284/109/286 283/63/283 285/110/287
f 285/110/287 286/111/288 284/109/286
f 289/103/289 288/112/290 287/126/291
f 288/112/290 289/103/289 290/113/292
f 293/117/293 292/119/294 291/118/295
f 296/127/296 295/128/297 294/129/298
f 295/128/297 296/127/296 297/130/299
f 300/131/300 299/132/301 298/133/302
f 299/132/301 300/131/300 301/134/303
f 304/135/304 303/136/305 302/137/306
f 303/136/305 306/138/307 305/139/308
f 309/140/309 308/141/310 307/142/311
f 309/140/309 310/143/312 308/141/310
f 313/144/313 312/145/314 311/146/315
f 312/145/314 313/144/313 314/147/316
f 316/148/317 314/147/316 315/149/318
f 315/149/318 317/150/319 316/148/317
f 320/151/320 319/152/321 318/153/322
f 319/152/321 320/151/320 321/154/323
f 324/87/324 323/155/324 322/156/325
f 323/155/324 324/87/324 325/157/326
f 328/83/327 327/82/328 326/84/329
f 327/82/328 328/83/327 329/85/330
f 332/158/331 331/159/331 330/160/331
f 331/159/331 332/158/331 333/161/331
f 336/162/332 335/163/333 334/164/334
f 339/152/335 338/151/336 337/153/337
f 338/151/336 339/152/335 340/154/338
f 343/127/339 342/129/340 341/128/341
f 341/128/341 344/130/342 343/127/339
f 347/132/343 346/131/344 345/133/345
f 346/131/344 347/132/343 348/134/346
f 351/135/347 350/165/348 349/137/349
f 354/136/350 353/139/351 352/138/352
f 357/166/353 356/167/354 355/168/355
f 360/140/356 359/141/357 358/143/358
f 358/143/358 361/169/359 360/140/356
f 361/169/359 358/143/358 362/170/360
f 365/145/361 364/147/362 363/144/363
f 368/149/364 367/148/365 366/150/366
f 366/150/366 370/171/367 369/172/368
f 373/173/369 372/174/370 371/175/371
f 375/173/372 371/175/371 374/176/373
f 374/176/373 376/177/374 375/173/372
f 376/177/374 374/176/373 377/178/375
f 380/179/376 379/180/377 378/181/378
f 382/182/379 381/183/380 380/179/376
f 381/183/380 382/182/379 383/184/381
f 386/185/382 385/186/383 384/187/384
f 389/188/385 388/189/386 387/190/387
f 392/191/388 391/192/389 390/193/390
f 395/194/391 394/195/392 393/196/393
f 397/197/394 396/198/395 389/188/385
f 389/188/385 399/199/396 398/200/397
f 402/201/398 401/202/399 400/203/400
f 405/179/401 404/181/402 403/180/403
f 407/182/404 405/179/401 406/183/405
f 406/183/405 408/184/406 407/182/404
f 411/185/407 410/187/408 409/186/409
f 414/188/410 413/190/411 412/189/412
f 417/191/413 416/193/414 415/192/415
f 420/194/416 419/196/417 418/195/418
f 423/201/419 422/204/420 421/203/421
f 421/203/421 424/202/422 423/201/419
f 426/81/423 197/72/197 425/205/424
f 428/206/425 396/198/395 427/207/426
f 431/198/427 430/208/428 429/209/429
f 209/72/213 210/81/212 432/205/430
f 434/199/431 414/188/410 433/200/432
f 436/169/433 435/170/434 310/143/312
f 435/170/434 436/169/433 437/210/435
f 363/144/363 439/211/436 438/146/437
f 440/212/438 384/187/384 381/183/380
f 443/213/439 442/214/440 441/215/441
f 399/199/396 389/188/385 390/193/390
f 446/214/442 445/213/443 444/215/444
f 410/187/408 447/212/445 406/183/405
f 421/203/421 422/204/420 416/193/414
f 370/171/367 366/150/366 448/216/446
f 399/199/396 390/193/390 400/203/400
f 209/72/213 450/217/447 449/218/448
f 215/78/216 208/76/208 451/219/449
f 453/220/450 452/221/451 446/214/442
f 455/222/452 450/217/447 454/223/453
f 416/193/414 434/199/431 421/203/421
f 317/150/319 457/171/454 456/216/455
f 197/72/197 459/218/456 458/217/457
f 442/214/440 443/213/439 460/224/458
f 420/194/416 418/195/418 461/225/459
f 449/218/448 450/217/447 455/222/452
f 201/76/201 199/78/203 462/219/460
f 425/205/424 464/223/461 463/226/462
f 458/217/457 459/218/456 465/222/463
f 394/195/392 395/194/391 466/225/464
f 362/170/360 467/210/465 361/169/359
f 469/227/466 305/139/308 468/166/467
f 413/190/411 416/193/414 417/191/413
f 410/187/408 411/185/407 447/212/445
f 304/135/304 471/165/468 470/228/469
f 469/227/466 468/166/467 472/167/470
f 390/193/390 387/190/387 392/191/388
f 353/139/351 473/227/471 357/166/353
f 350/165/348 351/135/347 474/228/472
f 386/185/382 384/187/384 440/212/438
f 396/198/395 397/197/394 427/207/426
f 462/219/460 199/78/203 463/226/462
f 476/80/473 201/76/201 475/229/474
f 385/186/383 386/185/382 389/188/385
f 445/213/443 446/214/442 477/224/475
f 454/223/453 432/205/430 478/226/476
f 201/76/201 476/80/473 479/79/477
f 265/93/265 263/92/267 480/94/478
f 482/220/479 442/214/440 481/221/480
f 464/223/461 458/217/457 465/222/463
f 485/122/481 484/123/482 483/121/483
f 486/125/484 257/118/259 258/117/258
f 205/69/207 487/70/485 203/68/205
f 488/120/486 224/90/226 225/89/225
f 411/185/407 409/186/409 414/188/410
f 208/76/208 206/80/210 489/229/487
f 490/230/488 414/188/410 431/198/427
f 314/147/316 316/148/317 312/145/314
f 433/200/432 414/188/410 490/230/488
f 389/188/385 398/200/397 397/197/394
f 367/148/365 364/147/362 365/145/361
f 310/143/312 309/140/309 436/169/433
f 215/78/216 451/219/449 478/226/476
f 490/230/488 431/198/427 429/209/429
f 222/86/222 492/231/489 491/232/490
f 317/150/319 493/172/491 457/171/454
f 371/175/371 375/173/372 373/173/369
f 496/233/492 495/234/493 494/235/494
f 204/66/204 202/67/206 497/236/495
f 359/141/357 360/140/356 498/142/496
f 499/211/497 437/210/435 313/144/313
f 437/210/435 499/211/497 435/170/434
f 190/67/192 191/66/191 500/236/498
f 391/192/389 392/191/388 501/233/499
f 367/148/365 368/149/364 364/147/362
f 229/97/233 226/94/230 231/95/231
f 214/77/217 432/205/430 210/81/212
f 304/135/304 302/137/306 471/165/468
f 222/86/222 503/237/500 502/238/501
f 366/150/366 369/172/368 368/149/364
f 233/57/237 232/98/234 235/99/235
f 211/73/211 209/72/213 213/74/214
f 439/211/436 363/144/363 467/210/465
f 504/71/502 205/69/207 489/229/487
f 416/193/414 413/190/411 414/188/410
f 473/227/471 353/139/351 354/136/350
f 475/229/474 193/71/196 476/80/473
f 262/122/264 264/123/266 265/93/265
f 262/122/264 259/121/263 264/123/266
f 387/190/387 390/193/390 389/188/385
f 192/69/194 193/71/196 475/229/474
f 270/99/272 271/57/271 273/100/274
f 425/205/424 200/77/202 426/81/423
f 480/94/478 267/97/269 268/95/268
f 197/72/197 458/217/457 425/205/424
f 458/217/457 464/223/461 425/205/424
f 454/223/453 450/217/447 432/205/430
f 450/217/447 209/72/213 432/205/430
f 266/96/270 269/98/273 268/95/268
f 196/73/198 197/72/197 426/81/423
f 380/179/376 381/183/380 395/194/391
f 441/215/441 442/214/440 482/220/479
f 492/231/489 222/86/222 220/88/224
f 507/239/503 506/240/504 505/241/505
f 363/144/363 438/146/437 365/145/361
f 446/214/442 444/215/444 453/220/450
f 406/183/405 405/179/401 420/194/416
f 400/203/400 508/204/506 402/201/398
f 351/135/347 349/137/349 354/136/350
f 372/174/370 510/242/507 509/243/508
f 317/150/319 315/149/318 493/172/491
f 513/244/509 512/245/510 511/246/511
f 514/247/512 511/246/511 512/245/510
f 291/118/295 515/125/513 293/117/293
f 280/105/280 517/104/514 516/106/515
f 520/115/516 519/114/517 518/116/518
f 489/229/487 206/80/210 504/71/502
f 227/93/229 484/123/482 485/122/481
f 510/242/507 372/174/370 373/173/369
f 253/116/257 486/125/484 255/114/255
f 484/123/482 227/93/229 228/92/228
f 467/210/465 362/170/360 439/211/436
f 242/105/244 522/125/519 521/124/520
f 252/112/252 250/103/254 523/126/521
f 303/136/305 305/139/308 469/227/466
f 354/136/350 352/138/352 351/135/347
f 388/189/386 389/188/385 386/185/382
f 313/144/313 311/146/315 499/211/497
f 507/239/503 505/241/505 524/248/522
f 222/86/222 525/249/523 221/87/223
f 434/199/431 416/193/414 414/188/410
f 527/168/524 468/166/467 526/250/525
f 417/191/413 415/192/415 496/233/492
f 414/188/410 412/189/412 411/185/407
f 306/138/307 303/136/305 304/135/304
f 501/233/499 392/191/388 528/251/526
f 357/166/353 355/168/355 529/250/527
f 400/203/400 390/193/390 508/204/506
f 426/81/423 200/77/202 479/79/477
f 200/77/202 201/76/201 479/79/477
f 208/76/208 214/77/217 207/79/209
f 214/77/217 210/81/212 207/79/209
f 472/167/470 468/166/467 527/168/524
f 431/198/427 410/187/408 430/208/428
f 410/187/408 406/183/405 430/208/428
f 430/208/428 406/183/405 530/252/528
f 406/183/405 420/194/416 530/252/528
f 406/183/405 447/212/445 408/184/406
f 470/228/469 471/165/468 531/253/529
f 512/245/510 513/244/509 532/254/530
f 222/86/222 491/232/490 503/237/500
f 505/241/505 506/240/504 533/255/531
f 269/98/273 266/96/270 271/57/271
f 381/183/380 384/187/384 428/206/425
f 384/187/384 396/198/395 428/206/425
f 395/194/391 381/183/380 534/252/532
f 381/183/380 428/206/425 534/252/532
f 336/162/332 334/164/334 535/256/533
f 350/165/348 474/228/472 536/253/534
f 440/212/438 381/183/380 383/184/381
f 196/73/198 426/81/423 537/257/535
f 426/81/423 479/79/477 537/257/535
f 207/79/209 210/81/212 538/257/536
f 210/81/212 211/73/211 538/257/536
f 480/94/478 263/92/267 267/97/269
f 356/167/354 357/166/353 473/227/471
f 539/258/537 509/243/508 510/242/507
f 376/177/374 377/178/375 540/259/538
f 543/242/539 542/260/539 541/173/539
f 348/134/346 347/132/343 544/261/540
f 347/132/343 345/133/345 544/261/540
f 298/133/302 299/132/301 545/261/541
f 299/132/301 301/134/303 545/261/541
f 523/126/521 250/103/254 248/110/250
f 230/96/232 232/98/234 233/57/237
f 380/179/376 378/181/378 382/182/379
f 342/129/340 343/127/339 546/262/542
f 518/116/518 519/114/517 515/125/513
f 417/191/413 496/233/492 547/251/543
f 548/263/544 405/179/401 403/180/403
f 420/194/416 405/179/401 419/196/417
f 494/235/494 495/234/493 423/201/419
f 549/264/545 533/255/531 506/240/504
f 488/120/486 483/121/483 224/90/226
f 258/117/258 256/119/260 550/265/546
f 483/121/483 488/120/486 485/122/481
f 487/70/485 205/69/207 504/71/502
f 545/261/541 301/134/303 551/266/547
f 301/134/303 300/131/300 551/266/547
f 346/131/344 348/134/346 552/266/548
f 348/134/346 544/261/540 552/266/548
f 515/125/513 291/118/295 518/116/518
f 277/103/279 276/102/276 553/267/549
f 555/234/550 554/235/551 402/201/398
f 556/263/552 379/180/377 380/179/376
f 557/268/553 380/179/376 393/196/393
f 380/179/376 395/194/391 393/196/393
f 478/226/476 432/205/430 215/78/216
f 432/205/430 214/77/217 215/78/216
f 200/77/202 425/205/424 199/78/203
f 425/205/424 463/226/462 199/78/203
f 226/94/230 229/97/233 228/92/228
f 251/113/253 254/115/256 255/114/255
f 512/245/510 558/269/554 514/247/512
f 242/105/244 243/104/243 522/125/519
f 254/115/256 251/113/253 252/112/252
f 287/126/291 285/110/287 289/103/289
f 419/196/417 405/179/401 559/268/555
f 405/179/401 548/263/544 559/268/555
f 260/90/262 261/120/261 560/89/556
f 194/70/195 192/69/194 189/68/193
f 555/234/550 501/233/499 554/235/551
f 556/263/552 380/179/376 557/268/553
f 535/256/533 334/164/334 561/270/557
f 296/127/296 294/129/298 562/262/558
f 404/181/402 405/179/401 407/182/404
f 290/113/292 520/115/516 288/112/290
f 517/104/514 280/105/280 278/125/282
f 238/102/240 240/103/242 563/267/559
f 257/118/259 486/125/484 253/116/257
f 285/110/287 287/126/291 286/111/288
f 279/124/281 280/105/280 564/271/560
f 520/115/516 290/113/292 519/114/517
f 292/119/294 293/117/293 565/265/561
f 260/90/262 560/89/556 566/91/562
f 242/105/244 521/124/520 567/271/563
f 523/126/521 248/110/250 249/111/251
f 414/188/410 409/186/409 431/198/427
f 409/186/409 410/187/408 431/198/427
f 384/187/384 385/186/383 396/198/395
f 385/186/383 389/188/385 396/198/395
f 390/193/390 555/234/550 508/204/506
f 555/234/550 402/201/398 508/204/506
f 423/201/419 495/234/493 422/204/420
f 495/234/493 416/193/414 422/204/420
f 496/233/492 415/192/415 495/234/493
f 415/192/415 416/193/414 495/234/493
f 390/193/390 391/192/389 555/234/550
f 391/192/389 501/233/499 555/234/550
f 570/272/564 569/273/564 568/274/564
f 573/275/565 572/276/566 571/277/567
f 576/278/568 575/84/569 574/83/570
f 576/278/568 577/279/571 575/84/569
f 577/279/571 576/278/568 578/280/572
f 581/281/573 580/282/574 579/283/575
f 584/284/576 583/285/577 582/286/578
f 586/287/579 580/282/574 585/288/580
f 589/289/581 588/290/582 587/291/583
f 589/289/581 591/290/584 590/292/585
f 594/293/586 593/294/587 592/152/588
f 593/294/587 594/293/586 595/295/589
f 598/296/590 597/297/591 596/298/592
f 597/297/591 598/296/590 599/299/593
f 601/300/594 600/301/595 597/297/591
f 603/302/596 601/300/594 602/303/597
f 606/304/598 605/302/599 604/305/600
f 609/297/601 608/300/602 607/299/603
f 612/306/604 611/307/605 610/308/606
f 611/307/605 612/306/604 613/309/607
f 612/306/604 614/310/608 613/309/607
f 617/311/609 616/312/610 615/313/611
f 617/311/609 615/313/611 618/314/612
f 618/314/612 620/315/613 619/316/614
f 618/314/612 622/317/615 621/318/616
f 622/317/615 618/314/612 615/313/611
f 624/319/617 623/320/618 622/317/615
f 627/321/619 626/322/620 625/323/621
f 630/324/622 629/87/623 628/325/624
f 630/324/622 631/157/625 629/87/623
f 633/326/626 632/327/627 631/157/625
f 636/328/628 635/329/629 634/330/630
f 636/328/628 637/331/631 635/329/629
f 640/330/632 639/332/633 638/329/634
f 639/332/633 642/272/635 641/273/636
f 641/273/636 643/333/637 639/332/633
f 646/84/638 645/278/639 644/83/640
f 645/278/639 646/84/638 647/279/641
f 649/280/642 647/279/641 648/334/643
f 647/279/641 650/335/644 648/334/643
f 653/336/645 652/337/646 651/338/647
f 656/161/648 655/158/648 654/339/649
f 659/340/650 658/341/651 657/342/652
f 658/341/651 659/340/650 660/343/653
f 663/344/654 662/345/655 661/346/656
f 662/345/655 663/344/654 664/347/657
f 667/294/658 666/293/659 665/152/660
f 666/293/659 667/294/658 595/295/589
f 670/348/661 669/349/662 668/350/663
f 673/247/664 672/351/665 671/352/666
f 676/269/667 675/353/668 674/354/669
f 679/355/670 678/356/671 677/357/672
f 677/357/672 680/358/673 679/355/670
f 668/350/663 682/359/674 681/360/675
f 682/359/674 668/350/663 683/361/676
f 669/349/662 683/361/676 668/350/663
f 686/249/677 685/362/678 684/363/679
f 688/364/680 686/249/677 687/365/681
f 687/365/681 689/366/682 688/364/680
f 572/276/566 691/367/683 690/368/684
f 691/367/683 572/276/566 573/275/565
f 693/369/685 650/335/644 692/370/686
f 696/371/687 695/372/688 694/373/689
f 699/374/690 698/375/691 697/376/692
f 698/375/691 699/374/690 700/377/693
f 703/242/694 702/378/695 701/379/696
f 706/260/697 705/380/698 704/381/699
f 709/382/700 708/173/701 707/177/702
f 712/258/703 711/243/704 710/258/705
f 713/383/706 712/258/703 700/377/693
f 571/277/567 715/384/707 714/385/708
f 718/386/709 717/387/710 716/388/711
f 721/389/712 720/276/713 719/390/714
f 724/391/631 723/392/631 722/393/715
f 579/283/575 726/394/716 725/395/717
f 669/349/662 670/348/661 727/396/718
f 627/321/619 728/254/719 626/322/620
f 730/245/720 627/321/619 729/397/721
f 639/332/633 640/330/632 642/272/635
f 733/398/722 732/399/723 731/400/724
f 736/401/725 735/402/726 734/403/727
f 620/315/613 618/314/612 737/404/728
f 612/306/604 739/405/729 738/406/730
f 612/306/604 740/407/731 739/405/729
f 740/407/731 734/403/727 739/405/729
f 579/283/575 580/282/574 586/287/579
f 608/300/602 609/297/601 741/301/732
f 676/269/667 742/408/733 675/353/668
f 700/377/693 743/375/734 698/375/691
f 653/336/645 651/338/647 744/409/735
f 611/307/605 613/309/607 745/410/736
f 728/254/719 627/321/619 730/245/720
f 719/390/714 746/335/737 721/389/712
f 696/371/687 694/373/689 747/411/738
f 681/360/675 682/359/674 611/307/605
f 734/403/727 735/402/726 748/412/739
f 735/402/726 669/349/662 748/412/739
f 650/335/644 693/369/685 749/413/740
f 751/414/741 686/249/677 750/86/742
f 748/412/739 669/349/662 733/398/722
f 618/314/612 619/316/614 617/311/609
f 605/302/599 606/304/598 752/303/743
f 686/249/677 688/364/680 685/362/678
f 675/353/668 742/408/733 753/415/744
f 751/414/741 750/86/742 754/238/745
f 591/290/584 589/289/581 755/291/746
f 637/331/631 636/328/628 638/329/634
f 706/260/697 704/381/699 756/260/747
f 759/416/748 758/417/748 757/418/748
f 761/419/749 624/319/617 760/155/750
f 624/319/617 762/156/751 760/155/750
f 584/284/576 582/286/578 579/283/575
f 692/370/686 650/335/644 695/372/688
f 763/381/752 756/260/747 704/381/699
f 624/319/617 764/420/753 762/156/751
f 767/421/754 766/422/755 765/423/756
f 598/296/590 596/298/592 609/297/601
f 769/424/757 581/281/573 768/425/758
f 772/426/759 771/427/760 770/428/761
f 774/429/762 619/316/614 773/430/763
f 776/431/649 654/339/649 775/432/764
f 779/433/765 778/434/766 777/435/767
f 777/435/767 781/436/768 780/437/769
f 712/258/703 782/243/770 711/243/704
f 589/289/581 590/292/585 588/290/582
f 775/432/764 784/438/771 783/439/772
f 783/439/772 784/438/771 785/440/773
f 788/441/774 787/442/775 786/443/776
f 709/382/700 790/259/777 789/444/778
f 713/383/706 700/377/693 791/383/779
f 700/377/693 790/259/777 791/383/779
f 631/157/625 630/324/622 633/326/626
f 767/421/754 793/231/780 792/88/781
f 769/424/757 768/425/758 794/237/782
f 641/273/636 642/272/635 795/274/783
f 737/404/728 618/314/612 796/445/784
f 618/314/612 621/318/616 796/445/784
f 670/348/661 668/350/663 797/446/785
f 677/357/672 798/447/786 797/446/785
f 638/329/634 636/328/628 640/330/632
f 673/247/664 678/356/671 799/246/787
f 742/408/733 676/269/667 730/245/720
f 723/392/631 724/391/631 800/393/788
f 709/382/700 706/260/697 708/173/701
f 803/448/789 802/449/790 801/450/791
f 803/448/789 804/451/792 802/449/790
f 756/260/747 702/378/695 805/173/793
f 702/378/695 703/242/694 805/173/793
f 584/284/576 579/283/575 772/426/759
f 579/283/575 586/287/579 772/426/759
f 647/279/641 649/280/642 645/278/639
f 581/281/573 579/283/575 725/395/717
f 767/421/754 765/423/756 793/231/780
f 686/249/677 684/363/679 806/87/794
f 730/245/720 729/397/721 742/408/733
f 695/372/688 696/371/687 692/370/686
f 746/335/737 693/369/795 807/370/796
f 612/306/604 610/308/606 740/407/731
f 682/359/674 683/361/676 736/401/725
f 571/277/567 572/276/566 715/384/707
f 798/447/786 677/357/672 678/356/671
f 612/306/604 738/406/730 808/452/797
f 710/258/705 701/379/696 712/258/703
f 809/453/798 650/335/644 647/279/641
f 809/453/798 647/279/641 653/336/645
f 647/279/641 652/337/646 653/336/645
f 788/441/774 694/373/689 787/442/775
f 705/380/698 706/260/697 709/382/700
f 746/335/737 719/390/714 693/369/795
f 687/365/681 686/249/677 751/414/741
f 712/258/703 713/383/706 782/243/770
f 701/379/696 710/258/705 703/242/694
f 709/382/700 707/177/702 790/259/777
f 606/304/598 604/305/600 603/302/596
f 777/435/767 778/434/766 781/436/768
f 812/454/799 811/455/800 810/456/801
f 781/436/768 778/434/766 813/457/802
f 816/458/803 815/459/803 814/460/804
f 810/456/801 811/455/800 817/461/805
f 817/461/805 811/455/800 818/462/806
f 821/458/807 820/459/807 819/460/808
f 721/389/712 718/386/709 720/276/713
f 672/351/665 673/247/664 674/354/669
f 736/401/725 683/361/676 735/402/726
f 683/361/676 669/349/662 735/402/726
f 709/382/700 789/444/778 822/463/809
f 697/376/810 824/464/811 823/465/811
f 772/426/759 586/287/579 771/427/760
f 586/287/579 585/288/580 771/427/760
f 616/312/610 617/311/609 774/429/762
f 617/311/609 619/316/614 774/429/762
f 624/319/617 616/312/610 764/420/753
f 585/288/580 766/422/755 767/421/754
f 581/281/573 769/424/757 766/422/755
f 597/297/591 599/299/593 601/300/594
f 609/297/601 607/299/603 598/296/590
f 794/237/782 768/425/758 754/238/812
f 648/334/643 650/335/644 749/413/740
f 623/320/618 624/319/617 761/419/749
f 608/300/602 741/301/732 605/302/599
f 600/301/595 601/300/594 603/302/596
f 775/432/764 654/339/649 784/438/771
f 718/386/709 721/389/712 717/387/710
f 747/411/738 694/373/689 788/441/774
f 676/269/667 674/354/669 673/247/664
f 678/356/671 679/355/670 799/246/787
f 806/87/794 684/363/679 825/325/813
f 798/447/786 678/356/671 671/352/666
f 678/356/671 673/247/664 671/352/666
f 765/423/756 766/422/755 826/466/814
f 766/422/755 769/424/757 826/466/814
f 603/302/596 602/303/597 606/304/598
f 654/339/649 776/431/649 656/161/648
f 579/283/575 582/286/578 726/394/716
f 732/399/723 733/398/722 669/349/662
f 732/399/723 669/349/662 827/467/815
f 669/349/662 727/396/718 827/467/815
f 614/310/608 612/306/604 828/468/816
f 612/306/604 808/452/797 828/468/816
f 611/307/605 682/359/674 610/308/606
f 682/359/674 736/401/725 610/308/606
f 779/433/765 810/456/801 778/434/766
f 829/469/817 815/459/803 816/458/803
f 812/454/799 783/439/772 811/455/800
f 830/469/818 820/459/807 821/458/807
f 622/317/615 615/313/611 624/319/617
f 615/313/611 616/312/610 624/319/617
f 585/288/580 580/282/574 766/422/755
f 580/282/574 581/281/573 766/422/755
f 797/446/785 668/350/663 677/357/672
f 668/350/663 680/358/673 677/357/672
f 605/302/599 752/303/743 608/300/602
f 783/439/772 812/454/799 775/432/764
f 610/308/606 736/401/725 740/407/731
f 736/401/725 734/403/727 740/407/731
f 649/280/642 648/334/643 831/470/819
f 648/334/643 749/413/740 831/470/819
f 700/377/693 712/258/703 743/375/734
f 712/258/703 701/379/696 743/375/734
f 701/379/696 702/378/695 763/381/752
f 702/378/695 756/260/747 763/381/752
f 668/350/663 681/360/675 680/358/673
f 681/360/675 611/307/605 680/358/673
f 705/380/698 709/382/700 832/380/820
f 709/382/700 822/463/809 832/380/820
f 810/456/801 779/433/765 812/454/799
f 835/471/821 834/472/822 833/473/823
f 838/474/824 837/475/825 836/476/826
f 846/477/827 845/471/828 834/472/829
f 849/478/830 848/479/830 847/480/830
f 852/481/831 851/428/832 850/482/833
f 854/284/834 852/481/831 853/483/835
f 853/483/835 855/285/836 854/284/834
f 858/484/837 857/485/838 856/486/839
f 857/485/838 858/484/837 859/487/840
f 862/488/841 861/480/842 860/479/843
f 864/489/844 862/488/841 863/490/845
f 867/491/846 866/492/847 865/493/848
f 870/494/849 869/495/850 868/496/851
f 868/496/851 871/497/852 870/494/849
f 874/498/853 873/499/854 872/500/855
f 872/500/855 875/501/856 874/498/853
f 878/502/857 877/503/857 876/504/858
f 881/505/859 880/506/860 879/507/861
f 879/507/861 882/503/862 881/505/859
f 885/502/863 884/503/863 883/508/864
f 888/508/865 887/509/866 886/510/867
f 891/507/868 890/511/869 889/505/870
f 894/504/871 893/512/871 892/502/872
f 893/512/871 894/504/871 895/513/873
f 841/474/874 842/514/875 840/515/876
f 843/475/877 844/476/878 841/474/879
f 897/297/880 834/472/881 896/298/882
f 897/297/880 898/477/883 834/472/881
f 837/475/884 897/297/880 899/301/885
f 900/302/886 839/515/887 837/475/884
f 900/302/886 842/514/875 839/515/887
f 842/514/875 902/305/888 901/302/889
f 901/302/889 840/515/876 842/514/875
f 901/302/889 843/475/890 840/515/876
f 903/297/891 846/477/892 843/475/890
f 906/516/893 905/517/894 904/518/895
f 905/517/894 906/516/893 907/519/896
f 910/520/897 909/521/897 908/522/898
f 909/521/897 910/520/897 911/523/899
f 914/524/900 913/525/901 912/526/902
f 913/525/901 914/524/900 915/527/903
f 918/528/904 917/529/905 916/530/906
f 918/528/904 920/531/907 919/532/908
f 920/531/907 918/528/904 921/533/909
f 924/519/910 923/530/911 922/534/912
f 923/530/911 924/519/910 925/529/913
f 928/535/914 927/519/914 926/536/833
f 927/519/914 928/535/914 929/537/915
f 932/398/916 931/538/917 930/539/918
f 935/540/919 934/403/920 933/412/921
f 934/403/920 935/540/919 936/541/922
f 891/507/868 889/505/870 937/503/923
f 862/488/841 864/489/844 938/542/924
f 931/538/917 932/398/916 939/400/925
f 890/511/869 891/507/868 940/506/926
f 888/508/865 937/503/923 887/509/866
f 852/481/831 941/426/927 851/428/832
f 880/506/860 881/505/859 942/511/928
f 841/474/929 842/514/930 943/543/931
f 903/297/891 843/475/890 944/301/932
f 835/471/821 898/477/933 834/472/822
f 937/503/923 888/508/865 891/507/868
f 877/503/857 878/502/857 945/508/934
f 930/539/918 933/412/921 932/398/916
f 866/492/847 867/491/846 946/544/935
f 903/297/891 834/472/881 846/477/892
f 833/473/936 834/472/829 845/471/828
f 933/412/921 930/539/918 935/540/919
f 914/524/900 912/526/902 947/545/937
f 943/543/931 842/514/930 838/474/938
f 840/515/939 841/474/940 843/475/941
f 852/481/831 854/284/834 941/426/927
f 844/476/942 846/477/827 843/475/877
f 846/477/827 844/476/942 845/471/828
f 897/297/880 837/475/884 898/477/883
f 836/476/826 898/477/933 835/471/821
f 836/476/826 837/475/825 898/477/933
f 882/503/862 879/507/861 948/508/943
f 896/298/882 834/472/881 903/297/891
f 867/491/846 865/493/848 864/489/844
f 839/515/944 838/474/938 842/514/930
f 947/545/937 912/526/902 949/546/945
f 918/528/904 919/532/908 917/529/905
f 862/488/841 938/542/924 950/547/946
f 861/480/842 862/488/841 951/478/947
f 862/488/841 950/547/946 951/478/947
f 884/503/863 885/502/863 952/504/948
f 902/305/888 842/514/875 900/302/886
f 873/499/854 874/498/853 953/548/949
f 869/495/850 955/549/950 954/550/951
f 944/301/932 843/475/890 901/302/889
f 837/475/884 899/301/885 900/302/886
f 864/489/844 863/490/845 867/491/846
f 869/495/850 870/494/849 955/549/950
f 946/544/935 957/551/952 956/552/953
f 867/491/846 863/490/845 958/553/954
f 863/490/845 862/488/841 958/553/954
f 946/544/935 867/491/846 957/551/952
f 867/491/846 958/553/954 957/551/952
f 873/499/854 953/548/949 959/554/955
f 862/488/841 960/479/956 958/553/954
f 837/475/884 839/515/887 838/474/957
f 862/488/841 860/479/843 960/479/956
f 963/367/958 962/276/958 961/368/958
f 966/555/959 965/485/959 964/487/959
f 969/556/960 968/315/960 967/404/960
f 972/334/961 971/279/962 970/280/963
f 971/279/962 972/334/961 973/335/964
f 975/369/965 973/335/964 974/413/966
f 973/335/964 975/369/965 976/370/967
f 979/489/968 978/491/969 977/490/970
f 982/488/971 981/547/972 980/557/973
f 982/488/971 983/478/974 981/547/972
f 986/558/975 985/559/975 984/560/976
f 985/559/975 986/558/975 987/561/977
f 990/562/978 989/563/979 988/564/980
f 990/562/978 991/565/981 989/563/979
f 994/566/982 993/567/983 992/568/984
f 993/567/983 994/566/982 995/569/985
f 998/570/986 997/571/987 996/572/988
f 997/571/987 998/570/986 999/573/989
f 1002/574/990 1001/575/991 1000/576/992
f 1001/575/991 1002/574/990 1003/577/993
f 1006/406/994 1005/578/995 1004/579/996
f 1008/580/997 1006/406/994 1007/405/998
f 1007/405/998 1009/581/999 1008/580/997
f 1011/403/1000 1010/541/1001 1009/581/999
f 1014/332/1002 1013/330/1003 1012/329/1004
f 1014/332/1002 1015/272/1005 1013/330/1003
f 1014/332/1002 1016/273/1006 1015/272/1005
f 1016/273/1006 1014/332/1002 1017/333/1007
f 1020/155/1008 1019/582/1009 1018/419/1010
f 1019/582/1009 1020/155/1008 1021/157/1011
f 1023/583/1012 1021/157/1011 1022/327/1013
f 1022/327/1013 1024/584/1014 1023/583/1012
f 1027/244/1015 1026/585/1016 1025/586/1017
f 1030/587/1018 1029/355/1019 1028/358/1020
f 1029/355/1019 1030/587/1018 1031/588/1021
f 1034/254/1022 1033/589/1023 1032/322/1024
f 1009/581/999 1007/405/998 1011/403/1000
f 1030/587/1018 1036/307/1025 1035/410/1026
f 1031/588/1021 1027/244/1015 1037/246/1027
f 1030/587/1018 1028/358/1020 1036/307/1025
f 991/565/981 990/562/978 1038/590/1028
f 1006/406/994 1008/580/997 1005/578/995
f 991/565/981 1038/590/1028 1039/591/1029
f 978/491/969 979/489/968 1040/493/1030
f 982/488/971 980/557/973 979/489/968
f 1006/406/994 1004/579/996 1041/452/1031
f 1031/588/1021 1030/587/1018 1042/592/1032
f 1030/587/1018 1035/410/1026 1042/592/1032
f 1027/244/1015 1025/586/1017 1033/589/1023
f 1027/244/1015 1033/589/1023 1034/254/1022
f 1021/157/1011 1023/583/1012 1019/582/1009
f 1044/553/1033 978/491/969 1043/551/1034
f 983/478/974 982/488/971 1045/479/1035
f 977/490/970 978/491/969 1044/553/1033
f 973/335/964 972/334/961 974/413/966
f 1029/355/1019 1031/588/1021 1037/246/1027
f 1027/244/1015 1031/588/1021 1026/585/1016
f 1031/588/1021 1042/592/1032 1026/585/1016
f 982/488/971 1044/553/1033 1045/479/1035
f 979/489/968 977/490/970 982/488/971
f 977/490/970 1044/553/1033 982/488/971
f 974/413/966 972/334/961 1046/470/1036
f 972/334/961 970/280/963 1046/470/1036
f 1049/544/1037 1048/552/1037 1047/551/1037
f 1052/593/1038 1051/594/1039 1050/595/1040
f 1055/593/1041 1054/594/1042 1053/596/1043
f 1055/593/1041 1056/597/1044 1054/594/1042
f 1059/500/1045 1058/498/1046 1057/501/1047
f 1058/498/1046 1059/500/1045 1060/499/1048
f 1063/598/1049 1062/599/1050 1061/600/1051
f 1063/598/1049 1064/601/1052 1062/599/1050
f 1067/599/1053 1066/598/1054 1065/600/1055
f 1066/598/1054 1067/599/1053 1068/601/1056
f 1071/496/1057 1070/494/1058 1069/497/1057
f 1070/494/1058 1071/496/1057 1072/495/1059
f 1072/495/1059 1073/549/1060 1070/494/1058
f 1076/602/1061 1075/603/1062 1074/604/1061
f 1075/603/1062 1076/602/1061 1077/605/1063
f 1080/606/1064 1079/607/1065 1078/608/1066
f 1083/607/1067 1082/606/1068 1081/608/1069
f 1082/606/1068 1083/607/1067 1084/609/1070
f 1086/610/1071 1080/606/1064 1085/611/1072
f 1088/612/1073 1087/613/1074 1086/610/1071
f 1090/614/1075 1088/612/1073 1089/615/1076
f 1093/612/1077 1092/614/1078 1091/615/1079
f 1093/612/1077 1095/610/1080 1094/613/1081
f 1095/610/1080 1096/611/1082 1082/606/1068
f 1099/616/1083 1098/617/1084 1097/618/1085
f 1099/616/1083 1100/619/1086 1098/617/1084
f 1103/393/1087 1102/620/1088 1101/621/1089
f 1105/622/1090 1104/623/1091 1103/393/1087
f 1108/624/1092 1107/625/1093 1106/626/1094
f 1110/627/1095 1106/626/1094 1109/392/1096
f 1112/620/1097 1109/392/1096 1111/393/1098
f 1111/393/1098 1113/621/1099 1112/620/1097
f 1116/628/1100 1115/629/1101 1114/630/1102
f 1119/416/1103 1118/631/1104 1117/416/1105
f 1117/416/1105 1120/417/1106 1119/416/1103
f 1120/417/1106 1117/416/1105 1121/418/1107
f 1124/628/1108 1123/629/1109 1122/632/1110
f 1127/633/1111 1126/634/1112 1125/635/1113
f 1126/634/1112 1127/633/1111 1128/636/1114
f 1131/567/1115 1130/637/1115 1129/638/1116
f 1130/637/1115 1131/567/1115 1132/639/1117
f 1135/568/1118 1134/636/1118 1133/640/1119
f 1134/636/1118 1135/568/1118 1136/641/1120
f 1139/636/1121 1138/642/1121 1137/643/1122
f 1138/642/1121 1139/636/1121 1140/644/1123
f 1143/645/1124 1142/315/1125 1141/556/1126
f 1142/315/1125 1143/645/1124 1144/646/1127
f 1144/646/1127 1145/316/1128 1142/315/1125
f 1147/430/1129 1144/646/1127 1146/482/1122
f 1149/622/1130 1111/393/1098 1148/623/1131
f 1109/392/1096 1102/620/1088 1103/393/1087
f 1080/606/1064 1150/609/1132 1079/607/1065
f 1152/624/1133 1107/625/1093 1151/647/1134
f 1122/632/1110 1118/631/1104 1124/628/1108
f 1155/617/1135 1154/616/1136 1153/618/1137
f 1051/594/1039 1052/593/1038 1156/596/1138
f 1109/392/1096 1106/626/1094 1157/627/1139
f 1150/609/1132 1080/606/1064 1086/610/1071
f 1082/606/1068 1084/609/1070 1095/610/1080
f 1108/624/1092 1106/626/1094 1110/627/1095
f 1116/628/1100 1158/632/1140 1115/629/1101
f 1159/619/1141 1154/616/1136 1155/617/1135
f 1158/632/1140 1116/628/1100 1118/631/1104
f 1118/631/1104 1122/632/1110 1117/416/1105
f 1100/619/1086 1052/593/1038 1160/597/1142
f 1100/619/1086 1099/616/1083 1052/593/1038
f 1159/619/1141 1055/593/1041 1154/616/1136
f 1095/610/1080 1093/612/1077 1096/611/1082
f 1088/612/1073 1086/610/1071 1085/611/1072
f 1145/316/1128 1144/646/1127 1147/430/1129
f 1118/631/1104 1119/416/1103 1158/632/1140
f 1056/597/1044 1055/593/1041 1159/619/1141
f 1123/629/1109 1124/628/1108 1161/630/1143
f 1103/393/1087 1101/621/1089 1105/622/1090
f 1087/613/1074 1088/612/1073 1090/614/1075
f 1093/612/1077 1094/613/1081 1092/614/1078
f 1113/621/1099 1111/393/1098 1149/622/1130
f 1120/417/1106 1121/418/1107 1162/648/1144
f 1164/649/1145 1090/614/1075 1163/650/1146
f 1098/617/1084 1166/651/1147 1165/652/1148
f 1168/651/1149 1155/617/1135 1167/652/1150
f 1092/614/1078 1170/649/1151 1169/650/1152
f 1120/417/1106 1162/648/1144 1171/418/1153
f 1107/625/1093 1108/624/1092 1172/647/1154
f 1084/609/1070 1173/653/1155 1095/610/1080
f 1110/627/1095 1109/392/1096 1112/620/1097
f 1109/392/1096 1157/627/1139 1102/620/1088
f 1174/653/1156 1150/609/1132 1086/610/1071
f 1092/614/1078 1094/613/1081 1170/649/1151
f 1094/613/1081 1175/654/1157 1170/649/1151
f 1094/613/1081 1095/610/1080 1175/654/1157
f 1095/610/1080 1173/653/1155 1175/654/1157
f 1176/654/1158 1087/613/1074 1164/649/1145
f 1087/613/1074 1090/614/1075 1164/649/1145
f 1174/653/1156 1086/610/1071 1176/654/1158
f 1086/610/1071 1087/613/1074 1176/654/1158
f 1157/627/1139 1106/626/1094 1152/624/1133
f 1106/626/1094 1107/625/1093 1152/624/1133
f 1073/549/1060 1072/495/1059 1177/550/1159
f 1058/498/1046 1060/499/1048 1178/548/1160
f 1178/548/1160 1060/499/1048 1179/554/1161
f 1066/598/1054 1068/601/1056 1180/655/1162
f 1182/656/1163 1077/605/1063 1181/657/1164
f 1064/601/1052 1184/655/1165 1183/655/1166
f 1064/601/1052 1063/598/1049 1184/655/1165
f 1056/597/1044 1159/619/1141 1168/651/1149
f 1159/619/1141 1155/617/1135 1168/651/1149
f 1098/617/1084 1100/619/1086 1166/651/1147
f 1100/619/1086 1160/597/1142 1166/651/1147
f 1180/655/1162 1068/601/1056 1185/658/1167
f 1075/603/1062 1077/605/1063 1182/656/1163
f 1064/601/1052 1183/655/1166 1186/658/1168
f 1189/555/1169 1188/487/1169 1187/659/1169
f 1192/375/1170 1191/374/1171 1190/376/1172
f 1195/258/1173 1194/375/1174 1193/379/1175
f 1193/379/1175 1197/242/1176 1196/258/1177
f 1200/381/1178 1199/260/1179 1198/381/1180
f 1203/173/1181 1202/260/1182 1201/173/1183
f 1206/441/1184 1205/442/1185 1204/373/1186
f 1204/373/1186 1207/411/1187 1206/441/1184
f 1210/492/1188 1209/491/1189 1208/493/1190
f 1209/491/1189 1210/492/1188 1211/544/1191
f 1213/382/1192 1212/177/1193 1202/260/1182
f 1213/382/1192 1214/259/1194 1212/177/1193
f 1194/375/1174 1195/258/1173 1215/377/1195
f 1217/371/1196 1204/373/1186 1216/372/1197
f 1218/380/1198 1199/260/1179 1200/381/1178
f 1194/375/1174 1215/377/1195 1192/375/1170
f 1197/242/1176 1219/378/1199 1199/260/1179
f 1197/242/1176 1193/379/1175 1219/378/1199
f 1193/379/1175 1196/258/1177 1195/258/1173
f 1214/259/1194 1213/382/1192 1220/444/1200
f 1205/442/1185 1206/441/1184 1221/443/1201
f 1192/375/1170 1215/377/1195 1191/374/1171
f 1199/260/1179 1202/260/1182 1203/173/1181
f 1223/464/1202 1190/376/1172 1222/465/1202
f 1220/444/1200 1213/382/1192 1224/463/1203
f 1209/491/1189 1211/544/1191 1225/551/1204
f 1207/411/1187 1204/373/1186 1217/371/1196
f 1199/260/1179 1219/378/1199 1198/381/1180
f 1219/378/1199 1193/379/1175 1198/381/1180
f 1213/382/1192 1202/260/1182 1218/380/1198
f 1202/260/1182 1199/260/1179 1218/380/1198
f 1224/463/1203 1213/382/1192 1226/380/1205
f 1213/382/1192 1218/380/1198 1226/380/1205
f 1229/275/1206 1228/276/1207 1227/367/1208
f 1228/276/1207 1229/275/1206 1230/277/1209
f 1230/277/1209 1231/384/1210 1228/276/1207
f 1231/384/1210 1230/277/1209 1232/385/1211
f 1235/279/1212 1234/453/1213 1233/336/1214
f 1233/336/1214 1236/337/1215 1235/279/1212
f 1233/336/1214 1237/338/1216 1236/337/1215
f 1240/387/1217 1239/386/1218 1238/388/1219
f 1239/386/1218 1240/387/1217 1241/389/1220
f 1241/389/1220 1243/390/1221 1242/276/1222
f 1246/369/1223 1245/335/1224 1244/370/1225
f 1249/372/1226 1248/370/1226 1247/371/1227
f 1248/370/1226 1249/372/1226 1250/335/1228
f 1237/338/1216 1233/336/1214 1251/409/1229
f 1234/453/1213 1235/279/1212 1250/335/1230
f 1239/386/1218 1241/389/1220 1242/276/1222
f 1243/390/1221 1245/335/1224 1246/369/1223
f 1243/390/1221 1241/389/1220 1245/335/1224
f 2538/30/1231 2537/32/1232 2536/45/1233
f 2541/3/1234 2540/7/1235 2539/19/1236
f 2544/2/1237 2543/22/1238 2542/43/1239
f 2541/3/1234 2545/8/1240 2540/7/1235
f 2548/12/1241 2547/14/1242 2546/13/1243
f 2551/15/1244 2550/11/1245 2549/16/1244
f 2548/12/1241 2552/10/1246 2547/14/1242
f 2544/2/1237 2553/44/1247 2543/22/1238
f 2555/18/1248 2554/17/1249 2552/10/1246
f 2550/11/1250 2547/14/1242 2552/10/1246
f 2552/10/1246 2557/24/1251 2556/9/1252
f 2559/23/1253 2543/22/1238 2558/20/1254
f 2562/27/1255 2561/26/1256 2560/28/1257
f 2539/19/1236 2540/7/1235 2563/25/1258
f 2566/6/1259 2565/35/1260 2564/36/1261
f 2569/34/1262 2568/32/1263 2567/32/1264
f 2572/31/1265 2571/30/1266 2570/31/1267
f 2566/6/1259 2564/36/1261 2573/4/1268
f 2575/33/1269 2568/32/1263 2574/33/1270
f 2568/32/1263 2571/30/1266 2572/31/1265
f 2539/19/1236 2563/25/1258 2576/37/1271
f 2579/28/1272 2578/27/1273 2577/26/1274
f 2582/31/1275 2581/30/1276 2580/31/1277
f 2585/6/1278 2584/5/1279 2583/4/1280
f 2588/33/1281 2587/32/1282 2586/33/1283
f 2587/32/1282 2581/30/1276 2586/33/1283
f 2585/6/1278 2589/36/1284 2584/5/1279
f 2590/32/1285 2587/32/1282 2588/33/1281
f 2593/33/1286 2592/32/1287 2591/33/1288
f 2537/32/1232 2594/31/1289 2591/33/1288
f 2597/4/1290 2596/6/1291 2595/5/1292
f 2596/6/1291 2598/36/1293 2595/5/1292
f 2555/18/1248 2559/23/1253 2554/17/1249
f 2574/33/1270 2568/32/1263 2572/31/1265
f 2601/27/1294 2600/26/1295 2599/28/1296
f 2553/44/1247 2544/2/1237 2539/19/1236
f 2604/29/1297 2603/35/1298 2602/36/1299
f 2607/32/1300 2606/31/1301 2605/33/1302
f 2607/32/1300 2608/30/1303 2606/31/1301
f 2608/30/1303 2609/31/1304 2606/31/1301
f 2608/30/1303 2610/30/1305 2609/31/1304
f 2612/6/1306 2602/36/1299 2611/4/1307
f 2581/30/1276 2582/31/1275 2586/33/1283
f 2557/24/1251 2552/10/1246 2554/17/1249
f 2614/21/1308 2613/20/1309 2563/25/1258
f 2617/28/1310 2616/27/1311 2615/26/1312
f 2620/33/1313 2619/30/1314 2618/31/1315
f 2623/6/1316 2622/5/1317 2621/4/1318
f 2625/33/1319 2624/32/1320 2620/33/1313
f 2624/32/1320 2619/30/1314 2620/33/1313
f 2627/41/1321 2541/3/1234 2626/42/1322
f 2623/6/1316 2629/35/1323 2628/36/1324
f 2632/34/1325 2631/34/1326 2630/32/1327
f 2614/21/1308 2550/11/1250 2613/20/1309
f 2618/31/1315 2634/30/1328 2633/31/1329
f 2613/20/1309 2550/11/1250 2556/9/1252
f 2550/11/1250 2552/10/1246 2556/9/1252
f 2537/32/1232 2538/30/1231 2594/31/1289
f 2635/6/1330 2596/6/1291 2597/4/1290
f 2638/46/1331 2637/39/1332 2636/34/1333
f 2637/39/1332 2639/45/1334 2636/34/1333
f 2629/35/1323 2623/6/1316 2640/29/1335
f 2634/30/1328 2618/31/1315 2619/30/1314
f 2640/29/1335 2615/26/1312 2629/35/1323
f 2642/46/1336 2641/39/1337 2632/34/1325
f 2634/30/1328 2619/30/1314 2643/38/1338
f 2646/45/1339 2645/40/1340 2644/54/1341
f 2642/46/1336 2616/27/1311 2641/39/1337
f 2649/53/1342 2648/52/1343 2647/51/1344
f 2580/31/1277 2581/30/1276 2650/30/1345
f 2653/45/1346 2652/40/1347 2651/54/1348
f 2655/46/1349 2578/27/1350 2654/39/1351
f 2658/53/1352 2657/52/1353 2656/51/1354
f 2573/4/1268 2564/36/1261 2659/5/1355
f 2567/32/1264 2568/32/1263 2575/33/1269
f 2539/19/1236 2544/2/1237 2541/3/1234
f 2544/2/1237 2661/61/1356 2660/1/1357
f 2664/34/1358 2663/39/1359 2662/38/1360
f 2667/40/1361 2666/54/1362 2665/45/1363
f 2577/26/1274 2668/29/1364 2579/28/1272
f 2669/38/1365 2653/45/1346 2651/54/1348
f 2600/26/1295 2604/29/1297 2599/28/1296
f 2670/38/1366 2665/45/1363 2666/54/1362
f 2615/26/1312 2640/29/1335 2617/28/1310
f 2643/38/1338 2646/45/1339 2644/54/1341
f 2636/34/1333 2639/45/1334 2671/38/1367
f 2639/45/1334 2673/40/1368 2672/54/1369
f 2560/28/1257 2673/40/1370 2562/27/1255
f 2676/55/1371 2675/52/1372 2674/51/1373
f 2676/55/1371 2674/51/1373 2677/53/1374
f 2637/39/1332 2638/46/1331 2562/27/1375
f 2587/32/1282 2590/32/1285 2678/34/1376
f 2589/36/1284 2668/29/1364 2679/35/1377
f 2589/36/1284 2585/6/1278 2668/29/1364
f 2650/30/1345 2581/30/1276 2669/38/1365
f 2681/49/1378 2548/12/1241 2680/50/1379
f 2626/42/1322 2541/3/1234 2682/47/1380
f 2602/36/1299 2612/6/1306 2604/29/1297
f 2610/30/1305 2662/38/1360 2670/38/1366
f 2654/39/1351 2678/34/1376 2655/46/1349
f 2679/35/1377 2668/29/1364 2577/26/1274
f 2636/34/1333 2569/34/1262 2638/46/1331
f 2565/35/1260 2683/29/1381 2561/26/1256
f 2686/28/1382 2685/27/1383 2684/46/1384
f 2537/32/1232 2591/33/1288 2592/32/1287
f 2635/6/1330 2536/45/1385 2596/6/1291
f 2536/45/1385 2687/40/1386 2686/28/1382
f 2684/46/1384 2685/27/1383 2688/39/1387
f 2691/53/1388 2690/52/1388 2689/51/1389
f 2688/39/1387 2592/32/1287 2684/46/1384
f 2598/36/1293 2686/28/1382 2692/26/1390
f 2599/28/1296 2667/40/1391 2601/27/1294
f 2695/55/1392 2694/52/1393 2693/51/1394
f 2604/29/1297 2600/26/1295 2603/35/1298
f 2696/46/1395 2663/39/1359 2664/34/1358
f 2695/55/1392 2693/51/1394 2697/53/1396
f 2663/39/1359 2696/46/1395 2601/27/1397
f 2611/4/1307 2602/36/1299 2698/5/1398
f 2700/32/1399 2607/32/1300 2699/33/1400
f 2696/46/1395 2664/34/1358 2701/34/1401
f 2607/32/1300 2700/32/1399 2701/34/1401
f 2623/6/1316 2628/36/1324 2622/5/1317
f 2630/32/1327 2624/32/1320 2625/33/1319
f 2682/47/1380 2541/3/1234 2660/1/1357
f 2541/3/1234 2544/2/1237 2660/1/1357
f 2635/6/1330 2597/4/1290 2702/4/1402
f 2545/8/1240 2541/3/1234 2627/41/1321
f 2565/35/1260 2566/6/1259 2683/29/1381
f 2703/30/1403 2570/31/1267 2571/30/1266
f 2563/25/1258 2540/7/1235 2614/21/1308
f 2540/7/1235 2545/8/1240 2614/21/1308
f 2536/45/1233 2537/32/1232 2688/39/1387
f 2537/32/1232 2592/32/1287 2688/39/1387
f 2686/28/1382 2687/40/1386 2685/27/1383
f 2704/55/1404 2690/52/1388 2691/53/1388
f 2576/37/1271 2563/25/1258 2705/57/1405
f 2563/25/1258 2706/56/1406 2705/57/1405
f 2561/26/1256 2683/29/1381 2560/28/1257
f 2707/38/1407 2703/30/1403 2571/30/1266
f 2707/38/1407 2671/38/1367 2672/54/1369
f 2671/38/1367 2639/45/1334 2672/54/1369
f 2579/28/1272 2652/40/1408 2578/27/1273
f 2708/55/1409 2657/52/1353 2658/53/1352
f 2559/23/1253 2555/18/1248 2543/22/1238
f 2617/28/1310 2645/40/1410 2616/27/1311
f 2709/55/1411 2648/52/1343 2649/53/1342
f 2710/60/1412 2552/10/1246 2681/49/1378
f 2552/10/1246 2548/12/1241 2681/49/1378
f 2669/38/1365 2711/38/1413 2653/45/1346
f 2711/38/1413 2712/34/1414 2653/45/1346
f 2653/45/1346 2712/34/1414 2654/39/1351
f 2712/34/1414 2678/34/1376 2654/39/1351
f 2598/36/1293 2596/6/1291 2686/28/1382
f 2596/6/1291 2536/45/1385 2686/28/1382
f 2670/38/1366 2662/38/1360 2665/45/1363
f 2662/38/1360 2663/39/1359 2665/45/1363
f 2643/38/1338 2713/38/1415 2646/45/1339
f 2713/38/1415 2631/34/1326 2646/45/1339
f 2646/45/1339 2631/34/1326 2641/39/1337
f 2631/34/1326 2632/34/1325 2641/39/1337
f 2610/30/1305 2608/30/1303 2662/38/1360
f 2608/30/1303 2664/34/1358 2662/38/1360
f 2542/43/1239 2543/22/1238 2714/59/1416
f 2543/22/1238 2715/58/1417 2714/59/1416
f 2607/32/1300 2605/33/1302 2699/33/1400
f 2558/20/1254 2543/22/1238 2553/44/1247
f 2571/30/1266 2568/32/1263 2636/34/1333
f 2568/32/1263 2569/34/1262 2636/34/1333
f 2707/38/1407 2571/30/1266 2671/38/1367
f 2571/30/1266 2636/34/1333 2671/38/1367
f 2701/34/1401 2664/34/1358 2607/32/1300
f 2664/34/1358 2608/30/1303 2607/32/1300
f 2552/10/1246 2710/60/1412 2555/18/1248
f 2669/38/1365 2581/30/1276 2711/38/1413
f 2581/30/1276 2587/32/1282 2711/38/1413
f 2711/38/1413 2587/32/1282 2712/34/1414
f 2587/32/1282 2678/34/1376 2712/34/1414
f 2543/22/1238 2555/18/1248 2715/58/1417
f 2555/18/1248 2710/60/1412 2715/58/1417
f 2626/42/1322 2682/47/1380 2716/48/1418
f 2643/38/1338 2619/30/1314 2713/38/1415
f 2619/30/1314 2624/32/1320 2713/38/1415
f 2713/38/1415 2624/32/1320 2631/34/1326
f 2624/32/1320 2630/32/1327 2631/34/1326
f 2553/44/1247 2539/19/1236 2717/62/1419
f 2539/19/1236 2576/37/1271 2717/62/1419

usemtl body_parts
f 1254/660/1420 1253/661/1421 1252/662/1422
f 1252/662/1422 1255/663/1423 1254/660/1420
f 1255/663/1423 1257/664/1424 1256/665/1425
f 1260/666/1426 1259/667/1427 1258/668/1428
f 1263/669/1429 1262/670/1430 1261/671/1431
f 1266/672/1432 1265/673/1433 1264/674/1434
f 1269/675/1435 1268/676/1436 1267/677/1437
f 1271/678/1438 1268/676/1436 1270/679/1439
f 1274/680/1440 1273/681/1441 1272/682/1442
f 1272/682/1442 1275/683/1443 1274/680/1440
f 1274/680/1440 1277/684/1444 1276/685/1445
f 1280/686/1446 1279/687/1447 1278/688/1448
f 1283/689/1449 1282/690/1450 1281/691/1451
f 1286/692/1452 1285/693/1453 1284/694/1454
f 1284/694/1454 1285/693/1453 1287/695/1455
f 1290/696/1456 1289/697/1457 1288/698/1458
f 1290/696/1456 1291/699/1459 1289/697/1457
f 1291/699/1459 1290/696/1456 1292/700/1460
f 1291/699/1459 1292/700/1460 1293/701/1461
f 1293/701/1461 1294/702/1462 1291/699/1459
f 1297/703/1463 1296/704/1464 1295/705/1465
f 1296/704/1464 1297/703/1463 1298/706/1466
f 1298/706/1466 1299/693/1467 1296/704/1464
f 1298/706/1466 1300/707/1468 1299/693/1467
f 1300/707/1468 1298/706/1466 1301/708/1469
f 1304/709/1470 1303/710/1470 1302/711/1471
f 1303/710/1470 1304/709/1470 1305/712/1472
f 1308/713/1473 1307/714/1474 1306/715/1475
f 1307/714/1474 1308/713/1473 1309/716/1476
f 1312/717/1477 1311/718/1478 1310/719/1479
f 1312/717/1477 1313/720/1480 1311/718/1478
f 1316/721/1481 1315/722/1482 1314/723/1483
f 1315/722/1482 1316/721/1481 1317/724/1484
f 1319/725/1485 1317/724/1484 1318/726/1486
f 1322/727/1487 1321/728/1488 1320/729/1489
f 1321/728/1488 1322/727/1487 1323/730/1490
f 1326/731/1491 1325/732/1491 1324/733/1492
f 1325/732/1491 1326/731/1491 1327/734/1493
f 1330/660/1494 1329/662/1495 1328/661/1496
f 1329/662/1495 1330/660/1494 1331/663/1497
f 1334/670/1498 1333/666/1499 1332/669/1500
f 1332/669/1500 1335/671/1501 1334/670/1498
f 1333/666/1499 1331/663/1497 1330/660/1494
f 1338/735/1502 1337/736/1503 1336/737/1504
f 1341/738/1505 1340/739/1506 1339/740/1507
f 1344/741/1508 1343/742/1509 1342/743/1510
f 1347/682/1511 1346/680/1512 1345/683/1513
f 1346/680/1512 1349/685/1514 1348/684/1515
f 1352/676/1516 1351/675/1517 1350/677/1518
f 1355/687/1519 1354/686/1520 1353/688/1521
f 1358/689/1522 1357/691/1523 1356/690/1524
f 1361/744/1525 1360/745/1526 1359/746/1527
f 1364/747/1528 1363/748/1529 1362/722/1530
f 1367/697/1531 1366/696/1532 1365/698/1533
f 1366/696/1532 1367/697/1531 1368/699/1534
f 1368/699/1534 1369/700/1535 1366/696/1532
f 1368/699/1534 1370/701/1536 1369/700/1535
f 1370/701/1536 1368/699/1534 1371/702/1537
f 1374/704/1538 1373/703/1539 1372/705/1540
f 1374/704/1538 1375/706/1541 1373/703/1539
f 1375/706/1541 1374/704/1538 1376/693/1542
f 1375/706/1541 1376/693/1542 1377/707/1543
f 1377/707/1543 1378/708/1544 1375/706/1541
f 1381/710/1545 1380/709/1545 1379/711/1546
f 1380/709/1545 1381/710/1545 1382/712/1547
f 1385/714/1548 1384/713/1548 1383/715/1549
f 1384/713/1548 1385/714/1548 1386/716/1550
f 1389/718/1551 1388/717/1552 1387/719/1553
f 1388/717/1552 1389/718/1551 1390/720/1554
f 1393/721/1555 1392/723/1556 1391/722/1557
f 1396/725/1558 1395/726/1559 1394/724/1560
f 1399/729/1561 1398/749/1562 1397/750/1563
f 1401/727/1564 1399/729/1561 1400/728/1565
f 1400/728/1565 1402/730/1566 1401/727/1564
f 1405/732/1567 1404/731/1567 1403/733/1568
f 1404/731/1567 1405/732/1567 1406/734/1569
f 1277/684/1444 1267/677/1437 1276/685/1445
f 1319/725/1485 1318/726/1486 1407/751/1570
f 1395/726/1559 1396/725/1558 1408/751/1571
f 1350/677/1518 1348/684/1515 1349/685/1514
f 1393/721/1555 1391/722/1557 1394/724/1560
f 1410/750/1572 1409/749/1573 1320/729/1489
f 1260/666/1426 1411/752/1574 1259/667/1427
f 1414/744/1575 1413/746/1576 1412/745/1577
f 1414/744/1575 1415/753/1578 1413/746/1576
f 1418/711/1579 1417/710/1580 1416/709/1580
f 1416/709/1580 1417/710/1580 1419/712/1581
f 1420/754/1582 1286/692/1452 1284/694/1454
f 1413/746/1576 1415/753/1578 1421/755/1583
f 1424/756/1584 1423/757/1585 1422/758/1586
f 1320/729/1489 1409/749/1573 1322/727/1487
f 1426/735/1587 1425/759/1588 1264/674/1434
f 1260/666/1426 1428/760/1589 1427/761/1590
f 1431/762/1591 1430/722/1592 1429/747/1593
f 1433/664/1594 1331/663/1497 1432/665/1595
f 1436/693/1596 1435/694/1597 1434/695/1598
f 1439/763/1599 1438/764/1600 1437/765/1601
f 1398/749/1562 1399/729/1561 1401/727/1564
f 1436/693/1596 1440/692/1602 1435/694/1597
f 1443/710/1603 1442/709/1603 1441/712/1604
f 1443/710/1603 1444/711/1605 1442/709/1603
f 1445/753/1606 1361/744/1525 1359/746/1527
f 1448/757/1607 1447/756/1584 1446/758/1608
f 1445/753/1606 1359/746/1527 1449/755/1609
f 1435/694/1597 1440/692/1602 1450/754/1610
f 1451/766/1611 1447/756/1584 1448/757/1607
f 1333/666/1499 1453/761/1612 1452/760/1613
f 1364/747/1528 1362/722/1530 1454/762/1614
f 1285/693/1453 1286/692/1452 1430/722/1592
f 1455/766/1615 1423/757/1585 1424/756/1584
f 1316/721/1481 1409/749/1573 1410/750/1572
f 1267/677/1437 1277/684/1444 1269/675/1435
f 1282/690/1450 1283/689/1449 1456/767/1616
f 1397/750/1563 1398/749/1562 1393/721/1555
f 1358/689/1522 1356/690/1524 1457/767/1617
f 1348/684/1515 1350/677/1518 1351/675/1517
f 1395/726/1559 1408/751/1571 1458/768/1618
f 1407/751/1570 1318/726/1486 1459/768/1619
f 1356/690/1524 1357/691/1523 1390/720/1554
f 1374/704/1538 1372/705/1540 1460/769/1620
f 1439/763/1599 1339/740/1507 1438/764/1600
f 1392/723/1556 1393/721/1555 1398/749/1562
f 1316/721/1481 1314/723/1483 1409/749/1573
f 1270/679/1439 1268/676/1436 1426/735/1587
f 1462/752/1621 1333/666/1499 1461/667/1622
f 1333/666/1499 1463/668/1623 1461/667/1622
f 1295/705/1465 1296/704/1464 1464/769/1624
f 1281/691/1451 1282/690/1450 1313/720/1480
f 1390/720/1554 1389/718/1551 1465/770/1625
f 1345/683/1513 1346/680/1512 1348/684/1515
f 1274/680/1440 1275/683/1443 1277/684/1444
f 1311/718/1478 1313/720/1480 1466/770/1626
f 1432/665/1595 1468/771/1627 1467/772/1628
f 1452/760/1613 1453/761/1612 1469/773/1629
f 1426/735/1587 1268/676/1436 1425/759/1588
f 1254/660/1420 1255/663/1423 1260/666/1426
f 1427/761/1590 1428/760/1589 1470/773/1630
f 1472/771/1631 1256/665/1425 1471/772/1632
f 1475/774/1633 1474/775/1634 1473/776/1635
f 1396/725/1558 1394/724/1560 1391/722/1557
f 1317/724/1484 1319/725/1485 1315/722/1482
f 1478/775/1636 1477/774/1637 1476/776/1638
f 1280/686/1446 1479/777/1639 1279/687/1447
f 1295/705/1465 1464/769/1624 1480/778/1640
f 1254/660/1420 1260/666/1426 1263/669/1429
f 1260/666/1426 1262/670/1430 1263/669/1429
f 1432/665/1595 1331/663/1497 1468/771/1627
f 1331/663/1497 1333/666/1499 1452/760/1613
f 1333/666/1499 1462/752/1621 1453/761/1612
f 1361/744/1525 1363/748/1529 1364/747/1528
f 1478/775/1636 1476/776/1638 1481/739/1641
f 1476/776/1638 1482/738/1642 1481/739/1641
f 1260/666/1426 1255/663/1423 1428/760/1589
f 1255/663/1423 1256/665/1425 1472/771/1631
f 1451/766/1611 1483/779/1643 1447/756/1584
f 1363/748/1529 1361/744/1525 1445/753/1606
f 1333/666/1499 1330/660/1494 1332/669/1500
f 1341/738/1505 1339/740/1507 1439/763/1599
f 1341/738/1505 1473/776/1635 1340/739/1506
f 1473/776/1635 1474/775/1634 1340/739/1506
f 1484/748/1644 1414/744/1575 1429/747/1593
f 1411/752/1574 1260/666/1426 1427/761/1590
f 1429/747/1593 1430/722/1592 1484/748/1644
f 1486/780/1645 1455/766/1615 1485/779/1646
f 1455/766/1615 1424/756/1584 1485/779/1646
f 1415/753/1578 1414/744/1575 1484/748/1644
f 1460/769/1620 1372/705/1540 1487/778/1647
f 1488/777/1447 1354/686/1520 1355/687/1519
f 1491/781/1648 1490/782/1649 1489/783/1650
f 1490/782/1649 1492/784/1651 1489/783/1650
f 1495/784/1652 1494/782/1653 1493/783/1654
f 1494/782/1653 1496/781/1655 1493/783/1654
f 1498/678/1656 1497/679/1657 1352/676/1516
f 1497/679/1657 1338/735/1502 1352/676/1516
f 1501/764/1658 1500/765/1659 1499/785/1660
f 1504/786/1661 1503/787/1662 1502/788/1663
f 1506/740/1664 1505/763/1665 1501/764/1658
f 1505/763/1665 1500/765/1659 1501/764/1658
f 1481/739/1641 1482/738/1642 1506/740/1664
f 1482/738/1642 1505/763/1665 1506/740/1664
f 1430/722/1592 1431/762/1591 1285/693/1453
f 1470/773/1630 1472/771/1631 1471/772/1632
f 1474/775/1634 1475/774/1633 1507/789/1666
f 1475/774/1633 1508/787/1667 1507/789/1666
f 1508/787/1667 1510/786/1668 1509/788/1669
f 1437/765/1601 1438/764/1600 1511/785/1670
f 1507/789/1666 1508/787/1667 1512/790/1671
f 1508/787/1667 1509/788/1669 1512/790/1671
f 1514/791/1672 1344/741/1508 1513/792/1673
f 1344/741/1508 1342/743/1510 1513/792/1673
f 1503/787/1662 1477/774/1637 1515/789/1674
f 1477/774/1637 1478/775/1636 1515/789/1674
f 1502/788/1663 1503/787/1662 1516/790/1675
f 1503/787/1662 1515/789/1674 1516/790/1675
f 1519/743/1676 1518/741/1677 1517/792/1678
f 1518/741/1677 1520/791/1679 1517/792/1678
f 1436/693/1596 1362/722/1530 1440/692/1602
f 1521/780/1643 1483/779/1643 1451/766/1611
f 1468/771/1627 1469/773/1629 1467/772/1628
f 1454/762/1614 1362/722/1530 1436/693/1596
f 1520/791/1679 1522/793/1680 1476/776/1638
f 1522/793/1680 1270/679/1439 1476/776/1638
f 1497/679/1657 1523/793/1681 1473/776/1635
f 1523/793/1681 1514/791/1672 1473/776/1635
f 1526/794/1682 1525/759/1683 1524/672/1684
f 1525/759/1683 1527/674/1685 1524/672/1684
f 1530/795/1686 1529/796/1687 1528/797/1688
f 1533/798/1689 1532/799/1690 1531/800/1691
f 1505/763/1665 1534/736/1692 1500/765/1659
f 1519/743/1676 1503/787/1662 1504/786/1661
f 1467/772/1628 1469/773/1629 1495/784/1652
f 1469/773/1629 1494/782/1653 1495/784/1652
f 1469/773/1629 1468/771/1627 1452/760/1613
f 1468/771/1627 1331/663/1497 1452/760/1613
f 1490/782/1649 1470/773/1630 1492/784/1651
f 1470/773/1630 1471/772/1632 1492/784/1651
f 1255/663/1423 1472/771/1631 1428/760/1589
f 1472/771/1631 1470/773/1630 1428/760/1589
f 1523/793/1681 1535/801/1693 1514/791/1672
f 1535/801/1693 1344/741/1508 1514/791/1672
f 1518/741/1677 1536/801/1694 1520/791/1679
f 1536/801/1694 1522/793/1680 1520/791/1679
f 1539/799/1695 1538/798/1696 1537/800/1697
f 1542/796/1698 1541/795/1699 1540/797/1700
f 1425/759/1588 1268/676/1436 1543/794/1701
f 1268/676/1436 1269/675/1435 1543/794/1701
f 1351/675/1517 1352/676/1516 1526/794/1682
f 1352/676/1516 1525/759/1683 1526/794/1682
f 1352/676/1516 1338/735/1502 1525/759/1683
f 1338/735/1502 1527/674/1685 1525/759/1683
f 1508/787/1667 1342/743/1510 1510/786/1668
f 1337/736/1503 1439/763/1599 1437/765/1601
f 1264/674/1434 1425/759/1588 1266/672/1432
f 1425/759/1588 1543/794/1701 1266/672/1432
f 1333/666/1499 1334/670/1498 1463/668/1623
f 1388/717/1552 1545/802/1702 1544/803/1703
f 1426/735/1587 1264/674/1434 1546/737/1704
f 1273/681/1441 1274/680/1440 1547/742/1705
f 1469/773/1629 1453/761/1612 1494/782/1653
f 1453/761/1612 1462/752/1621 1494/782/1653
f 1411/752/1574 1427/761/1590 1490/782/1649
f 1427/761/1590 1470/773/1630 1490/782/1649
f 1494/782/1653 1462/752/1621 1496/781/1655
f 1462/752/1621 1461/667/1622 1496/781/1655
f 1259/667/1427 1411/752/1574 1491/781/1648
f 1411/752/1574 1490/782/1649 1491/781/1648
f 1549/802/1706 1312/717/1477 1548/803/1707
f 1262/670/1430 1260/666/1426 1258/668/1428
f 1524/672/1684 1527/674/1685 1550/673/1708
f 1551/681/1709 1346/680/1512 1347/682/1511
f 1338/735/1502 1336/737/1504 1527/674/1685
f 1343/742/1509 1346/680/1512 1551/681/1709
f 1426/735/1587 1546/737/1704 1534/736/1692
f 1547/742/1705 1518/741/1677 1519/743/1676
f 1554/804/1710 1553/805/1711 1552/806/1712
f 1553/805/1711 1555/807/1713 1552/806/1712
f 1553/805/1711 1556/808/1714 1555/807/1713
f 1556/808/1714 1557/809/1715 1555/807/1713
f 1560/807/1716 1559/805/1717 1558/806/1718
f 1559/805/1717 1561/804/1719 1558/806/1718
f 1563/809/1720 1562/808/1721 1560/807/1716
f 1562/808/1721 1559/805/1717 1560/807/1716
f 1345/683/1513 1533/798/1689 1347/682/1511
f 1529/796/1687 1530/795/1686 1550/673/1708
f 1255/663/1423 1252/662/1422 1257/664/1424
f 1283/689/1449 1281/691/1451 1564/810/1722
f 1275/683/1443 1272/682/1442 1538/798/1696
f 1265/673/1433 1541/795/1699 1542/796/1698
f 1357/691/1523 1358/689/1522 1565/810/1723
f 1329/662/1495 1331/663/1497 1433/664/1594
f 1547/742/1705 1274/680/1440 1518/741/1677
f 1274/680/1440 1536/801/1694 1518/741/1677
f 1274/680/1440 1276/685/1445 1536/801/1694
f 1276/685/1445 1522/793/1680 1536/801/1694
f 1535/801/1693 1346/680/1512 1344/741/1508
f 1346/680/1512 1343/742/1509 1344/741/1508
f 1523/793/1681 1349/685/1514 1535/801/1693
f 1349/685/1514 1346/680/1512 1535/801/1693
f 1526/794/1682 1524/672/1684 1530/795/1686
f 1524/672/1684 1550/673/1708 1530/795/1686
f 1265/673/1433 1266/672/1432 1541/795/1699
f 1266/672/1432 1543/794/1701 1541/795/1699
f 1388/717/1552 1390/720/1554 1545/802/1702
f 1390/720/1554 1357/691/1523 1545/802/1702
f 1281/691/1451 1313/720/1480 1549/802/1706
f 1313/720/1480 1312/717/1477 1549/802/1706
f 1559/805/1717 1539/799/1695 1561/804/1719
f 1539/799/1695 1537/800/1697 1561/804/1719
f 1531/800/1691 1532/799/1690 1554/804/1710
f 1532/799/1690 1553/805/1711 1554/804/1710
f 1335/671/1501 1332/669/1500 1566/811/1724
f 1332/669/1500 1330/660/1494 1566/811/1724
f 1254/660/1420 1263/669/1429 1567/811/1725
f 1263/669/1429 1261/671/1431 1567/811/1725
f 1351/675/1517 1526/794/1682 1557/809/1715
f 1526/794/1682 1530/795/1686 1557/809/1715
f 1541/795/1699 1543/794/1701 1563/809/1720
f 1543/794/1701 1269/675/1435 1563/809/1720
f 1566/811/1724 1330/660/1494 1568/812/1726
f 1330/660/1494 1328/661/1496 1568/812/1726
f 1253/661/1421 1254/660/1420 1569/812/1727
f 1254/660/1420 1567/811/1725 1569/812/1727
f 1476/776/1638 1477/774/1637 1570/813/1728
f 1477/774/1637 1571/814/1729 1570/813/1728
f 1573/814/1730 1475/774/1633 1572/813/1731
f 1475/774/1633 1473/776/1635 1572/813/1731
f 1497/679/1657 1498/678/1656 1523/793/1681
f 1498/678/1656 1349/685/1514 1523/793/1681
f 1276/685/1445 1271/678/1438 1522/793/1680
f 1271/678/1438 1270/679/1439 1522/793/1680
f 1337/736/1503 1574/815/1732 1439/763/1599
f 1574/815/1732 1341/738/1505 1439/763/1599
f 1482/738/1642 1575/815/1733 1505/763/1665
f 1575/815/1733 1534/736/1692 1505/763/1665
f 1576/816/1734 1426/735/1587 1575/815/1733
f 1426/735/1587 1534/736/1692 1575/815/1733
f 1476/776/1638 1270/679/1439 1576/816/1734
f 1270/679/1439 1426/735/1587 1576/816/1734
f 1337/736/1503 1338/735/1502 1574/815/1732
f 1338/735/1502 1577/816/1735 1574/815/1732
f 1338/735/1502 1497/679/1657 1577/816/1735
f 1497/679/1657 1473/776/1635 1577/816/1735
f 1473/776/1635 1341/738/1505 1577/816/1735
f 1341/738/1505 1574/815/1732 1577/816/1735
f 1575/815/1733 1482/738/1642 1576/816/1734
f 1482/738/1642 1476/776/1638 1576/816/1734
f 1475/774/1633 1573/814/1730 1508/787/1667
f 1573/814/1730 1342/743/1510 1508/787/1667
f 1519/743/1676 1571/814/1729 1503/787/1662
f 1571/814/1729 1477/774/1637 1503/787/1662
f 1539/799/1695 1559/805/1717 1277/684/1444
f 1559/805/1717 1269/675/1435 1277/684/1444
f 1351/675/1517 1553/805/1711 1348/684/1515
f 1553/805/1711 1532/799/1690 1348/684/1515
f 1352/676/1516 1350/677/1518 1498/678/1656
f 1350/677/1518 1349/685/1514 1498/678/1656
f 1276/685/1445 1267/677/1437 1271/678/1438
f 1267/677/1437 1268/676/1436 1271/678/1438
f 1473/776/1635 1514/791/1672 1572/813/1731
f 1514/791/1672 1513/792/1673 1572/813/1731
f 1517/792/1678 1520/791/1679 1570/813/1728
f 1520/791/1679 1476/776/1638 1570/813/1728
f 1572/813/1731 1513/792/1673 1573/814/1730
f 1513/792/1673 1342/743/1510 1573/814/1730
f 1519/743/1676 1517/792/1678 1571/814/1729
f 1517/792/1678 1570/813/1728 1571/814/1729
f 1457/767/1617 1356/690/1524 1465/770/1625
f 1356/690/1524 1390/720/1554 1465/770/1625
f 1313/720/1480 1282/690/1450 1466/770/1626
f 1282/690/1450 1456/767/1616 1466/770/1626
f 1533/798/1689 1345/683/1513 1532/799/1690
f 1345/683/1513 1348/684/1515 1532/799/1690
f 1277/684/1444 1275/683/1443 1539/799/1695
f 1275/683/1443 1538/798/1696 1539/799/1695
f 1557/809/1715 1556/808/1714 1351/675/1517
f 1556/808/1714 1553/805/1711 1351/675/1517
f 1559/805/1717 1562/808/1721 1269/675/1435
f 1562/808/1721 1563/809/1720 1269/675/1435

usemtl face
f 1580/817/1736 1579/818/1737 1578/819/1738
f 1583/820/1739 1582/821/1740 1581/822/1741
f 1585/823/1742 1584/824/1743 1582/821/1740
f 1582/821/1740 1584/824/1743 1586/825/1744
f 1588/826/1745 1580/817/1736 1587/827/1746
f 1591/828/1747 1590/829/1748 1589/830/1749
f 1580/817/1736 1588/826/1745 1579/818/1737
f 1586/825/1744 1578/819/1738 1592/831/1750
f 1578/819/1738 1593/832/1751 1592/831/1750
f 1584/824/1743 1585/823/1742 1580/817/1736
f 1594/833/1752 1587/827/1746 1580/817/1736
f 1586/825/1744 1584/824/1743 1578/819/1738
f 1584/824/1743 1580/817/1736 1578/819/1738
f 1591/828/1747 1589/830/1749 1587/827/1746
f 1579/818/1737 1588/826/1745 1595/834/1753
f 1588/826/1745 1596/835/1754 1595/834/1753
f 1588/826/1745 1587/827/1746 1596/835/1754
f 1587/827/1746 1589/830/1749 1596/835/1754
f 1581/822/1741 1582/821/1740 1597/836/1755
f 1582/821/1740 1598/837/1756 1597/836/1755
f 1582/821/1740 1586/825/1744 1598/837/1756
f 1583/820/1739 1581/822/1741 1599/838/1757
f 1578/819/1738 1579/818/1737 1593/832/1751
f 1579/818/1737 1595/834/1753 1593/832/1751
f 1580/817/1736 1585/823/1742 1594/833/1752
f 1583/820/1739 1599/838/1757 1594/833/1752
f 1598/837/1756 1586/825/1744 1600/839/1758
f 1586/825/1744 1592/831/1750 1600/839/1758
f 1597/836/1755 1598/837/1756 1601/840/1759
f 1598/837/1756 1600/839/1758 1601/840/1759
f 1599/838/1757 1591/828/1747 1594/833/1752
f 1591/828/1747 1587/827/1746 1594/833/1752
f 1591/828/1747 1599/838/1757 1590/829/1748
f 1599/838/1757 1602/841/1760 1590/829/1748
f 1581/822/1741 1597/836/1755 1603/842/1761
f 1597/836/1755 1601/840/1759 1603/842/1761
f 1582/821/1740 1583/820/1739 1585/823/1742
f 1583/820/1739 1594/833/1752 1585/823/1742
f 1599/838/1757 1581/822/1741 1602/841/1760
f 1581/822/1741 1603/842/1761 1602/841/1760
f 1606/843/1762 1605/844/1763 1604/845/1764
f 1609/817/1765 1608/846/1766 1607/826/1767
f 1604/845/1764 1605/844/1763 1610/820/1768
f 1613/847/1769 1612/825/1770 1611/848/1771
f 1609/817/1765 1614/818/1772 1611/848/1771
f 1610/820/1768 1616/849/1773 1615/838/1774
f 1609/817/1765 1607/826/1767 1614/818/1772
f 1611/848/1771 1617/850/1775 1609/817/1765
f 1619/823/1776 1618/851/1777 1609/817/1765
f 1612/825/1770 1613/847/1769 1620/831/1778
f 1622/852/1779 1608/846/1766 1621/829/1780
f 1610/820/1768 1615/838/1774 1623/853/1781
f 1609/817/1765 1618/851/1777 1608/846/1766
f 1618/851/1777 1623/853/1781 1608/846/1766
f 1625/834/1782 1614/818/1772 1624/835/1783
f 1614/818/1772 1607/826/1767 1624/835/1783
f 1613/847/1769 1611/848/1771 1625/834/1782
f 1611/848/1771 1614/818/1772 1625/834/1782
f 1619/823/1776 1610/820/1768 1618/851/1777
f 1610/820/1768 1623/853/1781 1618/851/1777
f 1610/820/1768 1605/844/1763 1616/849/1773
f 1624/835/1783 1607/826/1767 1622/852/1779
f 1607/826/1767 1608/846/1766 1622/852/1779
f 1606/843/1762 1604/845/1764 1617/850/1775
f 1619/823/1776 1609/817/1765 1617/850/1775
f 1608/846/1766 1623/853/1781 1621/829/1780
f 1623/853/1781 1615/838/1774 1626/854/1784
f 1623/853/1781 1626/854/1784 1621/829/1780
f 1626/854/1784 1615/838/1774 1627/842/1785
f 1615/838/1774 1616/849/1773 1627/842/1785
f 1611/848/1771 1612/825/1770 1617/850/1775
f 1612/825/1770 1606/843/1762 1617/850/1775
f 1628/855/1786 1606/843/1762 1620/831/1778
f 1606/843/1762 1612/825/1770 1620/831/1778
f 1627/842/1785 1616/849/1773 1629/840/1787
f 1616/849/1773 1605/844/1763 1629/840/1787
f 1617/850/1775 1604/845/1764 1619/823/1776
f 1604/845/1764 1610/820/1768 1619/823/1776
f 1629/840/1787 1605/844/1763 1628/855/1786
f 1605/844/1763 1606/843/1762 1628/855/1786
f 1632/856/1788 1631/857/1789 1630/858/1790
f 1635/857/1791 1634/859/1792 1633/860/1793
f 1638/859/1794 1637/860/1795 1636/861/1796
f 1641/862/1797 1640/863/1798 1639/864/1799
f 1635/857/1791 1633/860/1793 1642/856/1800
f 1644/858/1801 1642/856/1800 1643/863/1802
f 1637/860/1795 1638/859/1794 1631/857/1789
f 1647/864/1803 1646/862/1804 1645/865/1805
f 1633/860/1793 1634/859/1792 1648/861/1806
f 1648/861/1806 1634/859/1792 1649/866/1807
f 1631/857/1789 1632/856/1788 1637/860/1795
f 1638/859/1794 1636/861/1796 1650/866/1808
f 1643/863/1802 1642/856/1800 1646/862/1804
f 1640/863/1798 1641/862/1797 1632/856/1788
f 1642/856/1800 1644/858/1801 1635/857/1791
f 1632/856/1788 1630/858/1790 1640/863/1798
f 1652/865/1809 1639/864/1799 1651/867/1810
f 1646/862/1804 1647/864/1803 1643/863/1802
f 1647/864/1803 1645/865/1805 1653/867/1811
f 1639/864/1799 1652/865/1809 1641/862/1797
f 2153/868/1812 2152/869/1813 2151/870/1814
f 2152/869/1813 2155/871/1815 2154/872/1816
f 2152/869/1813 2153/868/1812 2156/873/1817
f 2152/869/1813 2156/873/1817 2155/871/1815
f 2156/873/1817 2158/874/1818 2157/875/1819
f 2159/876/1820 2158/874/1818 2153/868/1812
f 2158/874/1818 2156/873/1817 2153/868/1812
f 2156/873/1817 2157/875/1819 2155/871/1815
f 2162/877/1821 2161/878/1822 2160/879/1823
f 2163/880/1824 2162/877/1821 2158/874/1818
f 2162/877/1821 2157/875/1819 2158/874/1818
f 2162/877/1821 2160/879/1823 2157/875/1819
f 2165/881/1825 2161/878/1822 2164/882/1826
f 2161/878/1822 2162/877/1821 2164/882/1826
f 2161/878/1822 2166/883/1827 2160/879/1823
f 2161/878/1822 2167/884/1828 2166/883/1827
f 2162/877/1821 2163/880/1824 2164/882/1826
f 2166/883/1827 2167/884/1828 2168/885/1829
f 2158/874/1818 2159/876/1820 2163/880/1824
f 2161/878/1822 2165/881/1825 2167/884/1828
f 2171/886/1830 2170/887/1831 2169/888/1832
f 2174/889/1833 2173/890/1834 2172/891/1835
f 2177/892/1836 2176/893/1837 2175/892/1838
f 2180/894/1839 2179/895/1840 2178/896/1841
f 2183/897/1842 2182/898/1843 2181/899/1844
f 2186/900/1845 2185/901/1846 2184/902/1847
f 2189/903/1848 2188/904/1849 2187/905/1850
f 2192/902/1851 2191/901/1852 2190/900/1853
f 2195/906/1854 2194/907/1855 2193/908/1856
f 2198/909/1857 2197/910/1858 2196/911/1859
f 2201/912/1860 2200/912/1861 2199/913/1862
f 2204/914/1863 2203/915/1864 2202/916/1865
f 2207/917/1866 2206/918/1867 2205/919/1868
f 2210/920/1869 2209/921/1870 2208/922/1871
f 2213/923/1872 2212/924/1873 2211/925/1874
f 2216/926/1875 2215/927/1876 2214/928/1877
f 2219/929/1878 2218/930/1879 2217/931/1880
f 2222/932/1881 2221/933/1882 2220/934/1883
f 2225/935/1884 2224/936/1885 2223/937/1886
f 2228/938/1887 2227/939/1888 2226/940/1889
f 2216/926/1875 2229/941/1890 2215/927/1876
f 2217/931/1880 2230/942/1891 2219/929/1878
f 2233/943/1892 2232/944/1893 2231/945/1894
f 2234/946/1895 2232/944/1893 2233/943/1892
f 2237/947/1896 2236/948/1897 2235/949/1898
f 2240/950/1899 2239/951/1900 2238/952/1901
f 2243/953/1902 2242/954/1903 2241/955/1904
f 2246/956/1905 2245/957/1906 2244/958/1907
f 2220/934/1883 2221/933/1882 2247/959/1908
f 2218/930/1879 2219/929/1878 2248/960/1909
f 2251/961/1910 2250/962/1911 2249/963/1912
f 2254/964/1913 2253/965/1914 2252/966/1915
f 2257/967/1916 2256/968/1917 2255/969/1918
f 2260/970/1919 2259/971/1920 2258/972/1921
f 2263/973/1922 2262/974/1923 2261/975/1924
f 2262/974/1923 2265/976/1925 2264/977/1926
f 2196/911/1859 2197/910/1858 2266/978/1927
f 2269/979/1928 2268/980/1929 2267/981/1930
f 2272/982/1931 2271/983/1932 2270/984/1933
f 2275/985/1934 2274/986/1935 2273/987/1936
f 2277/988/1937 2240/950/1899 2276/989/1938
f 2240/950/1899 2238/952/1901 2278/990/1939
f 2190/900/1853 2191/901/1852 2279/912/1940
f 2280/991/1941 2221/933/1882 2222/932/1881
f 2283/992/1942 2282/993/1943 2281/994/1944
f 2282/993/1943 2235/949/1898 2284/995/1945
f 2240/950/1899 2278/990/1939 2276/989/1938
f 2213/923/1872 2211/925/1874 2285/996/1946
f 2204/914/1863 2202/916/1865 2286/997/1947
f 2239/951/1900 2250/962/1911 2287/998/1948
f 2193/908/1856 2194/907/1855 2288/999/1949
f 2265/976/1925 2228/938/1887 2289/1000/1950
f 2284/995/1945 2291/1001/1951 2290/1002/1952
f 2292/1003/1953 2211/925/1874 2212/924/1873
f 2272/982/1931 2293/1004/1954 2271/983/1932
f 2295/1005/1955 2292/1003/1953 2294/1006/1956
f 2280/991/1941 2296/1007/1957 2221/933/1882
f 2297/1008/1958 2180/894/1839 2181/899/1844
f 2299/1009/1959 2212/924/1873 2298/1010/1960
f 2275/985/1934 2301/1011/1961 2300/1012/1962
f 2303/1013/1963 2302/1014/1964 2253/965/1914
f 2169/888/1832 2303/1013/1963 2304/1015/1965
f 2307/1016/1966 2306/1017/1967 2305/1018/1968
f 2268/980/1929 2254/964/1913 2267/981/1930
f 2310/1019/1969 2309/1020/1970 2308/1021/1971
f 2313/1022/1972 2312/1023/1973 2311/1024/1974
f 2316/1025/1975 2315/1026/1976 2314/1027/1977
f 2319/1028/1978 2318/1029/1979 2317/1030/1980
f 2322/1031/1981 2321/1032/1982 2320/1033/1983
f 2174/889/1833 2172/891/1835 2323/1034/1984
f 2326/910/1985 2325/911/1986 2324/978/1987
f 2237/947/1896 2174/889/1833 2236/948/1897
f 2327/1035/1988 2300/1012/1962 2313/1022/1972
f 2319/1028/1978 2316/1025/1975 2318/1029/1979
f 2316/1025/1975 2328/1026/1989 2322/1031/1981
f 2275/985/1934 2273/987/1936 2301/1011/1961
f 2329/1031/1990 2316/1025/1975 2319/1028/1978
f 2316/1025/1975 2329/1031/1990 2315/1026/1976
f 2329/1031/1990 2331/1033/1991 2330/1032/1992
f 2225/935/1884 2223/937/1886 2332/1036/1993
f 2263/973/1922 2261/975/1924 2333/1037/1994
f 2335/1038/1995 2334/1039/1996 2243/953/1902
f 2334/1039/1996 2242/954/1903 2243/953/1902
f 2313/1022/1972 2300/1012/1962 2312/1023/1973
f 2337/1030/1997 2336/1028/1998 2320/1033/1983
f 2339/1040/1999 2333/1037/1994 2338/1041/2000
f 2342/914/2001 2341/915/2002 2340/916/2003
f 2345/1042/2004 2344/1043/2005 2343/1044/2006
f 2186/900/1845 2184/902/1847 2346/1045/2007
f 2348/1045/2008 2190/900/1853 2347/1046/2009
f 2190/900/1853 2279/912/1940 2349/912/2010
f 2188/904/1849 2189/903/1848 2350/1047/2011
f 2303/1013/1963 2169/888/1832 2256/968/1917
f 2183/897/1842 2352/1048/2012 2351/1049/2013
f 2354/918/2014 2175/892/1838 2353/917/2015
f 2257/967/1916 2255/969/1918 2302/1014/1964
f 2255/969/1918 2355/1050/2016 2302/1014/1964
f 2177/892/1836 2356/1051/2017 2176/893/1837
f 2357/1052/2018 2255/969/1918 2256/968/1917
f 2360/1053/2019 2359/1054/2020 2358/1055/2021
f 2362/1056/2022 2361/1057/2023 2358/1055/2021
f 2362/1056/2022 2363/1058/2024 2361/1057/2023
f 2232/944/1893 2234/946/1895 2364/1059/2025
f 2251/961/1910 2249/963/1912 2231/945/1894
f 2171/886/1830 2365/1060/2026 2170/887/1831
f 2365/1060/2026 2367/1061/2027 2366/1062/2028
f 2323/1034/1984 2368/1063/2029 2273/987/1936
f 2369/1064/2030 2329/1031/1990 2330/1032/1992
f 2371/1065/2031 2370/1066/2032 2328/1026/1989
f 2372/1067/2033 2254/964/1913 2268/980/1929
f 2329/1031/1990 2319/1028/1978 2331/1033/1991
f 2319/1028/1978 2317/1030/1980 2331/1033/1991
f 2178/896/1841 2179/895/1840 2373/1068/2034
f 2170/887/1831 2365/1060/2026 2366/1062/2028
f 2320/1033/1983 2336/1028/1998 2322/1031/1981
f 2336/1028/1998 2316/1025/1975 2322/1031/1981
f 2295/1005/1955 2294/1006/1956 2271/983/1932
f 2236/948/1897 2375/1069/2035 2374/1070/2036
f 2377/1066/2037 2315/1026/1976 2376/1071/2038
f 2315/1026/1976 2329/1031/1990 2369/1064/2030
f 2322/1031/1981 2328/1026/1989 2378/1064/2039
f 2328/1026/1989 2370/1066/2032 2379/1071/2040
f 2316/1025/1975 2314/1027/1977 2328/1026/1989
f 2314/1027/1977 2371/1065/2031 2328/1026/1989
f 2365/1060/2026 2171/886/1830 2380/1072/2041
f 2171/886/1830 2381/1073/2042 2380/1072/2041
f 2186/900/1845 2346/1045/2007 2382/1046/2043
f 2332/1036/1993 2383/1074/2044 2338/1041/2000
f 2177/892/1836 2384/1075/2045 2356/1051/2017
f 2385/1076/2046 2262/974/1923 2264/977/1926
f 2387/1077/2047 2342/914/2001 2386/1078/2048
f 2342/914/2001 2340/916/2003 2386/1078/2048
f 2389/1079/2049 2388/1080/2050 2381/1073/2042
f 2372/1067/2033 2391/1081/2051 2390/1082/2052
f 2372/1067/2033 2268/980/1929 2391/1081/2051
f 2321/1032/1982 2322/1031/1981 2378/1064/2039
f 2190/900/1853 2349/912/2010 2392/1083/2053
f 2286/997/1947 2394/1084/2054 2393/1044/2055
f 2390/1082/2052 2388/1080/2050 2395/1085/2056
f 2396/1086/2057 2303/1013/1963 2253/965/1914
f 2169/888/1832 2304/1015/1965 2389/1079/2049
f 2398/1087/2058 2397/1088/2059 2389/1079/2049
f 2399/1089/2060 2306/1017/1967 2397/1088/2059
f 2306/1017/1967 2395/1085/2056 2397/1088/2059
f 2401/1090/2061 2367/1061/2027 2400/1091/2062
f 2367/1061/2027 2402/1092/2063 2400/1091/2062
f 2404/1093/2064 2256/968/1917 2403/1094/2065
f 2351/1049/2013 2406/1095/2066 2405/1096/2067
f 2266/978/1927 2197/910/1858 2407/1097/2068
f 2192/902/1851 2190/900/1853 2348/1045/2008
f 2409/1098/2069 2269/979/1928 2408/1099/2070
f 2407/1097/2068 2411/1100/2071 2410/1101/2072
f 2192/902/1851 2198/909/1857 2191/901/1852
f 2198/909/1857 2411/1100/2071 2197/910/1858
f 2411/1100/2071 2407/1097/2068 2197/910/1858
f 2363/1058/2024 2364/1059/2025 2361/1057/2023
f 2347/1046/2009 2190/900/1853 2392/1083/2053
f 2307/1016/1966 2305/1018/1968 2398/1087/2058
f 2399/1089/2060 2397/1088/2059 2398/1087/2058
f 2285/996/1946 2248/960/1909 2259/971/1920
f 2256/968/1917 2169/888/1832 2412/1102/2073
f 2169/888/1832 2170/887/1831 2412/1102/2073
f 2346/1045/2007 2184/902/1847 2413/1101/2074
f 2415/1100/2075 2414/1097/2076 2413/1101/2074
f 2334/1039/1996 2244/958/1907 2416/1103/2077
f 2339/1040/1999 2338/1041/2000 2383/1074/2044
f 2419/1104/2078 2418/1105/2079 2417/1106/2080
f 2422/1107/2081 2421/1108/2082 2420/1109/2083
f 2223/937/1886 2224/936/1885 2241/955/1904
f 2377/1066/2037 2371/1065/2031 2315/1026/1976
f 2371/1065/2031 2314/1027/1977 2315/1026/1976
f 2371/1065/2031 2377/1066/2037 2423/1110/2084
f 2417/1106/2080 2425/1111/2085 2424/1112/2086
f 2408/1099/2070 2269/979/1928 2426/1113/2087
f 2269/979/1928 2267/981/1930 2426/1113/2087
f 2396/1086/2057 2253/965/1914 2395/1085/2056
f 2253/965/1914 2254/964/1913 2372/1067/2033
f 2326/910/1985 2427/909/2088 2325/911/1986
f 2427/909/2088 2326/910/1985 2415/1100/2075
f 2326/910/1985 2414/1097/2076 2415/1100/2075
f 2429/1114/2089 2404/1093/2064 2428/1115/2090
f 2404/1093/2064 2403/1094/2065 2430/1116/2091
f 2286/997/1947 2202/916/1865 2431/1117/2092
f 2205/919/1868 2206/918/1867 2432/1077/2093
f 2360/1053/2019 2228/938/1887 2359/1054/2020
f 2228/938/1887 2238/952/1901 2359/1054/2020
f 2228/938/1887 2433/1118/2094 2289/1000/1950
f 2436/1075/2095 2435/1119/2096 2434/892/2097
f 2195/906/1854 2437/1120/2098 2194/907/1855
f 2252/966/1915 2253/965/1914 2302/1014/1964
f 2367/1061/2027 2401/1090/2061 2366/1062/2028
f 2414/1097/2076 2326/910/1985 2324/978/1987
f 2439/1121/2099 2400/1091/2062 2438/1122/2100
f 2400/1091/2062 2440/1123/2101 2438/1122/2100
f 2302/1014/1964 2442/1124/2102 2441/1125/2103
f 2442/1124/2102 2444/1126/2104 2443/1127/2105
f 2442/1124/2102 2443/1127/2105 2441/1125/2103
f 2447/1128/2106 2446/1129/2107 2445/1130/2108
f 2277/988/1937 2250/962/1911 2240/950/1899
f 2250/962/1911 2239/951/1900 2240/950/1899
f 2371/1065/2031 2423/1110/2084 2370/1066/2032
f 2424/1112/2086 2425/1111/2085 2420/1109/2083
f 2417/1106/2080 2418/1105/2079 2425/1111/2085
f 2450/1131/2109 2449/1132/2110 2448/1133/2111
f 2267/981/1930 2254/964/1913 2451/1134/2112
f 2254/964/1913 2453/1135/2113 2452/1136/2114
f 2455/1137/2115 2408/1099/2070 2454/1138/2116
f 2408/1099/2070 2456/1139/2117 2454/1138/2116
f 2351/1049/2013 2352/1048/2012 2406/1095/2066
f 2184/902/1847 2185/901/1846 2427/909/2088
f 2457/1083/2118 2200/912/1861 2186/900/1845
f 2200/912/1861 2201/912/1860 2186/900/1845
f 2350/1047/2011 2310/1019/1969 2188/904/1849
f 2451/1134/2112 2254/964/1913 2452/1136/2114
f 2307/1016/1966 2396/1086/2057 2306/1017/1967
f 2396/1086/2057 2395/1085/2056 2306/1017/1967
f 2389/1079/2049 2304/1015/1965 2398/1087/2058
f 2304/1015/1965 2307/1016/1966 2398/1087/2058
f 2304/1015/1965 2303/1013/1963 2307/1016/1966
f 2303/1013/1963 2396/1086/2057 2307/1016/1966
f 2230/942/1891 2458/1140/2119 2219/929/1878
f 2205/919/1868 2459/1141/2120 2207/917/1866
f 2263/973/1922 2245/957/1906 2262/974/1923
f 2226/940/1889 2227/939/1888 2262/974/1923
f 2460/1142/2121 2270/984/1933 2311/1024/1974
f 2461/1143/2122 2313/1022/1972 2311/1024/1974
f 2335/1038/1995 2246/956/1905 2334/1039/1996
f 2246/956/1905 2244/958/1907 2334/1039/1996
f 2264/977/1926 2265/976/1925 2255/969/1918
f 2265/976/1925 2289/1000/1950 2255/969/1918
f 2412/1102/2073 2170/887/1831 2462/1144/2123
f 2170/887/1831 2366/1062/2028 2463/1145/2124
f 2282/993/1943 2284/995/1945 2281/994/1944
f 2180/894/1839 2297/1008/1958 2179/895/1840
f 2464/1146/2125 2170/887/1831 2463/1145/2124
f 2463/1145/2124 2366/1062/2028 2465/1147/2126
f 2366/1062/2028 2401/1090/2061 2465/1147/2126
f 2426/1113/2087 2267/981/1930 2466/1148/2127
f 2267/981/1930 2451/1134/2112 2466/1148/2127
f 2468/1149/2128 2467/1150/2129 2368/1063/2029
f 2376/1071/2038 2315/1026/1976 2369/1064/2030
f 2381/1073/2042 2171/886/1830 2389/1079/2049
f 2171/886/1830 2169/888/1832 2389/1079/2049
f 2253/965/1914 2372/1067/2033 2395/1085/2056
f 2372/1067/2033 2390/1082/2052 2395/1085/2056
f 2238/952/1901 2239/951/1900 2359/1054/2020
f 2362/1056/2022 2358/1055/2021 2359/1054/2020
f 2328/1026/1989 2379/1071/2040 2378/1064/2039
f 2470/1151/2130 2469/1152/2131 2460/1142/2121
f 2455/1137/2115 2234/946/1895 2408/1099/2070
f 2230/942/1891 2409/1098/2069 2408/1099/2070
f 2231/945/1894 2232/944/1893 2251/961/1910
f 2232/944/1893 2364/1059/2025 2363/1058/2024
f 2245/957/1906 2263/973/1922 2244/958/1907
f 2263/973/1922 2333/1037/1994 2339/1040/1999
f 2306/1017/1967 2399/1089/2060 2305/1018/1968
f 2399/1089/2060 2398/1087/2058 2305/1018/1968
f 2447/1128/2106 2445/1130/2108 2471/921/2132
f 2445/1130/2108 2472/1130/2133 2471/921/2132
f 2402/1092/2063 2220/934/1883 2400/1091/2062
f 2225/935/1884 2440/1123/2101 2400/1091/2062
f 2332/1036/1993 2223/937/1886 2383/1074/2044
f 2223/937/1886 2241/955/1904 2242/954/1903
f 2192/902/1851 2348/1045/2008 2410/1101/2072
f 2473/1153/2134 2455/1137/2115 2454/1138/2116
f 2225/935/1884 2247/959/1908 2224/936/1885
f 2476/1130/2135 2475/1129/2136 2474/1128/2137
f 2477/1154/2138 2404/1093/2064 2430/1116/2091
f 2274/986/1935 2275/985/1934 2375/1069/2035
f 2275/985/1934 2374/1070/2036 2375/1069/2035
f 2327/1035/1988 2313/1022/1972 2374/1070/2036
f 2313/1022/1972 2461/1143/2122 2478/1155/2139
f 2318/1029/1979 2337/1030/1997 2479/1156/2140
f 2482/1157/2141 2481/1158/2142 2480/1159/2143
f 2318/1029/1979 2479/1156/2140 2317/1030/1980
f 2483/1112/2144 2482/1157/2141 2480/1159/2143
f 2483/1112/2144 2480/1159/2143 2484/1160/2145
f 2486/1161/2146 2485/1162/2147 2484/1160/2145
f 2442/1124/2102 2488/1163/2148 2487/1164/2149
f 2436/1075/2095 2434/892/2097 2489/1051/2150
f 2206/918/1867 2435/1119/2096 2432/1077/2093
f 2492/1165/2151 2491/1166/2152 2490/1167/2153
f 2487/1164/2149 2488/1163/2148 2493/1168/2154
f 2488/1163/2148 2492/1165/2151 2493/1168/2154
f 2496/1169/2155 2495/1170/2156 2494/1171/2157
f 2429/1114/2089 2428/1115/2090 2497/1172/2158
f 2286/997/1947 2498/1173/2159 2204/914/1863
f 2332/1036/1993 2338/1041/2000 2499/1174/2160
f 2338/1041/2000 2501/1175/2161 2500/1176/2162
f 2200/912/1861 2457/1083/2118 2343/1044/2006
f 2499/1174/2160 2338/1041/2000 2500/1176/2162
f 2404/1093/2064 2477/1154/2138 2428/1115/2090
f 2475/1129/2136 2176/893/1837 2356/1051/2017
f 2210/920/1869 2476/1130/2135 2209/921/1870
f 2476/1130/2135 2474/1128/2137 2209/921/1870
f 2343/1044/2006 2344/1043/2005 2200/912/1861
f 2344/1043/2005 2199/913/1862 2200/912/1861
f 2344/1043/2005 2502/914/2163 2199/913/1862
f 2387/1077/2047 2503/919/2164 2342/914/2001
f 2503/919/2164 2504/1141/2165 2342/914/2001
f 2374/1070/2036 2294/1006/1956 2505/1177/2166
f 2294/1006/1956 2292/1003/1953 2505/1177/2166
f 2461/1143/2122 2271/983/1932 2478/1155/2139
f 2271/983/1932 2294/1006/1956 2478/1155/2139
f 2294/1006/1956 2374/1070/2036 2478/1155/2139
f 2374/1070/2036 2313/1022/1972 2478/1155/2139
f 2235/949/1898 2236/948/1897 2505/1177/2166
f 2236/948/1897 2374/1070/2036 2505/1177/2166
f 2236/948/1897 2174/889/1833 2375/1069/2035
f 2174/889/1833 2274/986/1935 2375/1069/2035
f 2437/1120/2098 2195/906/1854 2189/903/1848
f 2507/1178/2167 2364/1059/2025 2506/1179/2168
f 2455/1137/2115 2473/1153/2134 2506/1179/2168
f 2246/956/1905 2335/1038/1995 2276/989/1938
f 2510/1180/2169 2509/1181/2170 2508/1182/2171
f 2509/1181/2170 2482/1157/2141 2508/1182/2171
f 2484/1160/2145 2485/1162/2147 2511/1183/2172
f 2485/1162/2147 2512/1184/2173 2511/1183/2172
f 2438/1122/2100 2440/1123/2101 2513/1185/2174
f 2440/1123/2101 2514/1186/2175 2513/1185/2174
f 2271/983/1932 2293/1004/1954 2295/1005/1955
f 2217/931/1880 2285/996/1946 2211/925/1874
f 2283/992/1942 2222/932/1881 2282/993/1943
f 2173/890/1834 2174/889/1833 2237/947/1896
f 2183/897/1842 2181/899/1844 2352/1048/2012
f 2181/899/1844 2182/898/1843 2297/1008/1958
f 2462/1144/2123 2170/887/1831 2464/1146/2125
f 2310/1019/1969 2350/1047/2011 2309/1020/1970
f 2198/909/1857 2192/902/1851 2411/1100/2071
f 2192/902/1851 2410/1101/2072 2411/1100/2071
f 2413/1101/2074 2184/902/1847 2415/1100/2075
f 2184/902/1847 2427/909/2088 2415/1100/2075
f 2395/1085/2056 2388/1080/2050 2397/1088/2059
f 2388/1080/2050 2389/1079/2049 2397/1088/2059
f 2228/938/1887 2360/1053/2019 2433/1118/2094
f 2491/1166/2152 2492/1165/2151 2488/1163/2148
f 2491/1166/2152 2358/1055/2021 2515/1187/2176
f 2431/1117/2092 2202/916/1865 2516/1078/2177
f 2282/993/1943 2222/932/1881 2173/890/1834
f 2222/932/1881 2220/934/1883 2402/1092/2063
f 2235/949/1898 2282/993/1943 2237/947/1896
f 2282/993/1943 2173/890/1834 2237/947/1896
f 2408/1099/2070 2426/1113/2087 2456/1139/2117
f 2426/1113/2087 2466/1148/2127 2456/1139/2117
f 2465/1147/2126 2401/1090/2061 2439/1121/2099
f 2401/1090/2061 2400/1091/2062 2439/1121/2099
f 2230/942/1891 2217/931/1880 2409/1098/2069
f 2217/931/1880 2211/925/1874 2293/1004/1954
f 2293/1004/1954 2211/925/1874 2295/1005/1955
f 2211/925/1874 2292/1003/1953 2295/1005/1955
f 2250/962/1911 2277/988/1937 2249/963/1912
f 2518/1188/2178 2361/1057/2023 2517/1189/2179
f 2361/1057/2023 2364/1059/2025 2507/1178/2167
f 2393/1044/2055 2349/912/2010 2286/997/1947
f 2349/912/2010 2498/1173/2159 2286/997/1947
f 2361/1057/2023 2507/1178/2167 2517/1189/2179
f 2392/1083/2053 2349/912/2010 2393/1044/2055
f 2223/937/1886 2416/1103/2077 2383/1074/2044
f 2416/1103/2077 2339/1040/1999 2383/1074/2044
f 2362/1056/2022 2287/998/1948 2363/1058/2024
f 2287/998/1948 2232/944/1893 2363/1058/2024
f 2177/892/1836 2519/1119/2180 2384/1075/2045
f 2520/1190/2181 2429/1114/2089 2497/1172/2158
f 2520/1190/2181 2495/1170/2156 2429/1114/2089
f 2261/975/1924 2262/974/1923 2385/1076/2046
f 2495/1170/2156 2496/1169/2155 2333/1037/1994
f 2386/1078/2048 2340/916/2003 2521/1117/2182
f 2470/1151/2130 2460/1142/2121 2522/1191/2183
f 2460/1142/2121 2523/1108/2184 2522/1191/2183
f 2525/1192/2185 2368/1063/2029 2524/1192/2186
f 2368/1063/2029 2467/1150/2129 2524/1192/2186
f 2337/1030/1997 2318/1029/1979 2336/1028/1998
f 2318/1029/1979 2316/1025/1975 2336/1028/1998
f 2189/903/1848 2187/905/1850 2437/1120/2098
f 2453/1135/2113 2254/964/1913 2252/966/1915
f 2186/900/1845 2382/1046/2043 2457/1083/2118
f 2514/1186/2175 2332/1036/1993 2499/1174/2160
f 2416/1103/2077 2244/958/1907 2339/1040/1999
f 2244/958/1907 2263/973/1922 2339/1040/1999
f 2359/1054/2020 2239/951/1900 2362/1056/2022
f 2239/951/1900 2287/998/1948 2362/1056/2022
f 2505/1177/2166 2292/1003/1953 2299/1009/1959
f 2292/1003/1953 2212/924/1873 2299/1009/1959
f 2284/995/1945 2235/949/1898 2291/1001/1951
f 2235/949/1898 2505/1177/2166 2291/1001/1951
f 2527/892/2187 2526/893/2188 2434/892/2097
f 2526/893/2188 2489/1051/2150 2434/892/2097
f 2349/912/2010 2279/912/1940 2498/1173/2159
f 2391/1081/2051 2268/980/1929 2270/984/1933
f 2268/980/1929 2269/979/1928 2270/984/1933
f 2367/1061/2027 2365/1060/2026 2323/1034/1984
f 2365/1060/2026 2380/1072/2041 2323/1034/1984
f 2247/959/1908 2225/935/1884 2220/934/1883
f 2225/935/1884 2400/1091/2062 2220/934/1883
f 2408/1099/2070 2234/946/1895 2230/942/1891
f 2234/946/1895 2458/1140/2119 2230/942/1891
f 2234/946/1895 2233/943/1892 2458/1140/2119
f 2471/921/2132 2472/1130/2133 2528/922/2189
f 2529/914/2190 2432/1077/2093 2516/1078/2177
f 2490/1167/2153 2491/1166/2152 2515/1187/2176
f 2276/989/1938 2278/990/1939 2246/956/1905
f 2278/990/1939 2245/957/1906 2246/956/1905
f 2449/1132/2110 2390/1082/2052 2448/1133/2111
f 2390/1082/2052 2391/1081/2051 2469/1152/2131
f 2380/1072/2041 2381/1073/2042 2468/1149/2128
f 2381/1073/2042 2449/1132/2110 2530/1193/2191
f 2258/972/1921 2259/971/1920 2531/1194/2192
f 2390/1082/2052 2469/1152/2131 2448/1133/2111
f 2469/1152/2131 2470/1151/2130 2448/1133/2111
f 2467/1150/2129 2468/1149/2128 2530/1193/2191
f 2468/1149/2128 2381/1073/2042 2530/1193/2191
f 2481/1158/2142 2300/1012/1962 2480/1159/2143
f 2300/1012/1962 2301/1011/1961 2486/1161/2146
f 2300/1012/1962 2481/1158/2142 2312/1023/1973
f 2481/1158/2142 2482/1157/2141 2509/1181/2170
f 2526/893/2188 2446/1129/2107 2489/1051/2150
f 2444/1126/2104 2442/1124/2102 2487/1164/2149
f 2516/1078/2177 2202/916/1865 2529/914/2190
f 2202/916/1865 2203/915/1864 2529/914/2190
f 2176/893/1837 2210/920/1869 2532/1195/2193
f 2361/1057/2023 2518/1188/2178 2533/1196/2194
f 2394/1084/2054 2286/997/1947 2431/1117/2092
f 2521/1117/2182 2340/916/2003 2344/1043/2005
f 2340/916/2003 2502/914/2163 2344/1043/2005
f 2442/1124/2102 2433/1118/2094 2488/1163/2148
f 2433/1118/2094 2491/1166/2152 2488/1163/2148
f 2255/969/1918 2289/1000/1950 2355/1050/2016
f 2289/1000/1950 2433/1118/2094 2355/1050/2016
f 2495/1170/2156 2385/1076/2046 2429/1114/2089
f 2385/1076/2046 2404/1093/2064 2429/1114/2089
f 2385/1076/2046 2264/977/1926 2357/1052/2018
f 2264/977/1926 2255/969/1918 2357/1052/2018
f 2283/992/1942 2215/927/1876 2296/1007/1957
f 2340/916/2003 2341/915/2002 2502/914/2163
f 2186/900/1845 2201/912/1860 2185/901/1846
f 2515/1187/2176 2358/1055/2021 2533/1196/2194
f 2358/1055/2021 2361/1057/2023 2533/1196/2194
f 2338/1041/2000 2333/1037/1994 2534/1197/2195
f 2333/1037/1994 2496/1169/2155 2534/1197/2195
f 2300/1012/1962 2327/1035/1988 2275/985/1934
f 2327/1035/1988 2374/1070/2036 2275/985/1934
f 2422/1107/2081 2470/1151/2130 2421/1108/2082
f 2470/1151/2130 2522/1191/2183 2421/1108/2082
f 2470/1151/2130 2422/1107/2081 2448/1133/2111
f 2422/1107/2081 2450/1131/2109 2448/1133/2111
f 2262/974/1923 2227/939/1888 2265/976/1925
f 2227/939/1888 2228/938/1887 2265/976/1925
f 2311/1024/1974 2312/1023/1973 2509/1181/2170
f 2312/1023/1973 2481/1158/2142 2509/1181/2170
f 2486/1161/2146 2301/1011/1961 2485/1162/2147
f 2301/1011/1961 2273/987/1936 2485/1162/2147
f 2390/1082/2052 2449/1132/2110 2388/1080/2050
f 2449/1132/2110 2381/1073/2042 2388/1080/2050
f 2524/1192/2186 2467/1150/2129 2419/1104/2078
f 2467/1150/2129 2418/1105/2079 2419/1104/2078
f 2256/968/1917 2257/967/1916 2303/1013/1963
f 2257/967/1916 2302/1014/1964 2303/1013/1963
f 2354/918/2014 2387/1077/2047 2519/1119/2180
f 2494/1171/2157 2495/1170/2156 2520/1190/2181
f 2215/927/1876 2283/992/1942 2214/928/1877
f 2283/992/1942 2281/994/1944 2214/928/1877
f 2213/923/1872 2285/996/1946 2260/970/1919
f 2285/996/1946 2259/971/1920 2260/970/1919
f 2469/1152/2131 2391/1081/2051 2460/1142/2121
f 2391/1081/2051 2270/984/1933 2460/1142/2121
f 2323/1034/1984 2380/1072/2041 2368/1063/2029
f 2380/1072/2041 2468/1149/2128 2368/1063/2029
f 2425/1111/2085 2418/1105/2079 2450/1131/2109
f 2418/1105/2079 2467/1150/2129 2530/1193/2191
f 2344/1043/2005 2345/1042/2004 2521/1117/2182
f 2501/1175/2161 2338/1041/2000 2534/1197/2195
f 2526/893/2188 2527/892/2187 2535/893/2196
f 2511/1183/2172 2512/1184/2173 2525/1192/2185
f 2512/1184/2173 2368/1063/2029 2525/1192/2185
f 2460/1142/2121 2510/1180/2169 2523/1108/2184
f 2510/1180/2169 2508/1182/2171 2523/1108/2184
f 2323/1034/1984 2172/891/1835 2367/1061/2027
f 2172/891/1835 2402/1092/2063 2367/1061/2027
f 2409/1098/2069 2272/982/1931 2269/979/1928
f 2272/982/1931 2270/984/1933 2269/979/1928
f 2262/974/1923 2245/957/1906 2226/940/1889
f 2245/957/1906 2278/990/1939 2226/940/1889
f 2278/990/1939 2238/952/1901 2226/940/1889
f 2238/952/1901 2228/938/1887 2226/940/1889
f 2519/1119/2180 2177/892/1836 2354/918/2014
f 2177/892/1836 2175/892/1838 2354/918/2014
f 2272/982/1931 2409/1098/2069 2293/1004/1954
f 2409/1098/2069 2217/931/1880 2293/1004/1954
f 2222/932/1881 2402/1092/2063 2173/890/1834
f 2402/1092/2063 2172/891/1835 2173/890/1834
f 2449/1132/2110 2450/1131/2109 2530/1193/2191
f 2450/1131/2109 2418/1105/2079 2530/1193/2191
f 2420/1109/2083 2425/1111/2085 2422/1107/2081
f 2425/1111/2085 2450/1131/2109 2422/1107/2081
f 2225/935/1884 2332/1036/1993 2440/1123/2101
f 2332/1036/1993 2514/1186/2175 2440/1123/2101
f 2506/1179/2168 2364/1059/2025 2455/1137/2115
f 2364/1059/2025 2234/946/1895 2455/1137/2115
f 2435/1119/2096 2206/918/1867 2434/892/2097
f 2206/918/1867 2527/892/2187 2434/892/2097
f 2485/1162/2147 2273/987/1936 2512/1184/2173
f 2273/987/1936 2368/1063/2029 2512/1184/2173
f 2460/1142/2121 2311/1024/1974 2510/1180/2169
f 2311/1024/1974 2509/1181/2170 2510/1180/2169
f 2342/914/2001 2504/1141/2165 2341/915/2002
f 2271/983/1932 2461/1143/2122 2270/984/1933
f 2461/1143/2122 2311/1024/1974 2270/984/1933
f 2273/987/1936 2274/986/1935 2323/1034/1984
f 2274/986/1935 2174/889/1833 2323/1034/1984
f 2385/1076/2046 2357/1052/2018 2404/1093/2064
f 2357/1052/2018 2256/968/1917 2404/1093/2064
f 2302/1014/1964 2355/1050/2016 2442/1124/2102
f 2355/1050/2016 2433/1118/2094 2442/1124/2102
f 2296/1007/1957 2280/991/1941 2283/992/1942
f 2280/991/1941 2222/932/1881 2283/992/1942
f 2217/931/1880 2218/930/1879 2285/996/1946
f 2218/930/1879 2248/960/1909 2285/996/1946
f 2484/1160/2145 2480/1159/2143 2486/1161/2146
f 2480/1159/2143 2300/1012/1962 2486/1161/2146
f 2223/937/1886 2242/954/1903 2416/1103/2077
f 2242/954/1903 2334/1039/1996 2416/1103/2077
f 2250/962/1911 2251/961/1910 2287/998/1948
f 2251/961/1910 2232/944/1893 2287/998/1948
f 2433/1118/2094 2360/1053/2019 2491/1166/2152
f 2360/1053/2019 2358/1055/2021 2491/1166/2152
f 2333/1037/1994 2261/975/1924 2495/1170/2156
f 2261/975/1924 2385/1076/2046 2495/1170/2156
f 2206/918/1867 2207/917/1866 2527/892/2187
f 2459/1141/2120 2205/919/1868 2529/914/2190
f 2205/919/1868 2432/1077/2093 2529/914/2190
f 2529/914/2190 2203/915/1864 2459/1141/2120
f 2353/917/2015 2503/919/2164 2354/918/2014
f 2503/919/2164 2387/1077/2047 2354/918/2014
f 2503/919/2164 2353/917/2015 2504/1141/2165
f 2446/1129/2107 2526/893/2188 2445/1130/2108
f 2526/893/2188 2472/1130/2133 2445/1130/2108
f 2526/893/2188 2535/893/2196 2472/1130/2133
f 2210/920/1869 2176/893/1837 2476/1130/2135
f 2176/893/1837 2475/1129/2136 2476/1130/2135
f 2176/893/1837 2532/1195/2193 2175/892/1838

usemtl hair
f 1656/1198/2197 1655/1199/2197 1654/1200/2197
f 1659/1200/2198 1658/1199/2198 1657/1198/2198
f 1662/1201/2199 1661/1202/2200 1660/1203/2201
f 1665/1204/2202 1664/929/2203 1663/1205/2204
f 1668/1206/2205 1667/1207/2206 1666/1208/2207
f 1671/1209/2208 1670/1210/2209 1669/1211/2210
f 1674/1212/2211 1673/1213/2212 1672/1214/2213
f 1677/1215/2214 1676/1216/2215 1675/1217/2216
f 1676/1216/2215 1677/1215/2214 1678/1218/2217
f 1680/1219/2218 1679/1220/2219 1676/1216/2215
f 1683/1221/2220 1682/1222/2221 1681/1223/2222
f 1682/1222/2221 1685/1224/2223 1684/1225/2224
f 1688/1226/2225 1687/1227/2226 1686/1228/2227
f 1691/1229/2228 1690/1230/2229 1689/1231/2230
f 1694/1232/2231 1693/1233/2232 1692/1234/2233
f 1697/1203/2234 1696/1201/2235 1695/1235/2236
f 1699/1202/2237 1698/1236/2238 1696/1201/2235
f 1702/1204/2239 1701/1205/2240 1700/929/2241
f 1705/1206/2242 1704/1208/2243 1703/1207/2244
f 1708/1209/2245 1707/1211/2246 1706/1210/2247
f 1711/1212/2248 1710/1214/2249 1709/1213/2250
f 1714/1215/2251 1713/1217/2252 1712/1216/2253
f 1717/1237/2254 1716/1238/2255 1715/1239/2256
f 1716/1238/2255 1717/1237/2254 1718/1240/2257
f 1720/1219/2258 1712/1216/2253 1719/1220/2259
f 1723/1221/2260 1722/1223/2261 1721/1222/2262
f 1721/1222/2262 1725/1225/2263 1724/1224/2264
f 1728/1226/2265 1727/1228/2266 1726/1227/2267
f 1731/1229/2268 1730/1231/2269 1729/1230/2270
f 1734/1241/2271 1733/1233/2272 1732/1242/2273
f 1737/1243/2274 1736/1244/2275 1735/1245/2276
f 1736/1244/2275 1737/1243/2274 1738/1246/2277
f 1740/1247/2278 1738/1246/2277 1739/1248/2279
f 1742/1249/2280 1739/1248/2279 1741/1250/2281
f 1744/1251/2282 1743/1252/2283 1742/1249/2280
f 1743/1252/2283 1746/1253/2284 1745/1254/2285
f 1749/1255/2286 1748/1256/2287 1747/1257/2288
f 1751/1258/2289 1747/1257/2288 1750/1259/2290
f 1750/1259/2290 1753/1260/2291 1752/1261/2292
f 1756/1262/2293 1755/1263/2294 1754/1264/2295
f 1759/1265/2296 1758/1266/2297 1757/1267/2298
f 1762/1268/2299 1761/1269/2300 1760/1270/2301
f 1765/1271/2302 1764/1272/2303 1763/1273/2304
f 1768/1274/2305 1767/1275/2306 1766/1276/2307
f 1771/1277/2308 1770/1278/2309 1769/1279/2310
f 1769/1279/2310 1773/1280/2311 1772/1281/2312
f 1773/1280/2311 1775/1282/2313 1774/1283/2314
f 1778/1284/2315 1777/1285/2316 1776/1286/2317
f 1777/1285/2316 1780/1287/2318 1779/1288/2319
f 1783/1289/2320 1782/1290/2321 1781/1291/2322
f 1783/1289/2320 1784/1292/2323 1782/1290/2321
f 1787/1293/2324 1786/1294/2325 1785/1295/2326
f 1790/1296/2327 1789/1296/2328 1788/1296/2329
f 1789/1296/2328 1792/1297/2330 1791/1296/2331
f 1792/1297/2330 1790/1296/2327 1788/1296/2329
f 1795/1298/2332 1794/1299/2333 1793/1300/2334
f 1798/1301/2335 1797/1302/2336 1796/1303/2337
f 1800/1304/2338 1795/1298/2332 1799/1305/2339
f 1803/1306/2340 1802/1307/2341 1801/1308/2342
f 1806/1309/2343 1805/1310/2344 1804/1311/2345
f 1808/1310/2346 1806/1309/2343 1807/1311/2347
f 1806/1309/2343 1808/1310/2346 1809/1312/2348
f 1807/1311/2347 1810/1312/2349 1808/1310/2346
f 1810/1312/2349 1804/1311/2345 1811/1310/2350
f 1804/1311/2345 1810/1312/2349 1812/1309/2351
f 1815/1309/2352 1814/1310/2353 1813/1312/2354
f 1814/1310/2353 1815/1309/2352 1816/1311/2355
f 1815/1309/2352 1818/1310/2356 1817/1311/2357
f 1818/1310/2356 1815/1309/2352 1813/1312/2354
f 1819/1312/2358 1817/1311/2357 1818/1310/2356
f 1819/1312/2358 1816/1311/2355 1820/1309/2359
f 1823/1313/2360 1822/1314/2361 1821/1315/2362
f 1826/1296/2363 1825/1296/2364 1824/1296/2365
f 1824/1296/2365 1828/1296/2366 1827/1297/2367
f 1826/1296/2363 1827/1297/2367 1825/1296/2364
f 1831/1299/2368 1830/1298/2369 1829/1300/2370
f 1834/1302/2371 1833/1301/2372 1832/1303/2373
f 1837/1316/2374 1836/1317/2375 1835/1304/2376
f 1840/1308/2377 1839/1318/2378 1838/1319/2379
f 1843/1320/2380 1842/1321/2381 1841/1322/2382
f 1846/1323/2383 1845/1324/2384 1844/1325/2385
f 1846/1323/2383 1844/1325/2385 1847/1326/2386
f 1850/1327/2387 1849/1328/2388 1848/1329/2389
f 1852/1330/2390 1851/1331/2391 1850/1327/2387
f 1855/1327/2392 1854/1328/2393 1853/1332/2394
f 1856/1333/2395 1850/1327/2387 1851/1331/2391
f 1859/1334/2396 1858/1335/2397 1857/1336/2398
f 1862/1337/2399 1861/1338/2400 1860/1339/2401
f 1789/1296/2328 1790/1296/2327 1863/1338/2402
f 1866/1338/2403 1865/1338/2404 1864/1340/2405
f 1865/1338/2404 1868/1297/2406 1867/1337/2407
f 1871/1238/2408 1870/1240/2409 1869/1237/2410
f 1874/1341/2411 1873/1342/2412 1872/1343/2413
f 1681/1223/2222 1875/1344/2414 1683/1221/2220
f 1876/1345/2415 1872/1343/2413 1873/1342/2412
f 1879/1346/2416 1878/1347/2417 1877/1348/2418
f 1664/929/2203 1665/1204/2202 1880/1349/2419
f 1883/1343/2420 1882/1345/2421 1881/1342/2422
f 1884/1344/2423 1722/1223/2261 1723/1221/2260
f 1881/1342/2422 1885/1341/2424 1883/1343/2420
f 1886/1350/2425 1718/1240/2257 1717/1237/2254
f 1888/1351/2426 1887/1352/2427 1700/929/2241
f 1891/1347/2428 1890/1346/2429 1889/1348/2430
f 1894/1353/2431 1893/1354/2432 1892/1355/2433
f 1896/1323/2434 1853/1332/2394 1895/1356/2435
f 1739/1248/2279 1897/1357/2436 1740/1247/2278
f 1900/1358/2437 1899/1359/2438 1898/1360/2439
f 1902/1351/2440 1664/929/2203 1901/1352/2441
f 1905/1361/2442 1904/1362/2443 1903/1363/2444
f 1908/1364/2445 1907/1365/2445 1906/1366/2445
f 1904/1362/2443 1905/1361/2442 1909/1367/2446
f 1758/1266/2297 1911/1368/2447 1910/1369/2448
f 1913/1370/2449 1900/1358/2437 1912/1371/2450
f 1729/1230/2270 1730/1231/2269 1914/1372/2451
f 1881/1342/2422 1882/1345/2421 1891/1347/2428
f 1876/1345/2415 1873/1342/2412 1878/1347/2417
f 1689/1231/2230 1690/1230/2229 1915/1372/2452
f 1689/1231/2230 1915/1372/2452 1878/1347/2417
f 1901/1352/2441 1905/1361/2442 1903/1363/2444
f 1917/1361/2453 1887/1352/2427 1916/1363/2454
f 1914/1372/2451 1730/1231/2269 1891/1347/2428
f 1878/1347/2417 1879/1346/2416 1876/1345/2415
f 1875/1344/2414 1681/1223/2222 1918/1373/2455
f 1921/1307/2456 1920/1374/2457 1919/1306/2458
f 1834/1302/2371 1836/1317/2375 1837/1316/2374
f 1923/1317/2459 1797/1302/2336 1922/1316/2460
f 1924/1374/2461 1802/1307/2341 1803/1306/2340
f 1722/1223/2261 1884/1344/2423 1925/1373/2462
f 1890/1346/2429 1891/1347/2428 1882/1345/2421
f 1667/1207/2206 1668/1206/2205 1926/1375/2463
f 1671/1209/2208 1669/1211/2210 1927/1376/2464
f 1816/1311/2355 1819/1312/2358 1928/1310/2465
f 1819/1312/2358 1820/1309/2359 1817/1311/2357
f 1702/1204/2239 1700/929/2241 1929/1349/2466
f 1932/1365/2467 1931/1364/2467 1930/1366/2467
f 1806/1309/2343 1809/1312/2348 1805/1310/2344
f 1810/1312/2349 1807/1311/2347 1812/1309/2351
f 1844/1325/2385 1934/1354/2468 1933/1355/2469
f 1937/1377/2470 1936/1378/2471 1935/1379/2472
f 1849/1328/2388 1850/1327/2387 1938/1332/2473
f 1846/1323/2383 1847/1326/2386 1939/1356/2474
f 1937/1377/2470 1941/1380/2475 1940/1381/2476
f 1894/1353/2431 1892/1355/2433 1942/1379/2477
f 1662/1201/2199 1660/1203/2201 1943/1235/2478
f 1946/1382/2479 1945/1383/2480 1944/1384/2481
f 1949/1383/2482 1948/1382/2483 1947/1384/2484
f 1950/1385/2485 1697/1203/2234 1695/1235/2236
f 1947/1384/2484 1948/1382/2483 1951/1386/2486
f 1948/1382/2483 1952/1387/2487 1951/1386/2486
f 1954/1376/2488 1708/1209/2245 1953/1388/2489
f 1705/1206/2242 1703/1207/2244 1955/1375/2490
f 1957/1239/2491 1946/1382/2479 1956/1387/2492
f 1946/1382/2479 1944/1384/2481 1958/1386/2493
f 1869/1237/2410 1957/1239/2491 1871/1238/2408
f 1661/1202/2200 1662/1201/2199 1959/1236/2494
f 1781/1291/2322 1779/1288/2319 1960/1389/2495
f 1892/1355/2433 1893/1354/2432 1961/1325/2496
f 1958/1386/2493 1944/1384/2481 1962/1390/2497
f 1872/1343/2413 1876/1345/2415 1688/1226/2225
f 1869/1237/2410 1963/1350/2498 1945/1383/2480
f 1691/1229/2228 1689/1231/2230 1874/1341/2411
f 1965/1391/2499 1757/1267/2298 1964/1392/2500
f 1919/1306/2458 1920/1374/2457 1834/1302/2371
f 1920/1374/2457 1833/1301/2372 1834/1302/2371
f 1798/1301/2335 1924/1374/2461 1797/1302/2336
f 1924/1374/2461 1803/1306/2340 1797/1302/2336
f 1758/1266/2297 1966/1393/2501 1911/1368/2447
f 1899/1359/2438 1900/1358/2437 1913/1370/2449
f 1730/1231/2269 1731/1229/2268 1885/1341/2424
f 1886/1350/2425 1717/1237/2254 1949/1383/2482
f 1882/1345/2421 1883/1343/2420 1728/1226/2265
f 1947/1384/2484 1951/1386/2486 1967/1390/2502
f 1969/1367/2503 1917/1361/2453 1968/1362/2504
f 1917/1361/2453 1916/1363/2454 1968/1362/2504
f 1728/1226/2265 1726/1227/2267 1882/1345/2421
f 1925/1373/2462 1884/1344/2423 1970/1394/2505
f 1890/1346/2429 1882/1345/2421 1971/1395/2506
f 1882/1345/2421 1726/1227/2267 1971/1395/2506
f 1875/1344/2414 1918/1373/2455 1972/1394/2507
f 1687/1227/2226 1688/1226/2225 1876/1345/2415
f 1687/1227/2226 1876/1345/2415 1973/1395/2508
f 1876/1345/2415 1879/1346/2416 1973/1395/2508
f 1948/1382/2483 1715/1239/2256 1952/1387/2487
f 1699/1202/2237 1696/1201/2235 1697/1203/2234
f 1974/1353/2509 1935/1379/2472 1933/1355/2469
f 1744/1251/2282 1742/1249/2280 1741/1250/2281
f 1861/1338/2400 1863/1338/2402 1975/1340/2510
f 1975/1340/2510 1863/1338/2402 1976/1340/2511
f 1831/1299/2368 1839/1318/2378 1830/1298/2369
f 1919/1306/2458 1834/1302/2371 1837/1316/2374
f 1797/1302/2336 1803/1306/2340 1922/1316/2460
f 1977/1318/2512 1794/1299/2333 1795/1298/2332
f 1915/1372/2452 1690/1230/2229 1978/1396/2513
f 1671/1209/2208 1980/1388/2514 1979/1397/2515
f 1953/1388/2489 1708/1209/2245 1981/1397/2516
f 1729/1230/2270 1914/1372/2451 1982/1396/2517
f 1943/1235/2478 1660/1203/2201 1983/1385/2518
f 1956/1387/2492 1946/1382/2479 1958/1386/2493
f 1773/1280/2311 1774/1283/2314 1776/1286/2519
f 1761/1269/2300 1985/1398/2520 1984/1399/2521
f 1664/929/2203 1902/1351/2440 1663/1205/2204
f 1988/1400/2522 1987/1401/2523 1986/1402/2524
f 1991/1340/2511 1990/1403/2525 1989/1403/2526
f 1672/1214/2213 1675/1217/2216 1674/1212/2211
f 1667/1207/2206 1926/1375/2463 1992/1404/2527
f 1995/1405/2528 1994/1404/2529 1993/1406/2530
f 1711/1212/2248 1709/1213/2250 1996/1407/2531
f 1850/1327/2387 1997/1408/2532 1845/1324/2384
f 1857/1336/2398 1941/1380/2475 1937/1377/2470
f 1999/1409/2533 1787/1293/2324 1998/1410/2534
f 1787/1293/2324 1999/1409/2533 1786/1294/2325
f 1777/1285/2316 1779/1288/2319 2000/1411/2535
f 1933/1355/2469 1934/1354/2468 1974/1353/2509
f 1934/1354/2468 2001/1412/2536 1974/1353/2509
f 1934/1354/2468 1997/1408/2532 2001/1412/2536
f 1856/1333/2395 1859/1334/2396 1857/1336/2398
f 1891/1347/2428 1730/1231/2269 1881/1342/2422
f 1730/1231/2269 1885/1341/2424 1881/1342/2422
f 1957/1239/2491 1869/1237/2410 1946/1382/2479
f 1869/1237/2410 1945/1383/2480 1946/1382/2479
f 1865/1338/2404 1867/1337/2407 2002/1339/2537
f 1747/1257/2288 1751/1258/2289 1749/1255/2286
f 1910/1369/2448 1911/1368/2447 2003/1413/2538
f 1661/1202/2200 1959/1236/2494 2004/1414/2539
f 1682/1222/2221 1684/1225/2224 2005/1415/2540
f 1979/1397/2515 1694/1232/2231 1671/1209/2208
f 1694/1232/2231 1692/1234/2233 1671/1209/2208
f 1671/1209/2208 1692/1234/2233 1670/1210/2209
f 1677/1215/2214 1675/1217/2216 1672/1214/2213
f 1961/1325/2496 2006/1324/2541 1896/1323/2434
f 1893/1354/2432 2008/1412/2542 2007/1408/2543
f 1856/1333/2395 1851/1331/2391 1859/1334/2396
f 1855/1327/2392 2006/1324/2541 2007/1408/2543
f 1708/1209/2245 1954/1376/2488 1707/1211/2246
f 1880/1349/2419 1905/1361/2442 1664/929/2203
f 1905/1361/2442 1901/1352/2441 1664/929/2203
f 2011/1416/2544 2010/1417/2545 2009/1418/2546
f 1823/1313/2360 1821/1315/2362 2012/1419/2547
f 1821/1315/2362 1822/1314/2361 2011/1416/2544
f 2013/1420/2548 2010/1417/2545 2011/1416/2544
f 2011/1416/2544 1822/1314/2361 2013/1420/2548
f 1822/1314/2361 2015/1421/2549 2014/1422/2550
f 2017/1423/2551 2016/1424/2552 2010/1417/2545
f 2015/1421/2549 1822/1314/2361 1823/1313/2360
f 2019/1401/2553 2018/1402/2554 1981/1397/2516
f 2020/1425/2555 1704/1208/2243 1705/1206/2242
f 1874/1341/2411 1689/1231/2230 1873/1342/2412
f 1689/1231/2230 1878/1347/2417 1873/1342/2412
f 1869/1237/2410 1870/1240/2409 1963/1350/2498
f 2021/1242/2556 1690/1230/2229 1691/1229/2228
f 1725/1225/2263 1721/1222/2262 2022/1415/2557
f 1698/1236/2238 1699/1202/2237 2023/1414/2558
f 2025/1234/2559 2024/1232/2560 1708/1209/2245
f 2024/1232/2560 1981/1397/2516 1708/1209/2245
f 1949/1383/2482 1717/1237/2254 1948/1382/2483
f 1717/1237/2254 1715/1239/2256 1948/1382/2483
f 1751/1258/2289 2027/1426/2561 2026/1427/2562
f 2027/1426/2561 2029/1428/2563 2028/1429/2564
f 2032/1430/2565 2031/1431/2566 2030/1432/2567
f 2031/1431/2566 1755/1263/2294 1756/1262/2293
f 1764/1272/2303 1765/1271/2302 2033/1433/2568
f 1713/1217/2252 1714/1215/2251 1710/1214/2249
f 2025/1234/2559 1708/1209/2245 1706/1210/2247
f 1779/1288/2319 1781/1291/2322 2000/1411/2535
f 2034/1434/2569 1770/1278/2309 1771/1277/2308
f 1841/1322/2382 1842/1321/2381 2035/1435/2570
f 2036/1436/2571 2034/1434/2569 2035/1435/2570
f 2039/1437/2572 2038/1438/2573 2037/1439/2574
f 1822/1314/2361 2014/1422/2550 2013/1420/2548
f 2017/1423/2551 2010/1417/2545 2013/1420/2548
f 2013/1420/2548 2014/1422/2550 2017/1423/2551
f 2042/1440/2575 2041/1441/2576 2040/1442/2577
f 2040/1442/2577 2044/1443/2578 2043/1444/2579
f 2047/1445/2580 2046/1446/2581 2045/1447/2582
f 2042/1440/2575 2040/1442/2577 2048/1448/2583
f 2040/1442/2577 2043/1444/2579 2048/1448/2583
f 1855/1327/2392 2050/1330/2584 2049/1449/2585
f 2051/1333/2586 1851/1331/2391 1855/1327/2392
f 1851/1331/2391 2050/1330/2584 1855/1327/2392
f 1757/1267/2298 1965/1391/2499 1759/1265/2296
f 1755/1263/2294 2031/1431/2566 2052/1450/2587
f 1929/1349/2466 1700/929/2241 1917/1361/2453
f 1700/929/2241 1887/1352/2427 1917/1361/2453
f 2054/1377/2588 2053/1378/2589 1940/1381/2476
f 1780/1287/2318 1777/1285/2316 1778/1284/2315
f 1913/1370/2449 1912/1371/2450 2055/1451/2590
f 1743/1252/2283 1745/1254/2285 1749/1255/2286
f 2057/1371/2591 1900/1358/2437 2056/1452/2592
f 1900/1358/2437 1898/1360/2439 2032/1430/2565
f 1666/1208/2207 2058/1425/2593 1668/1206/2205
f 1986/1402/2524 1987/1401/2523 1979/1397/2515
f 2014/1422/2550 2015/1421/2549 2045/1447/2582
f 2016/1424/2552 2048/1448/2583 2043/1444/2579
f 1922/1316/2460 1800/1304/2338 1923/1317/2459
f 1710/1214/2249 1711/1212/2248 1713/1217/2252
f 1994/1404/2529 1955/1375/2490 1703/1207/2244
f 2039/1437/2572 2059/1453/2594 2038/1438/2573
f 1855/1327/2392 2049/1449/2585 1854/1328/2393
f 2062/1454/2595 2061/1455/2596 2060/1456/2595
f 2062/1454/2595 2060/1456/2595 2063/1457/2597
f 1861/1338/2400 1975/1340/2510 1860/1339/2401
f 1954/1376/2488 1953/1388/2489 2064/1458/2598
f 1955/1375/2490 1994/1404/2529 1995/1405/2528
f 1673/1213/2212 1674/1212/2211 2065/1407/2599
f 1992/1404/2527 2067/1405/2600 2066/1406/2601
f 1790/1296/2327 1792/1297/2330 2068/1459/2602
f 1792/1297/2330 1789/1296/2328 2069/1297/2603
f 1824/1296/2365 1827/1297/2367 1868/1297/2406
f 1827/1297/2367 1826/1296/2363 2070/1459/2604
f 1857/1336/2398 1858/1335/2397 1941/1380/2475
f 2008/1412/2542 1893/1354/2432 1894/1353/2431
f 1998/1410/2534 1787/1293/2324 2071/1460/2605
f 2073/1461/2606 2072/1462/2607 2071/1460/2605
f 2047/1445/2580 2042/1440/2575 2046/1446/2581
f 2042/1440/2575 2048/1448/2583 2046/1446/2581
f 1712/1216/2253 2074/1218/2608 1714/1215/2251
f 1733/1233/2272 2024/1232/2560 2025/1234/2559
f 1996/1407/2531 1709/1213/2250 2075/1463/2609
f 1707/1211/2246 1954/1376/2488 2076/1464/2610
f 1750/1259/2290 1752/1261/2292 2029/1428/2563
f 1985/1398/2520 1761/1269/2300 2077/1465/2611
f 2020/1425/2555 2078/1466/2612 1704/1208/2243
f 2081/1467/2613 2080/1468/2614 2079/1469/2615
f 1718/1240/2257 1719/1220/2259 1716/1238/2255
f 2080/1468/2614 1725/1225/2263 2022/1415/2557
f 2084/1468/2616 2083/1467/2617 2082/1469/2618
f 2085/1466/2619 2058/1425/2593 1666/1208/2207
f 1684/1225/2224 2084/1468/2616 2005/1415/2540
f 1679/1220/2219 1870/1240/2409 1871/1238/2408
f 1738/1246/2277 1740/1247/2278 1736/1244/2275
f 2030/1432/2567 2031/1431/2566 2086/1470/2620
f 2087/1471/2621 2039/1437/2572 2027/1426/2561
f 2039/1437/2572 2037/1439/2574 2027/1426/2561
f 1845/1324/2384 1846/1323/2383 1850/1327/2387
f 1846/1323/2383 1938/1332/2473 1850/1327/2387
f 2073/1461/2606 2088/1472/2622 2072/1462/2607
f 1910/1369/2448 2003/1413/2538 2089/1473/2623
f 2055/1451/2590 1912/1371/2450 2090/1474/2624
f 2033/1433/2568 1760/1270/2301 1764/1272/2303
f 1775/1282/2313 1773/1280/2311 1769/1279/2310
f 1775/1282/2313 2092/1475/2625 2091/1476/2626
f 2092/1475/2625 1842/1321/2381 1843/1320/2380
f 2092/1475/2625 2093/1477/2627 2091/1476/2626
f 1992/1404/2527 1926/1375/2463 2067/1405/2600
f 1980/1388/2514 1671/1209/2208 1927/1376/2464
f 1980/1388/2514 1927/1376/2464 2094/1458/2628
f 1927/1376/2464 1669/1211/2210 2095/1464/2629
f 1673/1213/2212 2065/1407/2599 2096/1463/2630
f 2099/1478/2631 2098/1479/2632 2097/1480/2633
f 1749/1255/2286 1745/1254/2285 1748/1256/2287
f 1940/1381/2476 2053/1378/2589 2100/1481/2634
f 1853/1332/2394 1896/1323/2434 1855/1327/2392
f 1896/1323/2434 2006/1324/2541 1855/1327/2392
f 1721/1222/2262 1724/1224/2264 1723/1221/2260
f 1929/1349/2466 1917/1361/2453 1969/1367/2503
f 2040/1442/2577 2101/1482/2635 2044/1443/2578
f 2041/1441/2576 2042/1440/2575 2047/1445/2580
f 1919/1306/2458 1840/1308/2377 1921/1307/2456
f 1896/1323/2434 2102/1326/2636 1961/1325/2496
f 1851/1331/2391 1852/1330/2390 2103/1483/2637
f 1850/1327/2387 1848/1329/2389 1852/1330/2390
f 2106/1484/2638 2105/1457/2639 2104/1456/2638
f 2106/1484/2638 2104/1456/2638 2107/1455/2640
f 1905/1361/2442 1880/1349/2419 1909/1367/2446
f 1685/1224/2223 1682/1222/2221 1683/1221/2220
f 2109/1479/2641 2098/1479/2632 2108/1485/2642
f 2111/1485/2643 2110/1459/2644 2108/1485/2642
f 2108/1485/2642 2110/1459/2644 2070/1459/2604
f 2110/1459/2644 2112/1459/2645 2070/1459/2604
f 2114/1486/2646 1936/1378/2471 2113/1487/2647
f 1940/1381/2476 2100/1481/2634 2113/1487/2647
f 1733/1233/2272 1734/1241/2271 2019/1401/2553
f 1734/1241/2271 2115/1400/2648 2019/1401/2553
f 1861/1338/2400 1862/1337/2399 2069/1297/2603
f 2117/1459/2649 2116/1459/2650 2068/1459/2602
f 2116/1459/2650 2118/1485/2651 2068/1459/2602
f 1988/1400/2522 2119/1241/2652 1987/1401/2523
f 2119/1241/2652 1693/1233/2232 1987/1401/2523
f 1863/1338/2402 1861/1338/2400 1789/1296/2328
f 1861/1338/2400 2069/1297/2603 1789/1296/2328
f 1800/1304/2338 1922/1316/2460 1795/1298/2332
f 1922/1316/2460 1803/1306/2340 1795/1298/2332
f 1734/1241/2271 1982/1396/2517 2115/1400/2648
f 1888/1351/2426 1700/929/2241 1701/1205/2240
f 1888/1351/2426 1701/1205/2240 2120/1488/2653
f 2121/1489/2654 2078/1466/2612 2020/1425/2555
f 2019/1401/2553 2115/1400/2648 2018/1402/2554
f 2120/1488/2653 2121/1489/2654 2020/1425/2555
f 1775/1282/2313 1769/1279/2310 2092/1475/2625
f 1769/1279/2310 1770/1278/2309 2092/1475/2625
f 2085/1466/2619 2122/1489/2655 2058/1425/2593
f 2122/1489/2655 2123/1488/2656 2058/1425/2593
f 1663/1205/2204 1902/1351/2440 2123/1488/2656
f 1978/1396/2513 2119/1241/2652 1988/1400/2522
f 1942/1379/2477 2054/1377/2588 1894/1353/2431
f 2054/1377/2588 2124/1336/2657 1894/1353/2431
f 1840/1308/2377 1919/1306/2458 1839/1318/2378
f 1919/1306/2458 1830/1298/2369 1839/1318/2378
f 1919/1306/2458 1837/1316/2374 1830/1298/2369
f 1837/1316/2374 1835/1304/2376 1830/1298/2369
f 1786/1294/2325 1999/1409/2533 1768/1274/2305
f 1999/1409/2533 1767/1275/2306 1768/1274/2305
f 2116/1459/2650 2125/1485/2658 2118/1485/2651
f 1862/1337/2399 1860/1339/2401 2126/1479/2659
f 1830/1298/2369 1835/1304/2376 2127/1305/2660
f 2125/1485/2658 2126/1479/2659 2118/1485/2651
f 2118/1485/2651 2126/1479/2659 2128/1479/2661
f 2126/1479/2659 2130/1478/2662 2129/1480/2663
f 2126/1479/2659 2129/1480/2663 2128/1479/2661
f 1844/1325/2385 1845/1324/2384 1934/1354/2468
f 1845/1324/2384 1997/1408/2532 1934/1354/2468
f 2007/1408/2543 2006/1324/2541 1893/1354/2432
f 2006/1324/2541 1961/1325/2496 1893/1354/2432
f 1868/1297/2406 1865/1338/2404 1824/1296/2365
f 1865/1338/2404 1866/1338/2403 1824/1296/2365
f 1795/1298/2332 1803/1306/2340 1977/1318/2512
f 1803/1306/2340 1801/1308/2342 1977/1318/2512
f 1751/1258/2289 1750/1259/2290 2027/1426/2561
f 1750/1259/2290 2029/1428/2563 2027/1426/2561
f 1937/1377/2470 2001/1412/2536 1857/1336/2398
f 2001/1412/2536 1856/1333/2395 1857/1336/2398
f 2001/1412/2536 1997/1408/2532 1856/1333/2395
f 1997/1408/2532 1850/1327/2387 1856/1333/2395
f 1965/1391/2499 1964/1392/2500 2131/1490/2664
f 1782/1290/2321 1784/1292/2323 2132/1491/2665
f 1979/1397/2515 1987/1401/2523 1694/1232/2231
f 1987/1401/2523 1693/1233/2232 1694/1232/2231
f 1733/1233/2272 2019/1401/2553 2024/1232/2560
f 2019/1401/2553 1981/1397/2516 2024/1232/2560
f 2069/1297/2603 1862/1337/2399 2125/1485/2658
f 1862/1337/2399 2126/1479/2659 2125/1485/2658
f 2045/1447/2582 2046/1446/2581 2014/1422/2550
f 2046/1446/2581 2017/1423/2551 2014/1422/2550
f 2046/1446/2581 2048/1448/2583 2017/1423/2551
f 2048/1448/2583 2016/1424/2552 2017/1423/2551
f 1898/1360/2439 1899/1359/2438 2052/1450/2587
f 1966/1393/2501 1758/1266/2297 1759/1265/2296
f 2035/1435/2570 1842/1321/2381 2036/1436/2571
f 1842/1321/2381 2092/1475/2625 2036/1436/2571
f 1865/1338/2404 2002/1339/2537 1864/1340/2405
f 2002/1339/2537 1867/1337/2407 2098/1479/2632
f 1867/1337/2407 1868/1297/2406 2111/1485/2643
f 1936/1378/2471 2114/1486/2646 2133/1492/2666
f 1746/1253/2284 1743/1252/2283 1744/1251/2282
f 2008/1412/2542 2051/1333/2586 2007/1408/2543
f 2051/1333/2586 1855/1327/2392 2007/1408/2543
f 1894/1353/2431 2124/1336/2657 2008/1412/2542
f 2124/1336/2657 2051/1333/2586 2008/1412/2542
f 2111/1485/2643 1868/1297/2406 2110/1459/2644
f 1868/1297/2406 2112/1459/2645 2110/1459/2644
f 2117/1459/2649 2069/1297/2603 2116/1459/2650
f 2069/1297/2603 2125/1485/2658 2116/1459/2650
f 2092/1475/2625 1843/1320/2380 2093/1477/2627
f 1843/1320/2380 1841/1322/2382 2093/1477/2627
f 2119/1241/2652 2021/1242/2556 1693/1233/2232
f 2134/1493/2667 1963/1350/2498 1870/1240/2409
f 2134/1493/2667 1680/1219/2218 1678/1218/2217
f 1680/1219/2218 1676/1216/2215 1678/1218/2217
f 1729/1230/2270 1732/1242/2273 1731/1229/2268
f 2135/1493/2668 1718/1240/2257 1886/1350/2425
f 1712/1216/2253 1720/1219/2258 2074/1218/2608
f 1720/1219/2258 2135/1493/2668 2074/1218/2608
f 1933/1355/2469 1935/1379/2472 2133/1492/2666
f 1935/1379/2472 1936/1378/2471 2133/1492/2666
f 2100/1481/2634 1942/1379/2477 2136/1494/2669
f 1942/1379/2477 1892/1355/2433 2136/1494/2669
f 1824/1296/2365 1866/1338/2403 1826/1296/2363
f 1900/1358/2437 2032/1430/2565 2056/1452/2592
f 1897/1357/2436 1739/1248/2279 1742/1249/2280
f 2001/1412/2536 1937/1377/2470 1974/1353/2509
f 1937/1377/2470 1935/1379/2472 1974/1353/2509
f 2108/1485/2642 2098/1479/2632 2111/1485/2643
f 2098/1479/2632 1867/1337/2407 2111/1485/2643
f 2098/1479/2632 2109/1479/2641 2097/1480/2633
f 2097/1480/2633 2109/1479/2641 2137/1480/2670
f 2121/1489/2654 1702/1204/2239 2078/1466/2612
f 1725/1225/2263 2080/1468/2614 2081/1467/2613
f 1750/1259/2290 1747/1257/2288 1753/1260/2291
f 1747/1257/2288 1748/1256/2287 1753/1260/2291
f 1844/1325/2385 1933/1355/2469 2138/1495/2671
f 1933/1355/2469 2133/1492/2666 2138/1495/2671
f 2084/1468/2616 1684/1225/2224 2083/1467/2617
f 1665/1204/2202 2122/1489/2655 2085/1466/2619
f 1977/1318/2512 1801/1308/2342 2139/1319/2672
f 2100/1481/2634 2053/1378/2589 1942/1379/2477
f 2053/1378/2589 2054/1377/2588 1942/1379/2477
f 2071/1460/2605 1787/1293/2324 2073/1461/2606
f 1787/1293/2324 2088/1472/2622 2073/1461/2606
f 2039/1437/2572 2087/1471/2621 2059/1453/2594
f 2031/1431/2566 1756/1262/2293 2086/1470/2620
f 1756/1262/2293 1754/1264/2295 2086/1470/2620
f 1761/1269/2300 1762/1268/2299 2077/1465/2611
f 2142/1496/2673 2141/1497/2674 2140/1498/2675
f 1735/1245/2276 2143/1499/2676 1737/1243/2274
f 2092/1475/2625 1770/1278/2309 2036/1436/2571
f 1770/1278/2309 2034/1434/2569 2036/1436/2571
f 2128/1479/2661 2129/1480/2663 2144/1480/2677
f 2027/1426/2561 2037/1439/2574 2026/1427/2562
f 2120/1488/2653 1701/1205/2240 2121/1489/2654
f 1701/1205/2240 1702/1204/2239 2121/1489/2654
f 1665/1204/2202 1663/1205/2204 2122/1489/2655
f 1663/1205/2204 2123/1488/2656 2122/1489/2655
f 2070/1459/2604 2112/1459/2645 1827/1297/2367
f 2112/1459/2645 1868/1297/2406 1827/1297/2367
f 2069/1297/2603 2117/1459/2649 1792/1297/2330
f 2117/1459/2649 2068/1459/2602 1792/1297/2330
f 1851/1331/2391 2103/1483/2637 2050/1330/2584
f 1896/1323/2434 1895/1356/2435 2102/1326/2636
f 1864/1340/2405 1991/1340/2511 1866/1338/2403
f 1999/1409/2533 1998/1410/2534 1767/1275/2306
f 1978/1396/2513 1690/1230/2229 2119/1241/2652
f 1690/1230/2229 2021/1242/2556 2119/1241/2652
f 1732/1242/2273 1729/1230/2270 1734/1241/2271
f 1729/1230/2270 1982/1396/2517 1734/1241/2271
f 2146/1403/2678 1976/1340/2511 2145/1403/2679
f 1991/1340/2511 1864/1340/2405 1990/1403/2525
f 1864/1340/2405 2002/1339/2537 1990/1403/2525
f 1860/1339/2401 1975/1340/2510 2146/1403/2678
f 1975/1340/2510 1976/1340/2511 2146/1403/2678
f 1769/1279/2310 1772/1281/2312 1771/1277/2308
f 2032/1430/2565 1898/1360/2439 2031/1431/2566
f 1898/1360/2439 2052/1450/2587 2031/1431/2566
f 1937/1377/2470 1940/1381/2476 1936/1378/2471
f 1940/1381/2476 2113/1487/2647 1936/1378/2471
f 1846/1323/2383 1939/1356/2474 1938/1332/2473
f 2126/1479/2659 1860/1339/2401 2130/1478/2662
f 1860/1339/2401 2146/1403/2678 2130/1478/2662
f 1990/1403/2525 2002/1339/2537 2099/1478/2631
f 2002/1339/2537 2098/1479/2632 2099/1478/2631
f 1941/1380/2475 1858/1335/2397 2124/1336/2657
f 1858/1335/2397 1859/1334/2396 2124/1336/2657
f 2124/1336/2657 1859/1334/2396 2051/1333/2586
f 1859/1334/2396 1851/1331/2391 2051/1333/2586
f 2136/1494/2669 1892/1355/2433 2147/1495/2680
f 1892/1355/2433 1961/1325/2496 2147/1495/2680
f 2132/1491/2665 1784/1292/2323 2148/1500/2681
f 2134/1493/2667 1870/1240/2409 1680/1219/2218
f 1870/1240/2409 1679/1220/2219 1680/1219/2218
f 1719/1220/2259 1718/1240/2257 1720/1219/2258
f 1718/1240/2257 2135/1493/2668 1720/1219/2258
f 1940/1381/2476 1941/1380/2475 2054/1377/2588
f 1941/1380/2475 2124/1336/2657 2054/1377/2588
f 2094/1458/2628 1927/1376/2464 2149/1501/2682
f 1927/1376/2464 2095/1464/2629 2149/1501/2682
f 2076/1464/2610 1954/1376/2488 2150/1501/2683
f 1954/1376/2488 2064/1458/2598 2150/1501/2683
f 1760/1270/2301 2033/1433/2568 1762/1268/2299
f 1787/1293/2324 1785/1295/2326 2088/1472/2622
f 2027/1426/2561 2028/1429/2564 2087/1471/2621
f 1784/1292/2323 1783/1289/2320 1960/1389/2495
f 1783/1289/2320 1781/1291/2322 1960/1389/2495
f 1735/1245/2276 2142/1496/2673 2143/1499/2676
f 2142/1496/2673 1735/1245/2276 2141/1497/2674
